﻿Gesamt;AnzahlKHges;StufeSort;AnteilKH
bis 49 Betten;162;001 bis 049 Betten;1
50 bis 99 Betten;199;050 bis 099 Betten;1
100 bis 149 Betten;206;100 bis 149 Betten;1
150 bis 199 Betten;167;150 bis 199 Betten;1
200 bis 249 Betten;129;200 bis 249 Betten;1
250 bis 299 Betten;100;250 bis 299 Betten;1
300 bis 399 Betten;175;300 bis 399 Betten;1
400 bis 499 Betten;121;400 bis 499 Betten;1
500 bis 599 Betten;81;500 bis 599 Betten;1
600 bis 799 Betten;71;600 bis 799 Betten;1
800 bis 999 Betten;32;800 bis 999 Betten;1
1000 Betten und mehr;51;ab 1000 Betten;1
