﻿DRG;name;Relativgewicht;AnzahlHA;AntAnGesFallzahl
P67D;Neugeborener Einling, Aufnahmegewicht > 2499 g ohne OR-Prozedur, ohne Beatmung > 95 Stunden, ohne schweres Problem, ohne anderes Problem oder ein Belegungstag;0,244;558756;0,0309
G67C;Ösophagitis, Gastroenteritis, gastrointestinale Blutung, Ulkuserkrankung und verschiedene Erkrankungen der Verdauungsorgane ohne komplexe Prozedur, ohne komplexe Diagnose, ohne äußerst schwere CC;0,444;485383;0,0269
O60D;Vaginale Entbindung ohne komplizierende Diagnose;0,54;332140;0,0184
F62B;Herzinsuffizienz und Schock ohne äußerst schwere CC oder ohne Dialyse, ohne komplizierende Diagnose;0,879;330578;0,0183
I68D;Nicht operativ behandelte Erkrankungen und Verletzungen im Wirbelsäulenbereich, mehr als ein Belegungstag, oder andere Femurfraktur;0,61;314748;0,0174
F71B;Nicht schwere kardiale Arrhythmie und Erregungsleitungsstörungen ohne äußerst schwere CC, ohne kathetergestützte elektrophysiologische Untersuchung des Herzens;0,508;271770;0,015
G67B;Ösophagitis, Gastroenteritis, gastrointestinale Blutung, Ulkuserkrankung und verschiedene Erkrankungen der Verdauungsorgane mit komplexer Diagnose oder äußerst schweren CC oder Alter < 3 Jahre oder > 74 Jahre oder schweren CC bei bestimmter Diagnose;0,576;244208;0,0135
E77I;Infektionen und Entzündungen der Atmungsorgane ohne komplexe Diagnose, ohne äußerst schwere CC, Alter > 0 Jahre, außer bei Para- / Tetraplegie, ohne Komplexbehandlung bei multiresistenten Erregern;0,769;235678;0,013
B80Z;Andere Kopfverletzungen;0,335;223494;0,0124
F67D;Hypertonie ohne komplizierende Diagnose, ohne äußerst schwere oder schwere CC, Alter > 15 Jahre;0,485;218002;0,0121
F49G;Invasive kardiologische Diagnostik außer bei akutem Myokardinfarkt, ohne äußerst schwere CC, Alter > 14 Jahre, ohne kardiales Mapping, ohne schwere CC, ohne komplexe Diagnose, ohne bestimmten Eingriff;0,665;207143;0,0115
F73Z;Synkope und Kollaps;0,525;184476;0,0102
I47B;Revision oder Ersatz des Hüftgelenkes ohne komplizierende Diagnose, ohne Arthrodese, ohne äußerst schwere CC, Alter > 15 Jahre, ohne komplizierenden Eingriff;2,24;172744;0,0096
G24B;Eingriffe bei Hernien, ohne plastische Rekonstruktion der Bauchwand;0,787;170093;0,0094
J65Z;Verletzung der Haut, Unterhaut und Mamma;0,394;152989;0,0085
H08B;Laparoskopische Cholezystektomie ohne sehr komplexe Diagnose, ohne komplizierende Diagnose;0,887;148906;0,0082
O65C;Andere vorgeburtliche stationäre Aufnahme ohne äußerst schwere oder schwere CC, ohne komplexe Diagnose, ohne best. Placenta praevia oder ohne schwere CC, Schwangerschaftsdauer bis 25 oder mehr als 33 vollendete Wochen;0,374;147326;0,0082
K62B;Verschiedene Stoffwechselerkrankungen außer bei Para- / Tetraplegie, ohne komplizierende Diagnose, ohne endoskopische Einlage eines Magenballons, ohne äußerst schwere CC;0,618;144327;0,008
E65C;Chronisch-obstruktive Atemwegserkrankung ohne äußerst schwere CC, ohne starre Bronchoskopie, ohne komplizierende Diagnose, ohne FEV1 < 35%, Alter > 0 Jahre;0,733;142076;0,0079
E71C;Neubildungen der Atmungsorgane, ohne äußerst schwere CC oder ein Belegungstag, ohne Bronchoskopie, ohne bestimmte Lungenbiopsie;0,616;133111;0,0074
