﻿viersteller;vierstellername;AnzahlHA;Anzahl KH;mwNennungenKH;antKHTop10Prozent;antKHTop20Prozent;antKHTop30Prozent;antKHTop40Prozent;antKHTop50Prozent
5-010;Schädeleröffnung über die Kalotte;70667;305;231,6951;0,4597;0,6881;0,8346;0,9205;0,9717
5-011;Zugang durch die Schädelbasis;4223;190;22,2263;0,5172;0,7049;0,8136;0,8816;0,9318
5-012;Inzision der Schädelknochen [Kraniotomie und Kraniektomie];7372;264;27,9242;0,3915;0,6085;0,7595;0,8629;0,9269
5-013;Inzision von Gehirn und Hirnhäuten;21955;262;83,7977;0,3441;0,5582;0,7171;0,8337;0,91
5-014;Stereotaktische Operationen an Schädel, Gehirn und Hirnhäuten;1690;91;18,5714;0,587;0,7899;0,8923;0,9379;0,9615
5-015;Exzision und Destruktion von erkranktem intrakraniellem Gewebe;21105;199;106,0553;0,3823;0,5865;0,7324;0,8305;0,8989
5-016;Exzision und Destruktion von erkranktem Gewebe der Schädelknochen;2558;235;10,8851;0,4695;0,6583;0,7776;0,8585;0,9113
5-017;Inzision, Resektion und Destruktion an intrakraniellen Anteilen von Hirnnerven und Ganglien;1560;130;12,00;0,4673;0,6679;0,7904;0,8647;0,9103
5-018;Mikrovaskuläre Dekompression von intrakraniellen Nerven;772;117;6,5983;0,3679;0,5492;0,7021;0,7992;0,8705
5-020;Kranioplastik;9926;229;43,345;0,455;0,6557;0,7901;0,8747;0,9289
5-021;Rekonstruktion der Hirnhäute;32366;323;100,2043;0,4921;0,7384;0,8777;0,9484;0,982
5-022;Inzision am Liquorsystem;14434;274;52,6788;0,4204;0,6472;0,798;0,893;0,9461
5-023;Anlegen eines Liquorshuntes [Shunt-Implantation];6843;230;29,7522;0,3779;0,5895;0,7324;0,8349;0,9059
5-024;Revision und Entfernung von Liquorableitungen;10007;253;39,5534;0,4855;0,687;0,8082;0,8894;0,94
5-025;Inzision, Exzision, Destruktion und Verschluss von intrakraniellen Blutgefäßen;4145;175;23,6857;0,371;0,5742;0,725;0,8241;0,9025
5-026;Rekonstruktion von intrakraniellen Blutgefäßen;214;75;2,8533;0,4393;0,5841;0,7103;0,7804;0,8271
5-027;Anlegen eines Bypasses und Transposition von intrakraniellen Blutgefäßen;177;23;7,6957;0,6102;0,8023;0,8418;0,8757;0,9153
5-028;Funktionelle Eingriffe an Schädel, Gehirn und Hirnhäuten;2282;92;24,8043;0,4855;0,7213;0,8523;0,9303;0,9684
5-029;Andere Operationen an Schädel, Gehirn und Hirnhäuten;6336;208;30,4615;0,4888;0,7161;0,8408;0,9088;0,9492
5-030;Zugang zum kraniozervikalen Übergang und zur Halswirbelsäule;43423;667;65,1019;0,3906;0,5882;0,7269;0,8233;0,8907
5-031;Zugang zur Brustwirbelsäule;26634;674;39,5163;0,4941;0,6984;0,8186;0,8951;0,9415
5-032;Zugang zur Lendenwirbelsäule, zum Os sacrum und zum Os coccygis;280296;881;318,1566;0,4059;0,6118;0,7485;0,8465;0,9139
5-033;Inzision des Spinalkanals;31883;618;51,5906;0,5531;0,7485;0,8524;0,9144;0,9515
5-034;Inzision von Rückenmark und Rückenmarkhäuten;1344;234;5,7436;0,5967;0,724;0,8051;0,8631;0,8973
5-035;Exzision und Destruktion von erkranktem Gewebe des Rückenmarkes und der Rückenmarkhäute;7093;410;17,30;0,4468;0,6504;0,7856;0,8679;0,9208
5-036;Plastische Operationen an Rückenmark und Rückenmarkhäuten;16601;591;28,0897;0,4195;0,6262;0,7627;0,8504;0,9134
5-037;Operationen an intraspinalen Blutgefäßen;1789;134;13,3507;0,7619;0,8843;0,9262;0,9469;0,9614
5-038;Operationen am spinalen Liquorsystem;11400;374;30,4813;0,5196;0,7222;0,8425;0,916;0,9551
5-039;Andere Operationen an Rückenmark und Rückenmarkstrukturen;11742;412;28,50;0,6294;0,7943;0,8763;0,9236;0,9522
5-040;Inzision von Nerven;1894;289;6,5536;0,7355;0,8178;0,8627;0,8933;0,924
5-041;Exzision und Destruktion von erkranktem Gewebe von Nerven;9980;823;12,1264;0,5331;0,7108;0,8112;0,8769;0,9205
5-042;Exzision eines Nerven zur Transplantation;717;181;3,9613;0,5202;0,6625;0,7517;0,8103;0,8633
5-043;Sympathektomie;819;106;7,7264;0,7106;0,8034;0,8559;0,8926;0,9194
5-044;Epineurale Naht eines Nerven und Nervenplexus, primär;6162;590;10,4441;0,5312;0,7261;0,8293;0,8867;0,9242
5-045;Interfaszikuläre Naht eines Nerven und Nervenplexus, primär;1362;342;3,9825;0,42;0,5969;0,7151;0,7952;0,8517
5-046;Epineurale Naht eines Nerven und Nervenplexus, sekundär;525;232;2,2629;0,3162;0,4952;0,6114;0,699;0,779
5-047;Interfaszikuläre Naht eines Nerven und Nervenplexus, sekundär;159;76;2,0921;0,434;0,5597;0,6604;0,7107;0,761
5-048;Epineurale Naht eines Nerven und Nervenplexus mit Transplantation;385;134;2,8731;0,4649;0,613;0,7065;0,7792;0,826
5-049;Interfaszikuläre Naht eines Nerven und Nervenplexus mit Transplantation;282;93;3,0323;0,50;0,6312;0,7163;0,7801;0,8369
5-04a;Perkutane Sympathikolyse mit Steuerung durch bildgebende Verfahren;1789;218;8,2064;0,5819;0,744;0,8262;0,8804;0,9173
5-050;Epineurale Naht eines Nerven und Nervenplexus mit Transposition, primär;330;127;2,5984;0,5303;0,6303;0,7091;0,7697;0,8091
5-051;Interfaszikuläre Naht eines Nerven und Nervenplexus mit Transposition, primär;63;40;1,575;0,3333;0,4762;0,5556;0,619;0,6825
5-052;Epineurale Naht eines Nerven und Nervenplexus mit Transposition, sekundär;54;40;1,35;0,2778;0,4074;0,4815;0,5556;0,6296
5-053;Interfaszikuläre Naht eines Nerven und Nervenplexus mit Transposition, sekundär;65;31;2,0968;0,4769;0,5846;0,6615;0,7077;0,7692
5-054;Epineurale Naht eines Nerven und Nervenplexus mit Transplantation und Transposition;163;92;1,7717;0,3067;0,4356;0,5583;0,6626;0,7178
5-055;Interfaszikuläre Naht eines Nerven und Nervenplexus mit Transplantation und Transposition;99;50;1,98;0,4343;0,5556;0,6465;0,697;0,7475
5-056;Neurolyse und Dekompression eines Nerven;53945;1097;49,175;0,5148;0,7021;0,8109;0,8789;0,9228
5-057;Neurolyse und Dekompression eines Nerven mit Transposition;4570;541;8,4473;0,6551;0,7888;0,8551;0,8965;0,9263
5-058;Andere Rekonstruktion eines Nerven und Nervenplexus;396;139;2,8489;0,4419;0,5934;0,6995;0,7702;0,8258
5-059;Andere Operationen an Nerven und Ganglien;9549;490;19,4878;0,5041;0,6936;0,8025;0,8764;0,9259
5-060;Inzision im Gebiet der Schilddrüse;2005;522;3,841;0,4224;0,5915;0,7047;0,785;0,8414
5-061;Hemithyreoidektomie;23455;903;25,9745;0,5164;0,6813;0,7839;0,8554;0,9076
5-062;Andere partielle Schilddrüsenresektion;12414;868;14,3018;0,4898;0,6498;0,7549;0,8333;0,8889
5-063;Thyreoidektomie;37313;896;41,644;0,5377;0,6962;0,7974;0,8664;0,9173
5-064;Operationen an der Schilddrüse durch Sternotomie;187;113;1,6549;0,3102;0,4492;0,5668;0,6364;0,7005
5-065;Exzision des Ductus thyreoglossus;2015;271;7,4354;0,3792;0,5727;0,7087;0,8069;0,8789
5-066;Partielle Nebenschilddrüsenresektion;2141;323;6,6285;0,6319;0,7641;0,8333;0,8804;0,9141
5-067;Parathyreoidektomie;4750;476;9,979;0,5688;0,7337;0,8242;0,8771;0,9175
5-068;Operationen an der Nebenschilddrüse durch Sternotomie;32;24;1,3333;0,25;0,4063;0,4688;0,5625;0,625
5-069;Andere Operationen an Schilddrüse und Nebenschilddrüsen;70140;906;77,4172;0,5264;0,6908;0,7952;0,8634;0,9135
5-070;Exploration der (Umgebung der) Nebenniere;58;49;1,1837;0,2241;0,3276;0,4138;0,50;0,5862
5-071;Partielle Adrenalektomie;632;269;2,3494;0,3797;0,5364;0,6297;0,7152;0,788
5-072;Adrenalektomie;3310;497;6,66;0,4598;0,6257;0,7432;0,826;0,8801
5-073;Andere Operationen an der Nebenniere;141;87;1,6207;0,3404;0,4681;0,5674;0,6312;0,695
5-074;Exzision und Resektion von erkranktem Gewebe des Corpus pineale;27;19;1,4211;0,2593;0,4074;0,5185;0,5926;0,6667
5-075;Exzision und Resektion von erkranktem Gewebe der Hypophyse;2783;132;21,0833;0,4258;0,5958;0,7115;0,7948;0,8638
5-076;Andere Operationen an der Hypophyse;32;22;1,4545;0,2188;0,375;0,5313;0,5938;0,6563
5-077;Exzision und Resektion des Thymus;1789;236;7,5805;0,6356;0,7574;0,8357;0,886;0,9206
5-078;Andere Operationen am Thymus;20;15;1,3333;0,30;0,40;0,50;0,55;0,65
5-079;Operationen an anderen endokrinen Drüsen;0;0;NULL;NULL;NULL;NULL;NULL;NULL
5-080;Inzision der Tränendrüse;16;15;1,0667;0,1875;0,25;0,375;0,4375;0,5625
5-081;Exzision von (erkranktem) Gewebe der Tränendrüse;82;50;1,64;0,3293;0,4512;0,5732;0,6341;0,6951
5-082;Andere Operationen an der Tränendrüse;60;16;3,75;0,5833;0,65;0,7833;0,8333;0,8667
5-084;Inzision von Tränensack und sonstigen Tränenwegen;661;109;6,0642;0,3359;0,5295;0,6672;0,7685;0,8381
5-085;Exzision von erkranktem Gewebe an Tränensack und sonstigen Tränenwegen;276;83;3,3253;0,3949;0,5833;0,6848;0,7681;0,8333
5-086;Rekonstruktion des Tränenkanals und Tränenpunktes;3149;126;24,9921;0,6843;0,8161;0,8898;0,9311;0,959
5-087;Dakryozystorhinostomie;2371;156;15,1987;0,4302;0,6149;0,7474;0,8309;0,8929
5-088;Andere Rekonstruktion der Tränenwege;1708;98;17,4286;0,774;0,8753;0,911;0,9362;0,9561
5-089;Andere Operationen an den Tränenwegen;390;77;5,0649;0,6179;0,7077;0,7821;0,8436;0,8846
5-090;Inzision des (erkrankten) Augenlides;661;170;3,8882;0,3707;0,5764;0,711;0,8003;0,8548
5-091;Exzision und Destruktion von (erkranktem) Gewebe des Augenlides;11640;304;38,2895;0,5158;0,7546;0,8882;0,9552;0,9756
5-092;Operationen an Kanthus und Epikanthus;3692;202;18,2772;0,5688;0,7576;0,8638;0,9193;0,9518
5-093;Korrekturoperation bei Entropium und Ektropium;7623;178;42,8258;0,4989;0,6891;0,8072;0,8884;0,9427
5-094;Korrekturoperation bei Blepharoptosis;3777;134;28,1866;0,4578;0,6709;0,7789;0,8589;0,9142
5-095;Naht des Augenlides;3716;265;14,0226;0,4995;0,7118;0,852;0,9247;0,9572
5-096;Andere Rekonstruktion der Augenlider;11628;259;44,8958;0,6016;0,7841;0,8904;0,9483;0,974
5-097;Blepharoplastik;5731;250;22,924;0,6753;0,8205;0,8868;0,9309;0,9571
5-098;Vertikale Lidverlängerung;475;60;7,9167;0,6168;0,7474;0,8295;0,8863;0,9179
5-099;Andere Operationen am Augenlid;672;133;5,0526;0,3899;0,5774;0,7024;0,7887;0,8557
5-10a;Verstärkende Eingriffe an einem geraden Augenmuskel;2023;85;23,80;0,5269;0,7202;0,8606;0,9105;0,9456
5-10b;Schwächende Eingriffe an einem geraden Augenmuskel;2414;87;27,7471;0,5224;0,7001;0,8442;0,9076;0,9449
5-10c;Chirurgie der Abrollstrecke (Faden-Operation, Myopexie);222;32;6,9375;0,3874;0,5631;0,7252;0,8108;0,8694
5-10d;Transposition eines geraden Augenmuskels;124;32;3,875;0,379;0,5806;0,7661;0,8306;0,871
5-10e;Andere Operationen an den geraden Augenmuskeln;1322;89;14,8539;0,5711;0,7496;0,8517;0,9107;0,9463
5-10f;Verstärkende Eingriffe an einem schrägen Augenmuskel;187;40;4,675;0,385;0,5722;0,7005;0,7968;0,8663
5-10g;Schwächende Eingriffe an einem schrägen Augenmuskel;852;55;15,4909;0,5399;0,6948;0,8028;0,8697;0,9143
5-10h;Transposition eines schrägen Augenmuskels;44;19;2,3158;0,2727;0,4545;0,6136;0,7045;0,7955
5-10j;Andere Operationen an den schrägen Augenmuskeln;576;36;16,00;0,8108;0,8854;0,9236;0,9444;0,9618
5-10k;Kombinierte Operationen an den Augenmuskeln;6790;93;73,0108;0,5001;0,6987;0,8044;0,8728;0,9333
5-10m;Andere Operationen an den Augenmuskeln;43;23;1,8696;0,2791;0,4651;0,5581;0,6512;0,7442
5-110;Operative Entfernung eines Fremdkörpers aus der Konjunktiva;148;60;2,4667;0,3108;0,4527;0,5743;0,6757;0,7568
5-112;Exzision und Destruktion von (erkranktem) Gewebe der Konjunktiva;2243;115;19,5043;0,42;0,605;0,7347;0,8194;0,8845
5-113;Konjunktivaplastik;1179;104;11,3365;0,4368;0,6353;0,7668;0,8482;0,9016
5-114;Lösung von Adhäsionen zwischen Konjunktiva und Augenlid;252;59;4,2712;0,5357;0,6746;0,7619;0,8214;0,869
5-115;Naht der Konjunktiva;4190;121;34,6281;0,6229;0,7387;0,8169;0,8733;0,9165
5-119;Andere Operationen an der Konjunktiva;327;81;4,037;0,4037;0,578;0,685;0,7584;0,8349
5-120;Operative Entfernung eines Fremdkörpers aus der Kornea;391;85;4,60;0,3657;0,5141;0,6522;0,7519;0,8338
5-121;Inzision der Kornea;212;36;5,8889;0,7642;0,816;0,8585;0,8868;0,9151
5-122;Operationen bei Pterygium;2487;112;22,2054;0,3349;0,5175;0,659;0,7648;0,8492
5-123;Exzision und Destruktion von (erkranktem) Gewebe der Kornea;4778;118;40,4915;0,4521;0,6666;0,7861;0,869;0,9257
5-124;Naht der Kornea;3706;118;31,4068;0,3929;0,5747;0,6943;0,7868;0,8578
5-125;Hornhauttransplantation und Keratoprothetik;7235;93;77,7957;0,4752;0,694;0,8126;0,8831;0,9287
5-126;Refraktive Keratoplastik und andere Rekonstruktion der Kornea;345;46;7,50;0,6812;0,7913;0,8551;0,8899;0,9217
5-129;Andere Operationen an der Kornea;6128;119;51,4958;0,351;0,5806;0,7343;0,8329;0,9005
5-130;Operative Entfernung eines Fremdkörpers aus der vorderen Augenkammer;111;60;1,85;0,2432;0,4054;0,5315;0,6396;0,7297
5-131;Senkung des Augeninnendruckes durch filtrierende Operationen;13131;118;111,2797;0,3885;0,5872;0,7127;0,8082;0,885
5-132;Senkung des Augeninnendruckes durch Operationen am Corpus ciliare;9408;120;78,40;0,2983;0,4797;0,6177;0,7287;0,8176
5-133;Senkung des Augeninnendruckes durch Verbesserung der Kammerwasserzirkulation;11076;123;90,0488;0,379;0,5906;0,71;0,8028;0,8784
5-134;Senkung des Augeninnendruckes durch nicht filtrierende Operationen;2385;68;35,0735;0,514;0,6843;0,7912;0,8679;0,9157
5-135;Exzision und Destruktion von erkranktem Gewebe an Iris, Corpus ciliare und Sklera;276;76;3,6316;0,4746;0,5978;0,7029;0,779;0,8406
5-136;Andere Iridektomie und Iridotomie;2468;112;22,0357;0,517;0,6657;0,782;0,8541;0,906
5-137;Andere Operationen an der Iris;10562;119;88,7563;0,3261;0,4962;0,635;0,7462;0,8279
5-138;Operationen an der Sklera;2858;112;25,5179;0,5913;0,6984;0,7827;0,8425;0,8891
5-139;Andere Operationen an Sklera, vorderer Augenkammer, Iris und Corpus ciliare;33419;120;278,4917;0,414;0,6088;0,7244;0,8125;0,8797
5-140;Entfernung eines Fremdkörpers aus der Augenlinse;24;19;1,2632;0,1667;0,3333;0,4583;0,5417;0,625
5-142;Kapsulotomie der Linse;6408;122;52,5246;0,3978;0,5651;0,7107;0,811;0,8816
5-143;Intrakapsuläre Extraktion der Linse;540;93;5,8065;0,4889;0,6241;0,7148;0,7889;0,85
5-144;Extrakapsuläre Extraktion der Linse [ECCE];98775;148;667,3986;0,3027;0,4766;0,6112;0,7292;0,8268
5-145;Andere Linsenextraktionen;2051;115;17,8348;0,3189;0,5071;0,6597;0,7655;0,8513
5-146;(Sekundäre) Einführung und Wechsel einer alloplastischen Linse;4029;118;34,1441;0,277;0,4686;0,5964;0,7041;0,794
5-147;Revision und Entfernung einer alloplastischen Linse;2243;116;19,3362;0,2893;0,4588;0,6054;0,7107;0,8016
5-149;Andere Operationen an der Linse;8803;120;73,3583;0,805;0,8823;0,9242;0,9499;0,9674
5-150;Entfernung eines Fremdkörpers aus dem hinteren Augenabschnitt;163;71;2,2958;0,2761;0,454;0,5828;0,6687;0,7669
5-152;Fixation der Netzhaut durch eindellende Operationen;6062;110;55,1091;0,4946;0,6915;0,8063;0,884;0,9327
5-153;Revision, Wechsel und Entfernung einer Cerclage oder Plombe, die zur Fixation der Netzhaut angelegt wurde;632;91;6,9451;0,3354;0,5443;0,6962;0,7832;0,856
5-154;Andere Operationen zur Fixation der Netzhaut;51067;134;381,097;0,3161;0,5225;0,6651;0,7825;0,866
5-155;Destruktion von erkranktem Gewebe an Retina und Choroidea;16708;148;112,8919;0,4051;0,5907;0,7219;0,8319;0,9108
5-156;Andere Operationen an der Retina;32943;150;219,62;0,4293;0,6147;0,7513;0,8455;0,916
5-157;Andere Operationen an der Choroidea;1585;84;18,869;0,6069;0,7722;0,8562;0,906;0,9388
5-158;Pars-plana-Vitrektomie;61821;128;482,9766;0,265;0,452;0,5982;0,7184;0,8105
5-159;Vitrektomie über anderen Zugang und andere Operationen am Corpus vitreum;32115;125;256,92;0,4041;0,6099;0,758;0,8551;0,9215
5-160;Orbitotomie;4650;180;25,8333;0,5484;0,7613;0,8669;0,9254;0,9581
5-161;Entfernung eines Fremdkörpers aus Orbita und Augapfel, n.n.bez.;181;79;2,2911;0,326;0,4807;0,6022;0,6906;0,779
5-162;Entfernung des Augeninhaltes [Eviszeration];187;47;3,9787;0,3476;0,492;0,6364;0,7433;0,8235
5-163;Entfernung des Augapfels [Enukleation];1215;108;11,25;0,4749;0,6239;0,7226;0,8066;0,8708
5-164;Andere Exzision, Destruktion und Exenteration der Orbita und Orbitainnenhaut;1108;143;7,7483;0,4648;0,6724;0,7726;0,8475;0,9061
5-165;Sekundäre Einführung, Revision und Entfernung eines Orbitaimplantates;280;78;3,5897;0,4643;0,625;0,7107;0,7786;0,8357
5-166;Revision und Rekonstruktion von Orbita und Augapfel;1806;158;11,4304;0,5692;0,7475;0,8455;0,9037;0,9374
5-167;Rekonstruktion der Orbitawand;1027;139;7,3885;0,4469;0,6465;0,7644;0,8403;0,8939
5-168;Operationen am N. opticus;263;67;3,9254;0,3612;0,5437;0,6768;0,7757;0,8365
5-169;Andere Operationen an Orbita, Auge und Augapfel;2768;174;15,908;0,7092;0,8353;0,8934;0,9306;0,9552
5-180;Inzision am äußeren Ohr;2102;218;9,6422;0,8007;0,8559;0,892;0,9215;0,9424
5-181;Exzision und Destruktion von erkranktem Gewebe des äußeren Ohres;11878;441;26,9342;0,5568;0,7617;0,8822;0,944;0,9706
5-182;Resektion der Ohrmuschel;2471;301;8,2093;0,4063;0,6176;0,7438;0,8337;0,894
5-183;Wundversorgung am äußeren Ohr;1536;435;3,531;0,3809;0,5677;0,6882;0,7702;0,8275
5-184;Plastische Korrektur abstehender Ohren;1677;252;6,6548;0,3971;0,5844;0,7156;0,8014;0,8629
5-185;Konstruktion und Rekonstruktion des äußeren Gehörganges;8697;197;44,1472;0,4837;0,6467;0,7677;0,851;0,9069
5-186;Plastische Rekonstruktion von Teilen der Ohrmuschel;2073;256;8,0977;0,5113;0,6874;0,7926;0,8548;0,9021
5-187;Plastische Rekonstruktion der gesamten Ohrmuschel;401;107;3,7477;0,6584;0,7307;0,7855;0,8404;0,8678
5-188;Andere Rekonstruktion des äußeren Ohres;622;172;3,6163;0,50;0,6367;0,7299;0,8006;0,8553
5-189;Andere Operationen am äußeren Ohr;11086;233;47,5794;0,4508;0,6922;0,8265;0,9118;0,9623
5-192;Revision einer Stapedektomie;315;95;3,3158;0,3746;0,5556;0,6889;0,7714;0,8349
5-193;Andere Operationen an den Gehörknöchelchen;559;64;8,7344;0,6887;0,8247;0,8855;0,9195;0,941
5-194;Myringoplastik [Tympanoplastik Typ I];6906;189;36,5397;0,3491;0,5495;0,6852;0,7886;0,8663
5-195;Tympanoplastik (Verschluss einer Trommelfellperforation und Rekonstruktion der Gehörknöchelchen);17658;198;89,1818;0,3245;0,5103;0,6455;0,7589;0,8469
5-197;Stapesplastik;2750;166;16,5663;0,3669;0,5375;0,6745;0,7684;0,8476
5-198;Fensterungsoperation des Promotoriums;26;8;3,25;0,6923;0,7692;0,7692;0,8077;0,8462
5-199;Andere mikrochirurgische Operationen am Mittelohr;496;103;4,8155;0,5464;0,7218;0,8004;0,8427;0,8871
5-200;Parazentese [Myringotomie];37385;361;103,5596;0,3737;0,6103;0,7856;0,9061;0,9728
5-201;Entfernung einer Paukendrainage;1275;185;6,8919;0,3114;0,4847;0,6212;0,7231;0,8078
5-202;Inzision an Warzenfortsatz und Mittelohr;4843;180;26,9056;0,4101;0,5887;0,7101;0,8005;0,8716
5-203;Mastoidektomie;5343;195;27,40;0,4237;0,6131;0,7415;0,8259;0,892
5-204;Rekonstruktion des Mittelohres;5090;178;28,5955;0,4464;0,6322;0,744;0,8338;0,901
5-205;Andere Exzisionen an Mittel- und Innenohr;5119;180;28,4389;0,5286;0,7304;0,8424;0,9041;0,9422
5-208;Inzision [Eröffnung] und Destruktion [Ausschaltung] des Innenohres;416;74;5,6216;0,4832;0,6875;0,7813;0,851;0,8846
5-209;Andere Operationen am Mittel- und Innenohr;10858;184;59,0109;0,4104;0,6203;0,7463;0,8383;0,9048
5-210;Operative Behandlung einer Nasenblutung;12296;730;16,8438;0,559;0,7749;0,8737;0,9215;0,949
5-211;Inzision der Nase;2734;223;12,2601;0,372;0,5501;0,6741;0,7743;0,8617
5-212;Exzision und Destruktion von erkranktem Gewebe der Nase;15186;456;33,3026;0,6547;0,8258;0,9064;0,9532;0,9751
5-213;Resektion der Nase;1202;196;6,1327;0,485;0,6364;0,7512;0,827;0,8827
5-214;Submuköse Resektion und plastische Rekonstruktion des Nasenseptums;56895;307;185,3257;0,3579;0,5647;0,7219;0,8402;0,928
5-215;Operationen an der unteren Nasenmuschel [Concha nasalis];96588;315;306,6286;0,4434;0,6524;0,799;0,8936;0,9591
5-216;Reposition einer Nasenfraktur;7526;405;18,5827;0,4926;0,7058;0,8351;0,9094;0,9508
5-217;Plastische Rekonstruktion der äußeren Nase;7503;339;22,1327;0,5503;0,7382;0,8451;0,9074;0,9446
5-218;Plastische Rekonstruktion der inneren und äußeren Nase [Septorhinoplastik];11282;279;40,4373;0,4452;0,6391;0,783;0,8755;0,9323
5-219;Andere Operationen an der Nase;735;218;3,3716;0,3905;0,60;0,7129;0,7905;0,8503
5-220;Nasennebenhöhlenpunktion;755;128;5,8984;0,5563;0,6927;0,7762;0,8397;0,8861
5-221;Operationen an der Kieferhöhle;23472;272;86,2941;0,4155;0,6077;0,75;0,8491;0,9196
5-222;Operation am Siebbein und an der Keilbeinhöhle;25824;238;108,5042;0,3949;0,5843;0,721;0,8268;0,905
5-223;Operationen an der Stirnhöhle;6585;195;33,7692;0,535;0,706;0,8226;0,8867;0,9317
5-224;Operationen an mehreren Nasennebenhöhlen;25316;241;105,0456;0,3276;0,5314;0,6805;0,7893;0,8777
5-225;Plastische Rekonstruktion der Nasennebenhöhlen;3899;183;21,306;0,4383;0,6894;0,8397;0,911;0,951
5-229;Andere Operationen an den Nasennebenhöhlen;1413;136;10,3897;0,4395;0,6369;0,7672;0,8457;0,9045
5-230;Zahnextraktion;24042;578;41,5952;0,83;0,9417;0,9646;0,9767;0,9842
5-231;Operative Zahnentfernung (durch Osteotomie);22764;318;71,5849;0,5979;0,8666;0,9596;0,979;0,9878
5-232;Zahnsanierung durch Füllung;1595;166;9,6084;0,4821;0,6953;0,8219;0,8828;0,926
5-233;Prothetischer Zahnersatz;200;89;2,2472;0,415;0,55;0,64;0,73;0,78
5-235;Replantation, Transplantation, Implantation und Stabilisierung eines Zahnes;1247;143;8,7203;0,3681;0,6159;0,7658;0,8701;0,9318
5-236;Entfernung eines transplantierten Zahnes;14;11;1,2727;0,1429;0,2857;0,4286;0,50;0,6429
5-237;Wurzelspitzenresektion und Wurzelkanalbehandlung;1660;172;9,6512;0,4072;0,6235;0,7699;0,8693;0,9199
5-240;Inzision des Zahnfleisches und Osteotomie des Alveolarkammes;2883;191;15,0942;0,7027;0,8609;0,9272;0,9507;0,9646
5-241;Gingivaplastik;12638;151;83,6954;0,5612;0,7846;0,9042;0,9693;0,9884
5-242;Andere Operationen am Zahnfleisch;8760;283;30,9541;0,7267;0,8897;0,949;0,9708;0,98
5-243;Exzision einer odontogenen pathologischen Veränderung des Kiefers;5187;182;28,50;0,3889;0,6204;0,7899;0,894;0,9545
5-244;Alveolarkammplastik und Vestibulumplastik;4412;157;28,1019;0,6947;0,8019;0,8806;0,9322;0,9651
5-245;Zahnfreilegung;249;79;3,1519;0,3373;0,5181;0,6466;0,743;0,8072
5-249;Andere Operationen und Maßnahmen an Gebiss, Zahnfleisch und Alveolen;7700;232;33,1897;0,5925;0,8199;0,9266;0,9636;0,9778
5-250;Inzision, Exzision und Destruktion von erkranktem Gewebe der Zunge;4605;227;20,2863;0,337;0,5227;0,6771;0,7885;0,8721
5-251;Partielle Glossektomie;2103;177;11,8814;0,3105;0,4912;0,6438;0,7537;0,8398
5-252;Glossektomie;248;74;3,3514;0,3024;0,5121;0,6331;0,7379;0,8024
5-253;Rekonstruktion der Zunge;1099;284;3,8697;0,3758;0,5787;0,7061;0,7934;0,8499
5-259;Andere Operationen an der Zunge;2678;321;8,3427;0,5213;0,6792;0,7763;0,8443;0,8973
5-260;Inzision und Schlitzung einer Speicheldrüse und eines Speicheldrüsenausführungsganges;1368;190;7,20;0,3501;0,53;0,6689;0,7675;0,8428
5-261;Exzision von erkranktem Gewebe einer Speicheldrüse und eines Speicheldrüsenausführungsganges;2420;240;10,0833;0,3537;0,5616;0,7103;0,8145;0,8826
5-262;Resektion einer Speicheldrüse;14297;255;56,0667;0,3269;0,5335;0,6952;0,8144;0,9039
5-263;Rekonstruktion einer Speicheldrüse und eines Speicheldrüsenausführungsganges;248;87;2,8506;0,4556;0,5968;0,6895;0,7621;0,8266
5-269;Andere Operationen an Speicheldrüse und Speicheldrüsenausführungsgang;2106;124;16,9839;0,6211;0,7873;0,8746;0,9288;0,9554
5-270;Äußere Inzision und Drainage im Mund-, Kiefer- und Gesichtsbereich;8196;436;18,7982;0,6257;0,8552;0,9192;0,9495;0,9653
5-271;Inzision des harten und weichen Gaumens;364;140;2,60;0,2912;0,4478;0,5742;0,6868;0,7637
5-272;Exzision und Destruktion des (erkrankten) harten und weichen Gaumens;3259;221;14,7466;0,2847;0,4793;0,6379;0,7536;0,8447
5-273;Inzision, Exzision und Destruktion in der Mundhöhle;11780;378;31,164;0,5774;0,8369;0,9178;0,9535;0,9737
5-274;Mundbodenplastik;563;126;4,4683;0,3357;0,508;0,6394;0,7407;0,8224
5-275;Palatoplastik;3491;229;15,2445;0,5391;0,733;0,845;0,9012;0,9361
5-276;Plastische Rekonstruktion einer (angeborenen) Lippenspalte und Lippen-Kieferspalte;2076;112;18,5357;0,5154;0,6671;0,7789;0,8622;0,9205
5-277;Resektion des Mundbodens mit plastischer Rekonstruktion;1932;148;13,0541;0,3385;0,5549;0,7029;0,8163;0,8939
5-278;Resektion der Wange mit plastischer Rekonstruktion;903;136;6,6397;0,3389;0,5338;0,68;0,7763;0,8527
5-279;Andere Operationen am Mund;4046;288;14,0486;0,4605;0,7081;0,8376;0,8994;0,937
5-280;Transorale Inzision und Drainage eines pharyngealen oder parapharyngealen Abszesses;5462;220;24,8273;0,4088;0,6327;0,7658;0,8528;0,9129
5-281;Tonsillektomie (ohne Adenotomie);59003;271;217,7232;0,2825;0,4771;0,631;0,7627;0,8721
5-282;Tonsillektomie mit Adenotomie;7832;246;31,8374;0,3635;0,5512;0,6828;0,784;0,8664
5-284;Exzision und Destruktion einer Zungengrundtonsille;1015;141;7,1986;0,4148;0,5961;0,7064;0,7921;0,8601
5-285;Adenotomie (ohne Tonsillektomie);29038;282;102,9716;0,3244;0,5276;0,6968;0,8293;0,917
5-289;Andere Operationen an Gaumen- und Rachenmandeln;7469;254;29,4055;0,3508;0,5338;0,6725;0,7882;0,8764
5-290;Pharyngotomie;287;104;2,7596;0,3484;0,547;0,662;0,7456;0,8153
5-291;Operationen an Kiemengangsresten;1782;272;6,5515;0,312;0,5213;0,6768;0,784;0,8642
5-292;Exzision und Destruktion von erkranktem Gewebe des Pharynx;5306;203;26,1379;0,496;0,6666;0,7808;0,8564;0,915
5-293;Pharyngoplastik;398;108;3,6852;0,3894;0,5704;0,6809;0,7688;0,8317
5-294;Andere Rekonstruktionen des Pharynx;2339;203;11,5222;0,3779;0,5673;0,6965;0,7931;0,8679
5-295;Partielle Resektion des Pharynx [Pharynxteilresektion];1925;162;11,8827;0,3158;0,5096;0,6556;0,7595;0,8353
5-296;Radikale Resektion des Pharynx [Pharyngektomie];466;112;4,1607;0,3777;0,5558;0,6888;0,7747;0,8455
5-299;Andere Operationen am Pharynx;1601;281;5,6975;0,4079;0,594;0,7183;0,8057;0,8707
5-300;Exzision und Destruktion von erkranktem Gewebe des Larynx;19507;272;71,7169;0,35;0,5709;0,743;0,8606;0,934
5-301;Hemilaryngektomie;186;71;2,6197;0,3495;0,5215;0,6344;0,7258;0,8118
5-302;Andere partielle Laryngektomie;3446;175;19,6914;0,3218;0,502;0,6405;0,7414;0,8268
5-303;Laryngektomie;1312;151;8,6887;0,2561;0,439;0,5793;0,6898;0,7866
5-310;Larynxverengende Eingriffe;839;99;8,4747;0,4684;0,6365;0,764;0,8391;0,888
5-311;Temporäre Tracheostomie;37726;1054;35,7932;0,4865;0,6507;0,7563;0,8348;0,8916
5-312;Permanente Tracheostomie;16653;855;19,4772;0,6502;0,8137;0,8836;0,9222;0,9493
5-313;Inzision des Larynx und andere Inzisionen der Trachea;1215;189;6,4286;0,4872;0,6568;0,7597;0,8305;0,8807
5-314;Exzision, Resektion und Destruktion (von erkranktem Gewebe) der Trachea;2040;320;6,375;0,4475;0,627;0,7554;0,8387;0,8946
5-315;Rekonstruktion des Larynx;1147;146;7,8562;0,5205;0,6643;0,7655;0,8309;0,884
5-316;Rekonstruktion der Trachea;7293;490;14,8837;0,5286;0,743;0,8584;0,9165;0,9475
5-319;Andere Operationen an Larynx und Trachea;4779;380;12,5763;0,4886;0,7079;0,8355;0,9012;0,9387
5-320;Exzision und Destruktion von erkranktem Gewebe eines Bronchus;9580;451;21,2417;0,5258;0,7242;0,8366;0,9035;0,9445
5-321;Andere Exzision und Resektion eines Bronchus (ohne Resektion des Lungenparenchyms);233;103;2,2621;0,2704;0,4549;0,5837;0,6738;0,7682
5-322;Atypische Lungenresektion;19481;505;38,5762;0,5057;0,7262;0,8514;0,915;0,9522
5-323;Segmentresektion und Bisegmentresektion der Lunge;3008;303;9,9274;0,4761;0,6639;0,7783;0,8537;0,9066
5-324;Einfache Lobektomie und Bilobektomie der Lunge;9715;339;28,6578;0,4501;0,6599;0,7844;0,8738;0,9284
5-325;Erweiterte Lobektomie und Bilobektomie der Lunge;1937;201;9,6368;0,493;0,6779;0,7821;0,8503;0,9035
5-327;Einfache (Pleuro-)Pneum(on)ektomie;398;155;2,5677;0,3216;0,495;0,6206;0,7111;0,7915
5-328;Erweiterte (Pleuro-)Pneum(on)ektomie;947;175;5,4114;0,4224;0,5861;0,7075;0,7867;0,8511
5-329;Andere Exzisionen an Lunge und Bronchus;43;34;1,2647;0,2326;0,3721;0,4419;0,5349;0,6047
5-330;Inzision eines Bronchus;87;35;2,4857;0,5287;0,6207;0,7126;0,7586;0,8046
5-331;Inzision der Lunge;73;30;2,4333;0,589;0,6712;0,7123;0,7534;0,7945
5-333;Adhäsiolyse an Lunge und Brustwand;16843;492;34,2337;0,6122;0,8051;0,8959;0,9414;0,9662
5-334;Rekonstruktion an Lunge und Bronchien;3151;337;9,3501;0,556;0,7274;0,8239;0,8816;0,92
5-335;Lungentransplantation;298;16;18,625;0,5268;0,6174;0,745;0,7886;0,8658
5-339;Andere Operationen an Lunge und Bronchien;6270;325;19,2923;0,5116;0,7016;0,8182;0,8855;0,9332
5-340;Inzision von Brustwand und Pleura;33448;959;34,878;0,5699;0,7574;0,8512;0,9085;0,9437
5-341;Inzision des Mediastinums;5883;259;22,7143;0,6036;0,8875;0,9444;0,9638;0,9747
5-342;Exzision und Destruktion von erkranktem Gewebe des Mediastinums;2959;339;8,7286;0,5066;0,6887;0,7955;0,8648;0,9128
5-343;Exzision und Destruktion von (erkranktem) Gewebe der Brustwand;6939;689;10,0711;0,5355;0,7098;0,8105;0,8745;0,9179
5-344;Pleurektomie;20249;521;38,8656;0,5731;0,7824;0,8822;0,9328;0,9622
5-345;Pleurodese [Verödung des Pleuraspaltes];10773;702;15,3462;0,5035;0,6867;0,8027;0,8732;0,9208
5-346;Plastische Rekonstruktion der Brustwand;7191;441;16,3061;0,5859;0,7803;0,876;0,9237;0,953
5-347;Operationen am Zwerchfell;4679;596;7,8507;0,5352;0,6991;0,7961;0,86;0,9049
5-349;Andere Operationen am Thorax;15755;534;29,5037;0,585;0,8233;0,9203;0,9546;0,972
5-350;Valvulotomie;388;52;7,4615;0,7809;0,8428;0,8892;0,9149;0,933
5-351;Ersatz von Herzklappen durch Prothese;26613;83;320,6386;0,2493;0,418;0,544;0,648;0,7486
5-352;Wechsel von Herzklappenprothesen;2046;80;25,575;0,3436;0,5059;0,6271;0,7214;0,7977
5-353;Valvuloplastik;15911;81;196,4321;0,3069;0,4836;0,6132;0,7104;0,8003
5-354;Andere Operationen an Herzklappen;10651;81;131,4938;0,386;0,5445;0,6556;0,7471;0,8281
5-355;Herstellung und Vergrößerung eines Septumdefektes des Herzens;288;28;10,2857;0,4063;0,6493;0,7465;0,8507;0,9201
5-356;Plastische Rekonstruktion des Herzseptums bei angeborenen Herzfehlern;4675;81;57,716;0,452;0,6631;0,7861;0,8584;0,9149
5-357;Operationen bei kongenitalen Gefäßanomalien;2061;121;17,0331;0,7545;0,8986;0,9292;0,9486;0,9631
5-358;Operationen bei kongenitalen Klappenanomalien des Herzens;1823;54;33,7593;0,4004;0,6939;0,8195;0,9029;0,9468
5-359;Andere Operationen am Herzen bei kongenitalen Anomalien;1708;43;39,7209;0,4467;0,7389;0,863;0,9508;0,983
5-35a;Minimalinvasive Operationen an Herzklappen;21971;136;161,5515;0,3288;0,5292;0,6929;0,8128;0,9021
5-360;Desobliteration (Endarteriektomie) der Koronararterien;529;60;8,8167;0,4783;0,6541;0,7543;0,8223;0,8771
5-361;Anlegen eines aortokoronaren Bypass;77113;80;963,9125;0,2181;0,3784;0,513;0,6293;0,7314
5-362;Anlegen eines aortokoronaren Bypass durch minimalinvasive Technik;9558;78;122,5385;0,5681;0,8001;0,8837;0,9276;0,9575
5-363;Andere Revaskularisation des Herzens;3160;83;38,0723;0,4778;0,7003;0,8003;0,869;0,9241
5-364;Anwendung eines mechanischen Anastomosensystems bei Operationen an den Koronargefäßen;829;11;75,3636;0,7539;0,8733;0,965;0,9735;0,9867
5-369;Andere Operationen an den Koronargefäßen;622;77;8,0779;0,5514;0,6977;0,7894;0,8537;0,9019
5-370;Perikardiotomie und Kardiotomie;5280;324;16,2963;0,6854;0,8693;0,9256;0,9489;0,9627
5-371;Chirurgische ablative Maßnahmen bei Tachyarrhythmie;4817;78;61,7564;0,4113;0,6126;0,7513;0,852;0,9151
5-372;Exzision und Destruktion von erkranktem Gewebe des Perikardes und Perikardektomie;2167;224;9,6741;0,5598;0,7107;0,8057;0,8726;0,9165
5-373;Exzision und Destruktion von erkranktem Gewebe des Herzens;4559;96;47,4896;0,5016;0,6635;0,785;0,8623;0,9153
5-374;Rekonstruktion des Perikardes und des Herzens;2909;171;17,0117;0,583;0,7415;0,8422;0,9103;0,9477
5-375;Herz- und Herz-Lungen-Transplantation;289;22;13,1364;0,346;0,4983;0,6678;0,7405;0,8062
5-376;Implantation und Entfernung eines herzunterstützenden Systems, offen chirurgisch;2001;82;24,4024;0,5142;0,6952;0,8256;0,8971;0,939
5-377;Implantation eines Herzschrittmachers, Defibrillators und Ereignis-Rekorders;135439;974;139,0544;0,3829;0,5712;0,7043;0,8064;0,8801
5-378;Entfernung, Wechsel und Korrektur eines Herzschrittmachers und Defibrillators;63471;918;69,1405;0,4458;0,6214;0,7402;0,8264;0,8899
5-379;Andere Operationen an Herz und Perikard;16912;224;75,50;0,5589;0,8009;0,9435;0,9844;0,9904
5-37a;Minimalinvasive Rekonstruktion des Perikardes und des Herzens;46;24;1,9167;0,1957;0,3913;0,50;0,6304;0,7174
5-37b;Offen chirurgische Implantation und Entfernung von Kanülen für die Anwendung eines extrakorporalen (herz- und) lungenunterstützenden Systems mit Membranoxygenation;3867;89;43,4494;0,5006;0,6954;0,828;0,8991;0,9413
5-380;Inzision, Embolektomie und Thrombektomie von Blutgefäßen;69323;805;86,1155;0,3843;0,6028;0,757;0,8645;0,9377
5-381;Endarteriektomie;114727;621;184,7456;0,3407;0,5356;0,6792;0,7847;0,8693
5-382;Resektion von Blutgefäßen mit Reanastomosierung;7909;589;13,4278;0,5004;0,6883;0,794;0,8675;0,9143
5-383;Resektion und Ersatz (Interposition) von (Teilen von) Blutgefäßen;7563;581;13,0172;0,4125;0,6084;0,7345;0,8241;0,8887
5-384;Resektion und Ersatz (Interposition) an der Aorta;13372;475;28,1516;0,6204;0,7801;0,8551;0,9011;0,9342
5-385;Unterbindung, Exzision und Stripping von Varizen;131577;928;141,7856;0,6943;0,813;0,8836;0,9284;0,9584
5-386;Andere Exzision von (erkrankten) Blutgefäßen und Transplantatentnahme;19432;671;28,9598;0,4552;0,6651;0,7964;0,8796;0,9338
5-387;Ligatur und Teilverschluss der Vena cava;37;33;1,1212;0,1622;0,2973;0,3784;0,4595;0,5676
5-388;Naht von Blutgefäßen;30826;1009;30,551;0,5152;0,6971;0,8166;0,8911;0,9357
5-389;Anderer operativer Verschluss an Blutgefäßen;11527;930;12,3946;0,5105;0,6741;0,7806;0,8534;0,9041
5-38a;Endovaskuläre Implantation von Stent-Prothesen;16880;453;37,2627;0,4154;0,6052;0,7237;0,8098;0,8762
5-38b;Endoskopische Entnahme von Blutgefäßen zur Transplantation;3731;81;46,0617;0,6282;0,9134;0,9627;0,978;0,9871
5-38c;Offen chirurgische Implantation von nicht großlumigen ungecoverten Stents;6985;413;16,9128;0,4049;0,6228;0,752;0,8377;0,8961
5-38d;Offen chirurgische Implantation von nicht großlumigen gecoverten Stents;2574;308;8,3571;0,5517;0,7102;0,7929;0,8535;0,8963
5-38e;Offen chirurgische Implantation von großlumigen ungecoverten Stents;2442;361;6,7645;0,4464;0,6196;0,7351;0,819;0,8784
5-38f;Offen chirurgische Angioplastie (Ballon);16660;506;32,9249;0,4465;0,6321;0,7526;0,836;0,8984
5-38g;Selektive offene intravasale Lyse;851;202;4,2129;0,3937;0,5958;0,725;0,8085;0,859
5-390;Shuntoperationen zwischen großem und kleinem Kreislauf [Links-Rechts-Shunt];619;56;11,0536;0,5541;0,7593;0,8821;0,9321;0,9548
5-391;Anlegen eines intraabdominalen venösen Shuntes;96;36;2,6667;0,4479;0,5833;0,7083;0,7708;0,8125
5-392;Anlegen eines arteriovenösen Shuntes;21470;570;37,6667;0,4178;0,6071;0,7347;0,8269;0,8933
5-393;Anlegen eines anderen Shuntes und Bypasses an Blutgefäßen;47075;625;75,32;0,3273;0,5163;0,6635;0,773;0,8596
5-394;Revision einer Blutgefäßoperation;49717;705;70,5206;0,3925;0,5939;0,7423;0,8432;0,9155
5-395;Patchplastik an Blutgefäßen;31619;631;50,1094;0,3789;0,5785;0,7149;0,8147;0,8888
5-396;Transposition von Blutgefäßen;1408;276;5,1014;0,5043;0,6697;0,7699;0,8317;0,8793
5-397;Andere plastische Rekonstruktion von Blutgefäßen;5470;432;12,662;0,6846;0,8135;0,8777;0,9159;0,9422
5-398;Operationen am Glomus caroticum und anderen Paraganglien;379;123;3,0813;0,4802;0,6148;0,7098;0,7731;0,8391
5-399;Andere Operationen an Blutgefäßen;139841;1164;120,1383;0,4507;0,6472;0,7738;0,8599;0,917
5-400;Inzision von Lymphknoten und Lymphgefäßen;391;207;1,8889;0,3325;0,4757;0,5831;0,6829;0,7366
5-401;Exzision einzelner Lymphknoten und Lymphgefäße;87877;1055;83,2957;0,4406;0,6585;0,8065;0,894;0,9443
5-402;Regionale Lymphadenektomie (Ausräumung mehrerer Lymphknoten einer Region) als selbständiger Eingriff;14043;853;16,4631;0,4149;0,6125;0,744;0,8334;0,8973
5-403;Radikale zervikale Lymphadenektomie [Neck dissection];21607;498;43,3876;0,5444;0,7766;0,9053;0,9601;0,9786
5-404;Radikale (systematische) Lymphadenektomie als selbständiger Eingriff;7862;681;11,5448;0,4924;0,6671;0,7761;0,8508;0,905
5-405;Operationen am Ductus thoracicus;324;142;2,2817;0,3981;0,5432;0,6358;0,7222;0,7809
5-406;Regionale Lymphadenektomie (Ausräumung mehrerer Lymphknoten einer Region) im Rahmen einer anderen Operation;23274;828;28,1087;0,4603;0,6765;0,8018;0,8787;0,9284
5-407;Radikale (systematische) Lymphadenektomie im Rahmen einer anderen Operation;11423;643;17,7652;0,4594;0,6578;0,7765;0,8558;0,9096
5-408;Andere Operationen am Lymphgefäßsystem;2774;532;5,2143;0,4733;0,6438;0,7509;0,8262;0,8792
5-410;Entnahme von hämatopoetischen Stammzellen aus Knochenmark und peripherem Blut zur Transplantation;4891;134;36,50;0,3883;0,5913;0,7244;0,8395;0,9096
5-411;Transplantation von hämatopoetischen Stammzellen aus dem Knochenmark;615;60;10,25;0,4602;0,6423;0,7805;0,8634;0,9171
5-412;Inzision der Milz;24;24;1,00;0,0833;0,2083;0,2917;0,4167;0,50
5-413;Splenektomie;7643;857;8,9183;0,4299;0,6059;0,7234;0,8103;0,8723
5-418;Andere Operationen am Knochenmark;10;10;1,00;0,10;0,20;0,30;0,40;0,50
5-419;Andere Operationen an der Milz;2341;619;3,7819;0,3379;0,5126;0,6399;0,7381;0,8176
5-420;Inzision des Ösophagus;944;223;4,2332;0,6155;0,7405;0,8019;0,8485;0,8824
5-421;Ösophagostomie als selbständiger Eingriff;88;57;1,5439;0,2727;0,3864;0,5227;0,6136;0,6818
5-422;Lokale Exzision und Destruktion von erkranktem Gewebe des Ösophagus;7357;747;9,8487;0,5747;0,7125;0,8005;0,8611;0,9063
5-423;Partielle Ösophagusresektion ohne Wiederherstellung der Kontinuität;137;82;1,6707;0,2482;0,3942;0,5255;0,6423;0,7007
5-424;Partielle Ösophagusresektion mit Wiederherstellung der Kontinuität;1693;352;4,8097;0,3379;0,5192;0,658;0,7608;0,834
5-425;(Totale) Ösophagektomie ohne Wiederherstellung der Kontinuität;70;49;1,4286;0,2571;0,40;0,5143;0,5857;0,6571
5-426;(Totale) Ösophagektomie mit Wiederherstellung der Kontinuität;1933;238;8,1218;0,5101;0,6544;0,7527;0,8293;0,8852
5-427;Rekonstruktion der Ösophaguspassage (als selbständiger Eingriff);137;86;1,593;0,2628;0,4088;0,5401;0,6204;0,6861
5-428;Rekonstruktion der Ösophaguspassage bei Atresie und Versorgung einer kongenitalen ösophagotrachealen Fistel;220;77;2,8571;0,2955;0,4545;0,5955;0,7045;0,7864
5-429;Andere Operationen am Ösophagus;54171;1034;52,3897;0,4198;0,604;0,7295;0,8177;0,8825
5-430;Gastrotomie;545;339;1,6077;0,2716;0,4239;0,5486;0,6275;0,6899
5-431;Gastrostomie;54426;1235;44,0696;0,4271;0,612;0,7316;0,8147;0,8766
5-432;Operationen am Pylorus;2344;568;4,1268;0,3891;0,5627;0,6822;0,7726;0,8375
5-433;Lokale Exzision und Destruktion von erkranktem Gewebe des Magens;24475;1033;23,6931;0,3187;0,501;0,6379;0,7462;0,8303
5-434;Atypische partielle Magenresektion;7779;713;10,9102;0,6005;0,759;0,8362;0,8873;0,923
5-435;Partielle Magenresektion (2/3-Resektion);2226;699;3,1845;0,283;0,4542;0,584;0,6855;0,7749
5-436;Subtotale Magenresektion (4/5-Resektion);1854;627;2,9569;0,3204;0,4914;0,6165;0,7184;0,788
5-437;(Totale) Gastrektomie;4534;748;6,0615;0,3544;0,5399;0,6612;0,7543;0,8284
5-438;(Totale) Gastrektomie mit subtotaler Ösophagusresektion;309;153;2,0196;0,3172;0,4757;0,5728;0,6699;0,754
5-439;Andere Inzision, Exzision und Resektion am Magen;235;166;1,4157;0,2596;0,3957;0,5064;0,5745;0,6468
5-444;Vagotomie;54;32;1,6875;0,3519;0,4815;0,5926;0,6481;0,7037
5-445;Gastroenterostomie ohne Magenresektion [Bypassverfahren];7466;719;10,3839;0,6623;0,7802;0,8437;0,8886;0,9222
5-447;Revision nach Magenresektion;524;276;1,8986;0,3244;0,4714;0,5782;0,6813;0,7366
5-448;Andere Rekonstruktion am Magen;13680;899;15,2169;0,4564;0,6276;0,7363;0,8155;0,8757
5-449;Andere Operationen am Magen;47916;1066;44,9493;0,3071;0,4825;0,619;0,7275;0,8154
5-450;Inzision des Darmes;4715;882;5,3458;0,3584;0,5326;0,6566;0,7508;0,8246
5-451;Lokale Exzision und Destruktion von erkranktem Gewebe des Dünndarmes;15338;996;15,3996;0,3828;0,5721;0,7013;0,7942;0,8643
5-452;Lokale Exzision und Destruktion von erkranktem Gewebe des Dickdarmes;165963;1109;149,651;0,3285;0,5053;0,6389;0,7459;0,8331
5-453;Ausschaltung eines Darmsegmentes als selbständiger Eingriff (z.B. bei zweizeitigen plastischen Operationen);64;43;1,4884;0,375;0,4688;0,5313;0,5938;0,6719
5-454;Resektion des Dünndarmes;33572;1008;33,3056;0,3277;0,4998;0,6303;0,7355;0,8168
5-455;Partielle Resektion des Dickdarmes;89930;1020;88,1667;0,2641;0,437;0,5727;0,6852;0,7784
5-456;(Totale) Kolektomie und Proktokolektomie;3595;680;5,2868;0,4804;0,6395;0,736;0,8089;0,8656
5-459;Bypass-Anastomose des Darmes;5000;809;6,1805;0,397;0,5674;0,6892;0,7804;0,8504
5-460;Anlegen eines Enterostomas, doppelläufig, als selbständiger Eingriff;10307;954;10,804;0,325;0,5061;0,6413;0,7462;0,8257
5-461;Anlegen eines Enterostomas, endständig, als selbständiger Eingriff;4458;833;5,3517;0,3481;0,5247;0,6525;0,7521;0,8275
5-462;Anlegen eines Enterostomas (als protektive Maßnahme) im Rahmen eines anderen Eingriffes;14371;918;15,6547;0,3694;0,5547;0,686;0,7824;0,8555
5-463;Anlegen anderer Enterostomata;3448;666;5,1772;0,4724;0,6418;0,7436;0,8141;0,8701
5-464;Revision und andere Eingriffe an einem Enterostoma;9439;927;10,1823;0,3454;0,5219;0,6528;0,7518;0,8312
5-465;Rückverlagerung eines doppelläufigen Enterostomas;14696;936;15,7009;0,3606;0,5436;0,6731;0,769;0,8444
5-466;Wiederherstellung der Kontinuität des Darmes bei endständigen Enterostomata;5264;856;6,1495;0,3207;0,4943;0,6297;0,7329;0,8129
5-467;Andere Rekonstruktion des Darmes;24802;1005;24,6786;0,3919;0,5595;0,683;0,776;0,8469
5-468;Intraabdominale Manipulation am Darm;1814;601;3,0183;0,3517;0,5182;0,6378;0,7343;0,8015
5-469;Andere Operationen am Darm;378131;1131;334,3333;0,3024;0,4916;0,634;0,7438;0,832
5-470;Appendektomie;112461;1024;109,8252;0,2477;0,408;0,5406;0,6548;0,7506
5-471;Simultane Appendektomie;17058;951;17,9369;0,3639;0,5459;0,6767;0,7757;0,8527
5-479;Andere Operationen an der Appendix;430;288;1,4931;0,2767;0,414;0,5302;0,5977;0,6651
5-480;Inzision des Rektums;462;246;1,878;0,3766;0,4957;0,6039;0,6797;0,7338
5-482;Peranale lokale Exzision und Destruktion von erkranktem Gewebe des Rektums;22555;1029;21,9193;0,3649;0,5507;0,6841;0,7819;0,8555
5-484;Rektumresektion unter Sphinktererhaltung;29724;971;30,6117;0,3274;0,5071;0,6433;0,7488;0,83
5-485;Rektumresektion ohne Sphinktererhaltung;4216;770;5,4753;0,3038;0,486;0,6222;0,7291;0,8112
5-486;Rekonstruktion des Rektums;5681;803;7,0747;0,4654;0,6335;0,739;0,8162;0,8741
5-489;Andere Operation am Rektum;12721;880;14,4557;0,4002;0,5977;0,7299;0,8208;0,8865
5-490;Inzision und Exzision von Gewebe der Perianalregion;50596;1051;48,1408;0,3273;0,4925;0,6196;0,7217;0,8065
5-491;Operative Behandlung von Analfisteln;28552;995;28,6955;0,451;0,615;0,7311;0,8145;0,8776
5-492;Exzision und Destruktion von erkranktem Gewebe des Analkanals;21664;978;22,1513;0,4496;0,6169;0,7272;0,8088;0,8704
5-493;Operative Behandlung von Hämorrhoiden;47653;1030;46,265;0,3538;0,5264;0,6548;0,7533;0,8297
5-494;Durchtrennung des Sphincter ani [Sphinkterotomie];251;130;1,9308;0,3586;0,4861;0,5896;0,6892;0,741
5-495;Primäre plastische Rekonstruktion bei anorektalen Anomalien;437;149;2,9329;0,3753;0,5469;0,6682;0,7643;0,8307
5-496;Rekonstruktion des Anus und des Sphinkterapparates;4032;542;7,4391;0,5501;0,7121;0,8048;0,8646;0,9048
5-499;Andere Operationen am Anus;5452;736;7,4076;0,5603;0,7021;0,7841;0,8426;0,8883
5-500;Inzision der Leber;1009;452;2,2323;0,3241;0,4757;0,5946;0,6838;0,773
5-501;Lokale Exzision und Destruktion von erkranktem Gewebe der Leber (atypische Leberresektion);17201;930;18,4957;0,4834;0,6495;0,7606;0,8391;0,8947
5-502;Anatomische (typische) Leberresektion;6970;587;11,8739;0,5333;0,6841;0,7842;0,8552;0,9049
5-503;Leberteilresektion und Hepatektomie (zur Transplantation);73;28;2,6071;0,3288;0,5342;0,6164;0,6986;0,7808
5-504;Lebertransplantation;874;23;38,00;0,2288;0,4794;0,6007;0,6957;0,8158
5-505;Rekonstruktion der Leber;3827;670;5,7119;0,4784;0,6384;0,7437;0,8192;0,8727
5-506;Implantation, Wechsel und Entfernung eines Katheterverweilsystems in Leberarterie und Pfortader (zur Chemotherapie);122;29;4,2069;0,6803;0,7951;0,8361;0,8607;0,8852
5-509;Andere Operationen an der Leber;1292;373;3,4638;0,5697;0,6865;0,7616;0,8189;0,856
5-510;Cholezystotomie und Cholezystostomie;468;225;2,08;0,3782;0,515;0,6132;0,7073;0,7607
5-511;Cholezystektomie;198233;1034;191,7147;0,2406;0,4046;0,538;0,6508;0,7467
5-512;Biliodigestive Anastomose (von Ductus hepaticus, Ductus choledochus und Leberparenchym);3470;562;6,1744;0,4983;0,6432;0,747;0,8199;0,8749
5-513;Endoskopische Operationen an den Gallengängen;257574;1022;252,0294;0,3356;0,5156;0,6553;0,7619;0,8436
5-514;Andere Operationen an den Gallengängen;13636;787;17,3266;0,6195;0,76;0,839;0,8933;0,9306
5-515;Exzision und Resektion von erkranktem Gewebe der Gallengänge;1083;329;3,2918;0,4912;0,6408;0,7341;0,795;0,8486
5-516;Andere Rekonstruktion der Gallengänge;1224;489;2,5031;0,3873;0,5335;0,6454;0,7255;0,8007
5-517;Einlegen oder Wechseln von selbstexpandierenden Stents und Stent-Prothesen in die Gallengänge;818;248;3,2984;0,3851;0,5697;0,6895;0,7677;0,8289
5-518;Operationen an Sphincter Oddi und Papilla duodeni major;430;219;1,9635;0,3605;0,5023;0,6047;0,6953;0,7465
5-519;Andere Operationen an Gallenblase und Gallengängen;680;326;2,0859;0,3559;0,5044;0,6132;0,7074;0,7603
5-520;Inzision des Pankreas;300;194;1,5464;0,2933;0,43;0,5467;0,6133;0,6767
5-521;Lokale Exzision und Destruktion von erkranktem Gewebe des Pankreas;1258;426;2,9531;0,3601;0,5215;0,6407;0,7321;0,8005
5-522;Marsupialisation einer Pankreaszyste;36;34;1,0588;0,1389;0,25;0,3333;0,4444;0,5278
5-523;Innere Drainage des Pankreas;810;279;2,9032;0,4049;0,5704;0,679;0,7556;0,8247
5-524;Partielle Resektion des Pankreas;10326;627;16,4689;0,4207;0,5937;0,7156;0,8078;0,8804
5-525;(Totale) Pankreatektomie;1303;345;3,7768;0,4282;0,5925;0,7053;0,7836;0,8388
5-526;Endoskopische Operationen am Pankreasgang;15433;743;20,7712;0,5195;0,7095;0,8128;0,8771;0,9225
5-527;Anastomose des Ductus pancreaticus;286;121;2,3636;0,4965;0,5909;0,6748;0,7448;0,7902
5-528;Transplantation von Pankreas(gewebe);113;23;4,913;0,3363;0,5487;0,6372;0,7257;0,823
5-529;Andere Operationen am Pankreas und am Pankreasgang;3873;563;6,8792;0,4364;0,6215;0,7421;0,8213;0,8786
5-530;Verschluss einer Hernia inguinalis;166404;1051;158,3292;0,2475;0,4044;0,5326;0,6427;0,7383
5-531;Verschluss einer Hernia femoralis;5654;945;5,9831;0,2718;0,4372;0,5667;0,6744;0,7665
5-534;Verschluss einer Hernia umbilicalis;51884;1043;49,745;0,2564;0,4201;0,5513;0,6621;0,7568
5-535;Verschluss einer Hernia epigastrica;9089;1008;9,0169;0,2724;0,437;0,5677;0,6752;0,7673
5-536;Verschluss einer Narbenhernie;49581;1041;47,6282;0,262;0,4285;0,56;0,6696;0,7646
5-537;Verschluss kongenitaler Bauchwanddefekte (Omphalozele, Laparoschisis);389;142;2,7394;0,3265;0,5244;0,6658;0,7481;0,8175
5-538;Verschluss einer Hernia diaphragmatica;7003;741;9,4507;0,5006;0,6567;0,757;0,8304;0,8863
5-539;Verschluss anderer abdominaler Hernien;3955;872;4,5356;0,3085;0,4779;0,6068;0,7087;0,7939
5-540;Inzision der Bauchwand;4408;839;5,2539;0,4442;0,5944;0,7024;0,7852;0,8469
5-541;Laparotomie und Eröffnung des Retroperitoneums;82447;1052;78,3717;0,4158;0,5928;0,7146;0,8048;0,8719
5-542;Exzision und Destruktion von erkranktem Gewebe der Bauchwand;9022;981;9,1967;0,358;0,5237;0,649;0,746;0,8256
5-543;Exzision und Destruktion von peritonealem Gewebe;39284;1011;38,8566;0,4246;0,6011;0,724;0,8135;0,8814
5-545;Verschluss von Bauchwand und Peritoneum;17162;987;17,388;0,386;0,5587;0,6852;0,7819;0,8532
5-546;Plastische Rekonstruktion von Bauchwand und Peritoneum;11312;910;12,4308;0,4715;0,6538;0,7641;0,8379;0,891
5-547;Resektion von Gewebe in der Bauchregion ohne sichere Organzuordnung;4504;699;6,4435;0,4705;0,6337;0,7387;0,8151;0,873
5-549;Andere Bauchoperationen;27953;1004;27,8416;0,4187;0,5888;0,7064;0,7963;0,8619
5-550;Perkutan-transrenale Nephrotomie, Nephrostomie, Steinentfernung, Pyeloplastik und ureterorenoskopische Steinentfernung;46464;529;87,8336;0,347;0,5576;0,7149;0,8382;0,9277
5-551;Offen chirurgische Nephrotomie, Nephrostomie, Pyelotomie und Pyelostomie;1015;310;3,2742;0,333;0,5084;0,6374;0,733;0,803
5-552;Exzision und Destruktion von (erkranktem) Gewebe der Niere;4340;423;10,26;0,3772;0,5641;0,6986;0,7975;0,8717
5-553;Partielle Resektion der Niere;8439;413;20,4334;0,3812;0,5702;0,7023;0,8054;0,884
5-554;Nephrektomie;15347;546;28,1081;0,3747;0,5654;0,7057;0,8155;0,9008
5-555;Nierentransplantation;2229;40;55,725;0,2436;0,4024;0,5424;0,6577;0,7564
5-557;Rekonstruktion der Niere;4058;389;10,4319;0,3711;0,5458;0,6745;0,7728;0,8472
5-559;Andere Operationen an der Niere;1809;325;5,5662;0,4599;0,6412;0,7479;0,8198;0,8745
5-560;Transurethrale und perkutan-transrenale Erweiterung des Ureters;22187;568;39,0616;0,7002;0,844;0,9083;0,9444;0,9671
5-561;Inzision, Resektion und (andere) Erweiterung des Ureterostiums;5069;364;13,9258;0,6112;0,7451;0,8221;0,8779;0,9167
5-562;Ureterotomie, perkutan-transrenale und transurethrale Steinbehandlung;65891;443;148,7381;0,2851;0,4671;0,6104;0,7292;0,8264
5-563;Exzision und Destruktion von erkranktem Gewebe des Ureters, Ureterresektion und Ureterektomie;3457;460;7,5152;0,3685;0,5548;0,6916;0,7894;0,8612
5-564;Kutane Harnableitung durch Ureterokutaneostomie (nicht kontinentes Stoma);1772;321;5,5202;0,3262;0,5181;0,662;0,7596;0,838
5-565;Kutane Harnableitung mit Darminterponat [Conduit] (nicht kontinentes Stoma);5850;384;15,2344;0,325;0,5108;0,6453;0,7538;0,8366
5-566;Kutane Harnableitung mit Darmreservoir (kontinentes Stoma);517;162;3,1914;0,4275;0,5899;0,7021;0,7814;0,8433
5-567;Interne Harnableitung über den Darm;62;44;1,4091;0,2258;0,4032;0,50;0,5806;0,6452
5-568;Rekonstruktion des Ureters;4705;593;7,9342;0,4791;0,6655;0,7711;0,8438;0,8984
5-569;Andere Operationen am Ureter;21614;764;28,2906;0,518;0,7066;0,8108;0,8825;0,9279
5-570;Endoskopische Entfernung von Steinen, Fremdkörpern und Tamponaden der Harnblase;25380;529;47,9773;0,3046;0,4979;0,6571;0,7842;0,8849
5-571;Zystotomie [Sectio alta];1069;339;3,1534;0,2778;0,4537;0,5875;0,6941;0,782
5-572;Zystostomie;67926;1178;57,6621;0,4603;0,6887;0,8184;0,8958;0,9398
5-573;Transurethrale Inzision, Exzision, Destruktion und Resektion von (erkranktem) Gewebe der Harnblase;110893;468;236,9509;0,2601;0,4322;0,576;0,7022;0,811
5-574;Offen chirurgische und laparoskopische Exzision und Destruktion von (erkranktem) Gewebe der Harnblase;1488;494;3,0121;0,3481;0,5161;0,6398;0,7386;0,8044
5-575;Partielle Harnblasenresektion;2899;577;5,0243;0,4046;0,5795;0,6964;0,7844;0,851
5-576;Zystektomie;8169;426;19,1761;0,3102;0,4855;0,6293;0,7439;0,8362
5-577;Ersatz der Harnblase;1982;328;6,0427;0,3446;0,5247;0,6519;0,7553;0,8315
5-578;Andere plastische Rekonstruktion der Harnblase;6476;854;7,5831;0,3874;0,5625;0,6805;0,7719;0,8437
5-579;Andere Operationen an der Harnblase;15795;605;26,1074;0,4658;0,6491;0,7789;0,8685;0,9295
5-580;Offen chirurgische Urethrotomie und Urethrostomie;402;170;2,3647;0,4453;0,5746;0,6592;0,7438;0,7886
5-581;Plastische Meatotomie der Urethra;5104;426;11,9812;0,4189;0,578;0,6995;0,7933;0,8666
5-582;Exzision, Destruktion und Resektion von (erkranktem) Gewebe der Urethra;4849;521;9,3071;0,3535;0,5333;0,6667;0,7725;0,8556
5-583;Urethrektomie als selbständiger Eingriff;196;133;1,4737;0,2398;0,3827;0,5153;0,5918;0,6633
5-584;Rekonstruktion der Urethra;3894;379;10,2744;0,612;0,7481;0,8359;0,8921;0,9294
5-585;Transurethrale Inzision von (erkranktem) Gewebe der Urethra;27743;448;61,9263;0,2963;0,4758;0,614;0,7279;0,8201
5-589;Andere Operationen an Urethra und periurethralem Gewebe;2318;433;5,3533;0,5638;0,6915;0,7726;0,8369;0,8827
5-590;Inzision und Exzision von retroperitonealem Gewebe;14857;940;15,8053;0,5218;0,6754;0,775;0,8464;0,8986
5-591;Inzision und Exzision von perivesikalem Gewebe;996;374;2,6631;0,4438;0,5763;0,6797;0,756;0,8122
5-592;Raffung des urethrovesikalen Überganges;168;26;6,4615;0,6845;0,7917;0,881;0,9048;0,9226
5-593;Transvaginale Suspensionsoperation [Zügeloperation];14953;696;21,4842;0,3887;0,5634;0,691;0,783;0,8557
5-594;Suprapubische (urethrovesikale) Zügeloperation [Schlingenoperation];992;180;5,5111;0,5181;0,6845;0,7883;0,8538;0,8962
5-595;Abdominale retropubische und paraurethrale Suspensionsoperation;2752;353;7,796;0,4786;0,6715;0,7805;0,8525;0,9037
5-596;Andere Harninkontinenzoperationen;1815;331;5,4834;0,4479;0,6237;0,7388;0,8187;0,8766
5-597;Eingriffe bei artifiziellem Harnblasensphinkter;1825;231;7,9004;0,4121;0,6005;0,7145;0,7973;0,863
5-598;Suspensionsoperation [Zügeloperation] bei Harninkontinenz des Mannes;597;139;4,295;0,3769;0,5544;0,6801;0,7772;0,8459
5-599;Andere Operationen am Harntrakt;2244;439;5,1116;0,4857;0,6497;0,7482;0,8195;0,8748
5-600;Inzision der Prostata;461;130;3,5462;0,5141;0,6638;0,7527;0,8156;0,859
5-601;Transurethrale Exzision und Destruktion von Prostatagewebe;65119;410;158,8268;0,2378;0,3991;0,5368;0,6553;0,7583
5-602;Transrektale und perkutane Destruktion von Prostatagewebe;1336;73;18,3014;0,6055;0,7627;0,8451;0,9012;0,9461
5-603;Exzision und Destruktion von Prostatagewebe;4306;370;11,6378;0,3302;0,5091;0,6449;0,7538;0,8407
5-604;Radikale Prostatovesikulektomie;20244;363;55,7686;0,4488;0,6088;0,7159;0,7987;0,8658
5-605;Andere Exzision und Destruktion von Prostatagewebe;51;42;1,2143;0,2157;0,3333;0,4314;0,5098;0,5882
5-606;Operationen an den Vesiculae seminales;118;74;1,5946;0,2966;0,4576;0,5593;0,6271;0,6864
5-607;Inzision und Exzision von periprostatischem Gewebe;346;190;1,8211;0,3439;0,4855;0,5954;0,6705;0,7254
5-609;Andere Operationen an der Prostata;5514;384;14,3594;0,3359;0,5276;0,6649;0,7702;0,8482
5-610;Inzision an Skrotum und Tunica vaginalis testis;3810;623;6,1156;0,4073;0,6058;0,7323;0,8155;0,874
5-611;Operation einer Hydrocele testis;9055;773;11,7141;0,3813;0,6059;0,7597;0,8626;0,9202
5-612;Exzision und Destruktion von erkranktem Skrotumgewebe;2660;578;4,6021;0,3729;0,5605;0,6883;0,7801;0,847
5-613;Plastische Rekonstruktion von Skrotum und Tunica vaginalis testis;551;249;2,2129;0,3321;0,4864;0,6007;0,6915;0,775
5-619;Andere Operationen an Skrotum und Tunica vaginalis testis;370;213;1,7371;0,2784;0,4351;0,5486;0,6541;0,7135
5-620;Inzision des Hodens;135;85;1,5882;0,3259;0,4667;0,563;0,6222;0,6889
5-621;Exzision und Destruktion von erkranktem Gewebe des Hodens;1352;364;3,7143;0,3432;0,5155;0,6405;0,7389;0,8173
5-622;Orchidektomie;11054;683;16,1845;0,3439;0,5638;0,7269;0,8493;0,9284
5-624;Orchidopexie;12359;492;25,1199;0,4085;0,6068;0,7463;0,8409;0,9046
5-625;Exploration bei Kryptorchismus;391;127;3,0787;0,3325;0,5141;0,6522;0,757;0,8235
5-626;Operative Verlagerung eines Abdominalhodens;344;100;3,44;0,3459;0,5174;0,6424;0,7413;0,8198
5-627;Rekonstruktion des Hodens;148;102;1,451;0,2568;0,3919;0,5203;0,5878;0,6554
5-628;Implantation, Wechsel und Entfernung einer Hodenprothese;979;213;4,5962;0,4198;0,6098;0,7242;0,8069;0,8621
5-629;Andere Operationen am Hoden;4468;391;11,4271;0,3538;0,5539;0,6936;0,7939;0,8688
5-630;Operative Behandlung einer Varikozele und einer Hydrocele funiculi spermatici;2249;413;5,4455;0,3686;0,574;0,7012;0,7906;0,8577
5-631;Exzision im Bereich der Epididymis;9679;565;17,131;0,4101;0,6046;0,737;0,8329;0,9016
5-633;Epididymektomie;1061;302;3,5132;0,3035;0,4637;0,5966;0,705;0,7898
5-634;Rekonstruktion des Funiculus spermaticus;1994;365;5,463;0,3159;0,492;0,6249;0,7282;0,8129
5-635;Vasotomie des Ductus deferens;165;31;5,3226;0,7879;0,8364;0,8667;0,8848;0,9091
5-636;Destruktion, Ligatur und Resektion des Ductus deferens;1883;395;4,7671;0,5736;0,692;0,7743;0,8327;0,8752
5-637;Rekonstruktion von Ductus deferens und Epididymis;96;62;1,5484;0,3333;0,4583;0,5521;0,6146;0,6771
5-639;Andere Operationen an Funiculus spermaticus, Epididymis und Ductus deferens;1669;402;4,1517;0,55;0,6753;0,7591;0,8185;0,8664
5-640;Operationen am Präputium;20708;700;29,5829;0,422;0,6235;0,7672;0,8706;0,935
5-641;Lokale Exzision und Destruktion von erkranktem Gewebe des Penis;3478;432;8,0509;0,5213;0,6814;0,7792;0,8462;0,8939
5-642;Amputation des Penis;1158;298;3,8859;0,3713;0,5285;0,6382;0,7228;0,8005
5-643;Plastische Rekonstruktion des Penis;2583;340;7,5971;0,4777;0,6477;0,7511;0,825;0,8808
5-644;Plastische Rekonstruktion bei männlicher Epispadie;87;27;3,2222;0,4253;0,5862;0,7011;0,7701;0,8391
5-645;Plastische Rekonstruktion bei männlicher Hypospadie;4598;215;21,386;0,6131;0,7703;0,8665;0,918;0,9498
5-646;Operationen zur Geschlechtsumwandlung;1206;34;35,4706;0,631;0,8134;0,8972;0,9469;0,9668
5-649;Andere Operationen am Penis;1765;339;5,2065;0,5031;0,6465;0,7473;0,8204;0,8714
5-650;Inzision des Ovars;2380;601;3,9601;0,366;0,5466;0,6651;0,7529;0,8269
5-651;Lokale Exzision und Destruktion von Ovarialgewebe;51071;927;55,0928;0,3398;0,5245;0,6676;0,7787;0,8664
5-652;Ovariektomie;5819;814;7,1486;0,3501;0,5295;0,6587;0,7601;0,8357
5-653;Salpingoovariektomie;44788;849;52,7538;0,3042;0,4877;0,6334;0,7492;0,8427
5-656;Plastische Rekonstruktion des Ovars;3111;453;6,8675;0,4944;0,6551;0,7551;0,83;0,8849
5-657;Adhäsiolyse an Ovar und Tuba uterina ohne mikrochirurgische Versorgung;45365;809;56,0754;0,3782;0,5584;0,6897;0,7917;0,8686
5-658;Adhäsiolyse an Ovar und Tuba uterina mit mikrochirurgischer Versorgung;1505;379;3,971;0,3894;0,5668;0,6904;0,7754;0,8359
5-659;Andere Operationen am Ovar;2021;573;3,5271;0,3414;0,5151;0,6388;0,7338;0,8105
5-660;Salpingotomie;2714;578;4,6955;0,325;0,4904;0,6135;0,7119;0,7933
5-661;Salpingektomie;36994;715;51,7399;0,3442;0,5328;0,6757;0,7826;0,8631
5-663;Destruktion und Verschluss der Tubae uterinae [Sterilisationsoperation];10843;628;17,2659;0,335;0,5292;0,6696;0,7759;0,8537
5-665;Exzision und Destruktion von erkranktem Gewebe der Tuba uterina;3664;652;5,6196;0,4058;0,5726;0,6919;0,7806;0,848
5-666;Plastische Rekonstruktion der Tuba uterina;845;266;3,1767;0,4651;0,6083;0,7077;0,7799;0,8426
5-667;Insufflation der Tubae uterinae;11681;643;18,1664;0,5797;0,7182;0,8016;0,8589;0,9028
5-669;Andere Operationen an der Tuba uterina;316;220;1,4364;0,2753;0,4146;0,5127;0,5823;0,6519
5-670;Dilatation des Zervikalkanals;5312;464;11,4483;0,6926;0,7982;0,8577;0,8982;0,9288
5-671;Konisation der Cervix uteri;6270;613;10,2284;0,4748;0,6455;0,7504;0,8239;0,8786
5-672;Andere Exzision und Destruktion von erkranktem Gewebe der Cervix uteri;3460;574;6,0279;0,4954;0,6309;0,7208;0,7934;0,8512
5-673;Amputation der Cervix uteri;173;108;1,6019;0,3468;0,474;0,5607;0,6243;0,6879
5-674;Rekonstruktion der Cervix uteri in der Gravidität;4037;363;11,1212;0,4716;0,6733;0,7847;0,8581;0,9093
5-675;Andere Rekonstruktion der Cervix uteri;656;317;2,0694;0,3232;0,4649;0,5793;0,6768;0,7591
5-679;Andere Operationen an der Cervix uteri;1541;340;4,5324;0,4549;0,6249;0,7326;0,8073;0,8605
5-680;Inzision des Uterus [Hysterotomie];109;75;1,4533;0,3486;0,4495;0,5229;0,5872;0,6606
5-681;Exzision und Destruktion von erkranktem Gewebe des Uterus;42842;751;57,0466;0,4131;0,5895;0,7099;0,8018;0,8729
5-682;Subtotale Uterusexstirpation;20481;608;33,6859;0,417;0,5997;0,7202;0,8138;0,8847
5-683;Uterusexstirpation [Hysterektomie];79533;804;98,9216;0,2595;0,4386;0,5795;0,6963;0,7936
5-684;Zervixstumpfexstirpation;694;346;2,0058;0,2997;0,4496;0,5648;0,6628;0,7507
5-685;Radikale Uterusexstirpation;6206;613;10,124;0,3608;0,5332;0,6573;0,7531;0,8321
5-686;Radikale Zervixstumpfexstirpation;92;68;1,3529;0,2609;0,413;0,4783;0,5543;0,6304
5-687;Exenteration [Eviszeration] des weiblichen kleinen Beckens;1413;297;4,7576;0,3489;0,5294;0,661;0,758;0,8323
5-689;Andere Inzision und Exzision des Uterus;218;45;4,8444;0,7798;0,8165;0,8578;0,8761;0,8991
5-690;Therapeutische Kürettage [Abrasio uteri];47244;715;66,0755;0,2786;0,4424;0,575;0,682;0,7718
5-691;Entfernung eines intrauterinen Fremdkörpers;4206;660;6,3727;0,3129;0,481;0,6096;0,7126;0,7951
5-692;Exzision und Destruktion von erkranktem Gewebe der Parametrien;1008;303;3,3267;0,5179;0,6419;0,7312;0,7917;0,8502
5-693;Plastische Rekonstruktion der Parametrien (bei Lagekorrektur des Uterus);372;103;3,6117;0,5941;0,7366;0,7957;0,8333;0,8629
5-694;Parazervikale Uterusdenervation;3;3;1,00;0,3333;0,3333;0,3333;0,3333;0,6667
5-695;Rekonstruktion des Uterus;1780;476;3,7395;0,4281;0,5781;0,6837;0,7629;0,827
5-699;Andere Operationen an Uterus und Parametrien;296;177;1,6723;0,3209;0,4493;0,5709;0,6419;0,7027
5-700;Kuldotomie;727;301;2,4153;0,4374;0,5626;0,6534;0,7359;0,7937
5-701;Inzision der Vagina;1434;501;2,8623;0,3556;0,5035;0,6158;0,7113;0,7824
5-702;Lokale Exzision und Destruktion von erkranktem Gewebe der Vagina und des Douglasraumes;21834;803;27,1905;0,5093;0,6727;0,7761;0,8499;0,9045
5-703;Verschluss und (sub-)totale Exstirpation der Vagina;2100;480;4,375;0,4114;0,5786;0,6919;0,7771;0,8443
5-704;Vaginale Kolporrhaphie und Beckenbodenplastik;78385;749;104,6529;0,3361;0,5062;0,6331;0,7351;0,8168
5-705;Konstruktion und Rekonstruktion der Vagina;1196;238;5,0252;0,7115;0,7918;0,837;0,8771;0,9005
5-706;Andere plastische Rekonstruktion der Vagina;4005;723;5,5394;0,3843;0,5558;0,6734;0,7648;0,8382
5-707;Plastische Rekonstruktion des kleinen Beckens und des Douglasraumes;6749;535;12,615;0,5204;0,6968;0,8009;0,8671;0,9138
5-709;Andere Operationen an Vagina und Douglasraum;555;316;1,7563;0,2757;0,4324;0,5477;0,6577;0,7153
5-710;Inzision der Vulva;2311;554;4,1715;0,3306;0,5067;0,6348;0,7369;0,8118
5-711;Operationen an der Bartholin-Drüse (Zyste);3040;640;4,75;0,3141;0,4832;0,6171;0,7171;0,8013
5-712;Andere Exzision und Destruktion von erkranktem Gewebe der Vulva;8491;727;11,6795;0,4063;0,58;0,6969;0,7845;0,8534
5-713;Operationen an der Klitoris;857;158;5,4241;0,7445;0,8051;0,8448;0,8821;0,9078
5-714;Vulvektomie;2986;565;5,285;0,3654;0,5435;0,6705;0,7602;0,8315
5-715;Radikale Vulvektomie;841;315;2,6698;0,3793;0,541;0,6504;0,7241;0,8002
5-716;Konstruktion und Rekonstruktion der Vulva (und des Perineums);3245;532;6,0996;0,5578;0,6795;0,7643;0,824;0,873
5-718;Andere Operationen an der Vulva;452;255;1,7725;0,3009;0,4447;0,5597;0,6615;0,719
5-719;Andere Operationen an den weiblichen Geschlechtsorganen;76;48;1,5833;0,4342;0,50;0,5526;0,6184;0,6842
5-720;Zangenentbindung;2611;326;8,0092;0,5255;0,6798;0,784;0,8533;0,9012
5-724;Drehung des kindlichen Kopfes mit Zange;48;12;4,00;0,6875;0,75;0,8333;0,8542;0,875
5-725;Extraktion bei Beckenendlage;233;99;2,3535;0,4249;0,5708;0,6738;0,7468;0,7897
5-727;Spontane und vaginale operative Entbindung bei Beckenendlage;2117;298;7,104;0,5786;0,7246;0,8101;0,8649;0,9065
5-728;Vakuumentbindung;43896;636;69,0189;0,3203;0,4914;0,6245;0,7279;0,8084
5-729;Andere instrumentelle Entbindung;12;11;1,0909;0,1667;0,25;0,3333;0,4167;0,5833
5-730;Künstliche Fruchtblasensprengung [Amniotomie];68111;608;112,0247;0,416;0,6116;0,7332;0,8204;0,8857
5-731;Andere operative Geburtseinleitung;872;29;30,069;0,8394;0,9633;0,9748;0,9805;0,9839
5-732;Innere und kombinierte Wendung ohne und mit Extraktion;162;61;2,6557;0,5679;0,6667;0,7346;0,7716;0,8148
5-733;Misslungene vaginale operative Entbindung;581;239;2,431;0,3391;0,5146;0,6299;0,7126;0,7952
5-734;Operative Maßnahmen am Feten zur Geburtserleichterung;19;14;1,3571;0,2105;0,4211;0,4737;0,5789;0,6316
5-738;Episiotomie und Naht;80439;644;124,9053;0,2705;0,441;0,5746;0,6835;0,7738
5-739;Andere Operationen zur Unterstützung der Geburt;75;34;2,2059;0,5467;0,64;0,68;0,7333;0,7733
5-740;Klassische Sectio caesarea;44203;592;74,6672;0,4834;0,6703;0,7932;0,8727;0,9248
5-741;Sectio caesarea, suprazervikal und korporal;8327;374;22,2647;0,7867;0,8874;0,9291;0,9536;0,9688
5-742;Sectio caesarea extraperitonealis;117;59;1,9831;0,4274;0,5556;0,6496;0,7009;0,7521
5-743;Entfernung eines intraperitonealen Embryos;33;32;1,0313;0,1212;0,2121;0,3333;0,4242;0,5152
5-744;Operationen bei Extrauteringravidität;8387;668;12,5554;0,3008;0,4703;0,5991;0,7054;0,7923
5-749;Andere Sectio caesarea;220065;643;342,2473;0,2917;0,4717;0,6003;0,6997;0,783
5-750;Intraamniale Injektion zur Beendigung der Schwangerschaft;9;9;1,00;0,1111;0,2222;0,3333;0,4444;0,5556
5-751;Kürettage zur Beendigung der Schwangerschaft [Abruptio];1063;266;3,9962;0,4403;0,587;0,6933;0,7676;0,8288
5-752;Andere Operationen zur Beendigung einer Schwangerschaft;48;39;1,2308;0,2292;0,3542;0,4375;0,5208;0,6042
5-753;Therapeutische Amniozentese [Amnionpunktion];807;88;9,1705;0,6047;0,7658;0,8414;0,8885;0,9219
5-754;Intrauterine Therapie des Feten;757;73;10,3699;0,675;0,8098;0,8653;0,9062;0,9406
5-755;Andere intrauterine Operationen am Feten;61;13;4,6923;0,541;0,8033;0,8361;0,8689;0,9016
5-756;Entfernung zurückgebliebener Plazenta (postpartal);30388;645;47,1132;0,3455;0,5207;0,6451;0,7401;0,8142
5-757;Uterusexstirpation, geburtshilflich;315;186;1,6935;0,273;0,4254;0,546;0,6444;0,7048
5-758;Rekonstruktion weiblicher Geschlechtsorgane nach Ruptur, post partum [Dammriss];301612;656;459,7744;0,3007;0,4806;0,6108;0,7114;0,7948
5-759;Andere geburtshilfliche Operationen;1960;431;4,5476;0,4321;0,602;0,7087;0,7867;0,8474
5-760;Reposition einer lateralen Mittelgesichtsfraktur;5381;280;19,2179;0,452;0,725;0,855;0,9147;0,9491
5-761;Reposition einer zentralen Mittelgesichtsfraktur;1374;181;7,5912;0,4025;0,6099;0,7511;0,8428;0,9003
5-762;Reposition einer zentrolateralen Mittelgesichtsfraktur;732;147;4,9796;0,4112;0,597;0,7336;0,8169;0,8757
5-763;Reposition anderer kombinierter Mittelgesichtsfrakturen (Mehrfachfraktur);809;135;5,9926;0,4314;0,644;0,7627;0,8381;0,8937
5-764;Reposition einer Fraktur des Corpus mandibulae und des Processus alveolaris mandibulae;3184;160;19,90;0,3712;0,5996;0,7758;0,8866;0,9428
5-765;Reposition einer Fraktur des Ramus mandibulae und des Processus articularis mandibulae;2701;155;17,4258;0,3895;0,5979;0,7708;0,8723;0,9278
5-766;Reposition einer Orbitafraktur;6515;275;23,6909;0,4671;0,6935;0,8298;0,9008;0,9435
5-767;Reposition einer Stirnhöhlenwandfraktur;542;134;4,0448;0,3155;0,5092;0,6347;0,7435;0,8155
5-768;Reosteotomien disloziert verheilter Gesichtsschädelfrakturen;68;36;1,8889;0,25;0,3824;0,5588;0,6471;0,7353
5-769;Andere Operationen bei Gesichtsschädelfrakturen;7374;186;39,6452;0,4529;0,673;0,821;0,915;0,9601
5-770;Inzision (Osteotomie), lokale Exzision und Destruktion (von erkranktem Gewebe) eines Gesichtsschädelknochens;13393;239;56,0377;0,5726;0,8145;0,9367;0,9771;0,9872
5-771;Partielle und totale Resektion eines Gesichtsschädelknochens;2547;174;14,6379;0,5241;0,7208;0,8296;0,9003;0,9368
5-772;Partielle und totale Resektion der Mandibula;2653;141;18,8156;0,3596;0,5865;0,749;0,8556;0,9284
5-773;Arthroplastik am Kiefergelenk;512;115;4,4522;0,4629;0,6348;0,7559;0,8281;0,877
5-774;Plastische Rekonstruktion und Augmentation der Maxilla;1567;115;13,6261;0,3733;0,5571;0,7039;0,8034;0,8819
5-775;Plastische Rekonstruktion und Augmentation der Mandibula;1743;115;15,1565;0,3569;0,5519;0,708;0,8227;0,899
5-776;Osteotomie zur Verlagerung des Untergesichtes;3565;125;28,52;0,3456;0,5105;0,646;0,7529;0,8457
5-777;Osteotomie zur Verlagerung des Mittelgesichtes;2927;125;23,416;0,3956;0,5552;0,6874;0,781;0,8627
5-778;Rekonstruktion der Weichteile im Gesicht;5413;472;11,4682;0,6015;0,7698;0,8528;0,9023;0,9335
5-779;Andere Operationen an Kiefergelenk und Gesichtsschädelknochen;8539;221;38,638;0,4755;0,7135;0,8594;0,9503;0,9774
5-77a;Implantatversorgung für die Rekonstruktion mit Gesichtsepithesen;355;90;3,9444;0,4563;0,6141;0,7183;0,7944;0,8535
5-77b;Knochentransplantation und -transposition an Kiefer- und Gesichtsschädelknochen;1890;113;16,7257;0,3852;0,6164;0,7693;0,863;0,9201
5-780;Inzision am Knochen, septisch und aseptisch;70281;1103;63,718;0,5227;0,6835;0,7843;0,8541;0,9051
5-781;Osteotomie und Korrekturosteotomie;30558;1030;29,668;0,5331;0,6936;0,7918;0,86;0,9079
5-782;Exzision und Resektion von erkranktem Knochengewebe;77134;1117;69,0546;0,4941;0,6636;0,7704;0,8459;0,899
5-783;Entnahme eines Knochentransplantates;51933;1029;50,4694;0,5074;0,6885;0,7952;0,8685;0,9182
5-784;Knochentransplantation und -transposition;80251;1063;75,4948;0,4779;0,6532;0,7659;0,8452;0,9033
5-785;Implantation von alloplastischem Knochenersatz;22053;961;22,948;0,4914;0,6617;0,7715;0,8474;0,9029
5-786;Osteosyntheseverfahren;122041;1101;110,8456;0,4755;0,6731;0,7923;0,8675;0,9181
5-787;Entfernung von Osteosynthesematerial;172000;1134;151,6755;0,3532;0,5229;0,6478;0,7461;0,8239
5-788;Operationen an Metatarsale und Phalangen des Fußes;141060;1084;130,1292;0,5325;0,716;0,8175;0,8828;0,9259
5-789;Andere Operationen am Knochen;8192;807;10,1512;0,6407;0,7692;0,8409;0,8867;0,9207
5-790;Geschlossene Reposition einer Fraktur oder Epiphysenlösung mit Osteosynthese;158047;1063;148,6802;0,3014;0,4777;0,6094;0,716;0,805
5-791;Offene Reposition einer einfachen Fraktur im Schaftbereich eines langen Röhrenknochens;17519;1028;17,0418;0,307;0,4869;0,6197;0,7252;0,8092
5-792;Offene Reposition einer Mehrfragment-Fraktur im Schaftbereich eines langen Röhrenknochens;29503;1022;28,8679;0,3114;0,4911;0,6248;0,7301;0,8163
5-793;Offene Reposition einer einfachen Fraktur im Gelenkbereich eines langen Röhrenknochens;119484;1077;110,9415;0,2747;0,4457;0,5831;0,6953;0,787
5-794;Offene Reposition einer Mehrfragment-Fraktur im Gelenkbereich eines langen Röhrenknochens;204837;1063;192,6971;0,2883;0,4607;0,5937;0,704;0,7965
5-795;Offene Reposition einer einfachen Fraktur an kleinen Knochen;22410;1044;21,4655;0,3504;0,5304;0,6561;0,7532;0,8283
5-796;Offene Reposition einer Mehrfragment-Fraktur an kleinen Knochen;33321;1041;32,0086;0,3529;0,5328;0,662;0,7614;0,8382
5-797;Offene Reposition einer Fraktur an Talus und Kalkaneus;5634;791;7,1226;0,4042;0,5745;0,6919;0,781;0,8475
5-798;Offene Reposition einer Beckenrand- und Beckenringfraktur;3416;450;7,5911;0,4496;0,6396;0,752;0,8282;0,885
5-799;Offene Reposition einer Azetabulum- und Hüftkopffraktur mit Osteosynthese;2592;384;6,75;0,414;0,6289;0,7423;0,8225;0,8765
5-79a;Geschlossene Reposition einer Gelenkluxation mit Osteosynthese;9653;900;10,7256;0,4179;0,6051;0,7263;0,8114;0,8741
5-79b;Offene Reposition einer Gelenkluxation;17221;1017;16,9331;0,3972;0,5749;0,695;0,7849;0,8546
5-79c;Andere Reposition von Fraktur und Luxation;324;86;3,7674;0,6358;0,7562;0,8117;0,8395;0,8673
5-800;Offen chirurgische Operation eines Gelenkes;169762;1096;154,8923;0,5278;0,689;0,7887;0,8586;0,9084
5-801;Offen chirurgische Operation am Gelenkknorpel und an den Menisken;18510;1000;18,51;0,5253;0,6824;0,7821;0,8512;0,9019
5-802;Offen chirurgische Refixation und Naht am Kapselbandapparat des Kniegelenkes;4919;826;5,9552;0,422;0,59;0,7044;0,7878;0,8518
5-803;Offen chirurgische Bandplastik am Kniegelenk;3133;610;5,1361;0,5238;0,6732;0,7616;0,8292;0,8778
5-804;Offen chirurgische Operationen an der Patella und ihrem Halteapparat;29742;983;30,2564;0,5922;0,7471;0,8322;0,8853;0,9251
5-805;Offen chirurgische Refixation und Plastik am Kapselbandapparat des Schultergelenkes;42201;1012;41,7006;0,4526;0,6243;0,7388;0,8221;0,8837
5-806;Offen chirurgische Refixation und Plastik am Kapselbandapparat des Sprunggelenkes;15521;981;15,8216;0,4447;0,613;0,7292;0,8146;0,8785
5-807;Offen chirurgische Refixation am Kapselbandapparat anderer Gelenke;9749;933;10,4491;0,4186;0,5841;0,6981;0,7862;0,8536
5-808;Arthrodese;40446;1012;39,9664;0,5236;0,7081;0,8143;0,8799;0,9223
5-809;Andere offen chirurgische Gelenkoperationen;9980;877;11,3797;0,5439;0,7071;0,8006;0,8651;0,9106
5-810;Arthroskopische Gelenkoperation;141700;1074;131,9367;0,4791;0,6543;0,7607;0,8368;0,8911
5-811;Arthroskopische Operation an der Synovialis;185649;1071;173,3417;0,5063;0,6709;0,775;0,849;0,903
5-812;Arthroskopische Operation am Gelenkknorpel und an den Menisken;238110;1076;221,2918;0,4313;0,6018;0,7183;0,7992;0,864
5-813;Arthroskopische Refixation und Plastik am Kapselbandapparat des Kniegelenkes;38504;990;38,8929;0,492;0,6525;0,7557;0,8307;0,889
5-814;Arthroskopische Refixation und Plastik am Kapselbandapparat des Schultergelenkes;167020;1021;163,5847;0,4602;0,6486;0,7652;0,8486;0,9072
5-815;Arthroskopische Entfernung und arthroskopischer Wechsel eines Bandersatzes am Kniegelenk;2243;367;6,1117;0,597;0,7428;0,8226;0,8743;0,9077
5-819;Andere arthroskopische Operationen;22158;896;24,7299;0,6286;0,7761;0,857;0,9064;0,9412
5-820;Implantation einer Endoprothese am Hüftgelenk;218900;1058;206,8998;0,3184;0,483;0,6016;0,7005;0,7823
5-821;Revision, Wechsel und Entfernung einer Endoprothese am Hüftgelenk;34525;1011;34,1494;0,3719;0,5573;0,685;0,7795;0,8529
5-822;Implantation einer Endoprothese am Kniegelenk;161458;974;165,768;0,3598;0,535;0,657;0,7502;0,8237
5-823;Revision, Wechsel und Entfernung einer Endoprothese am Kniegelenk;23760;938;25,3305;0,3804;0,565;0,6914;0,784;0,8522
5-824;Implantation einer Endoprothese an Gelenken der oberen Extremität;21742;989;21,9838;0,358;0,5254;0,649;0,7476;0,8269
5-825;Revision, Wechsel und Entfernung einer Endoprothese an Gelenken der oberen Extremität;3576;684;5,2281;0,4122;0,5783;0,6921;0,7788;0,8431
5-826;Implantation einer Endoprothese an Gelenken der unteren Extremität;1306;285;4,5825;0,4671;0,6348;0,7366;0,8047;0,8599
5-827;Revision, Wechsel und Entfernung einer Endoprothese an Gelenken der unteren Extremität;748;281;2,6619;0,4251;0,5695;0,6765;0,7513;0,8128
5-828;Implantation, Revision, Wechsel und Entfernung eines Knochenteilersatzes und Knochentotalersatzes;1717;341;5,0352;0,6302;0,7391;0,8084;0,8532;0,894
5-829;Andere gelenkplastische Eingriffe;75539;1015;74,4227;0,478;0,659;0,7723;0,8505;0,9076
5-830;Inzision von erkranktem Knochen- und Gelenkgewebe der Wirbelsäule;34105;710;48,0352;0,628;0,7952;0,8819;0,9286;0,9573
5-831;Exzision von erkranktem Bandscheibengewebe;148352;761;194,9435;0,3583;0,5514;0,6927;0,7986;0,8814
5-832;Exzision von erkranktem Knochen- und Gelenkgewebe der Wirbelsäule;106361;764;139,216;0,459;0,662;0,7886;0,8771;0,9368
5-835;Knochenersatz an der Wirbelsäule;43469;607;71,6129;0,5102;0,7079;0,8262;0,8978;0,9434
5-836;Spondylodese;71582;751;95,3156;0,4236;0,6216;0,7551;0,8487;0,9146
5-837;Wirbelkörperersatz und komplexe Rekonstruktion der Wirbelsäule;10332;496;20,8306;0,4976;0,6702;0,7786;0,8561;0,9114
5-838;Andere komplexe Rekonstruktionen der Wirbelsäule;4145;316;13,1171;0,5641;0,7402;0,8444;0,9013;0,9375
5-839;Andere Operationen an der Wirbelsäule;180401;965;186,944;0,3957;0,5942;0,7347;0,8359;0,9051
5-83a;Minimalinvasive Behandlungsverfahren an der Wirbelsäule (zur Schmerztherapie);27465;526;52,2148;0,5512;0,747;0,8558;0,9174;0,9557
5-83b;Osteosynthese (dynamische Stabilisierung) an der Wirbelsäule;133816;825;162,2012;0,4253;0,627;0,769;0,8631;0,9228
5-83w;Zusatzinformationen zu Operationen an der Wirbelsäule;12047;575;20,9513;0,4741;0,6465;0,7683;0,8487;0,9077
5-840;Operationen an Sehnen der Hand;46825;970;48,2732;0,5403;0,7348;0,832;0,8935;0,9349
5-841;Operationen an Bändern der Hand;18085;921;19,6363;0,5354;0,7166;0,8209;0,8835;0,9252
5-842;Operationen an Faszien der Hohlhand und der Finger;13547;762;17,7782;0,4914;0,6959;0,8123;0,883;0,9266
5-843;Operationen an Muskeln der Hand;1500;396;3,7879;0,454;0,624;0,74;0,808;0,8613
5-844;Operation an Gelenken der Hand;11087;777;14,269;0,5096;0,7058;0,8124;0,879;0,9224
5-845;Synovialektomie an der Hand;12351;591;20,8985;0,5689;0,7511;0,8471;0,9054;0,9445
5-846;Arthrodese an Gelenken der Hand;5643;666;8,473;0,4533;0,6447;0,7663;0,8416;0,8947
5-847;Resektionsarthroplastik an Gelenken der Hand;9421;586;16,0768;0,4679;0,668;0,7926;0,8669;0,9181
5-848;Operationen bei kongenitalen Anomalien der Hand;111;38;2,9211;0,5495;0,6667;0,7297;0,7928;0,8288
5-849;Andere Operationen an der Hand;13251;869;15,2486;0,5672;0,7332;0,8294;0,8893;0,9294
5-850;Inzision an Muskel, Sehne und Faszie;69249;1147;60,374;0,433;0,6101;0,7285;0,8131;0,8774
5-851;Durchtrennung von Muskel, Sehne und Faszie;28833;1066;27,0478;0,5336;0,6952;0,7978;0,8673;0,9159
5-852;Exzision an Muskel, Sehne und Faszie;43876;1113;39,4214;0,5335;0,6976;0,7934;0,8591;0,9063
5-853;Rekonstruktion von Muskeln;11180;997;11,2136;0,5166;0,6786;0,778;0,8453;0,8943
5-854;Rekonstruktion von Sehnen;30504;968;31,5124;0,6235;0,778;0,8609;0,9117;0,9445
5-855;Naht und andere Operationen an Sehnen und Sehnenscheide;50445;1081;46,6651;0,3903;0,552;0,6671;0,7572;0,828
5-856;Rekonstruktion von Faszien;9171;984;9,3201;0,4811;0,6362;0,7405;0,8167;0,8737
5-857;Plastische Rekonstruktion mit lokalen Lappen an Muskeln und Faszien;10066;716;14,0587;0,4999;0,7071;0,8219;0,888;0,9292
5-858;Entnahme und Transplantation von Muskel, Sehne und Faszie mit mikrovaskulärer Anastomosierung;6089;256;23,7852;0,5876;0,7817;0,8711;0,9241;0,9575
5-859;Andere Operationen an Muskeln, Sehnen, Faszien und Schleimbeuteln;42938;1111;38,6481;0,3884;0,5466;0,6623;0,7529;0,8274
5-860;Replantation obere Extremität;622;181;3,4365;0,3875;0,5659;0,6801;0,7669;0,8344
5-861;Replantation untere Extremität;17;15;1,1333;0,2353;0,2941;0,4118;0,4706;0,5882
5-862;Amputation und Exartikulation obere Extremität;231;137;1,6861;0,2857;0,4416;0,5628;0,645;0,7056
5-863;Amputation und Exartikulation Hand;5794;765;7,5739;0,4876;0,6579;0,767;0,8383;0,8897
5-864;Amputation und Exartikulation untere Extremität;17539;967;18,1375;0,3372;0,5354;0,6847;0,7941;0,8735
5-865;Amputation und Exartikulation Fuß;46952;1067;44,0037;0,3368;0,535;0,6824;0,7933;0,8745
5-866;Revision eines Amputationsgebietes;7951;809;9,8282;0,3852;0,5821;0,7183;0,814;0,8817
5-867;Operationen bei kongenitalen Anomalien des Fußes;29;17;1,7059;0,4138;0,4828;0,5862;0,6552;0,7241
5-868;Operationen bei anderen kongenitalen Anomalien des Bewegungsapparates;6;4;1,50;0,3333;0,3333;0,3333;0,6667;0,6667
5-869;Andere Operationen an den Bewegungsorganen;65295;1074;60,7961;0,442;0,6334;0,7539;0,8372;0,8963
5-870;Partielle (brusterhaltende) Exzision der Mamma und Destruktion von Mammagewebe;79189;735;107,7401;0,3597;0,5649;0,7202;0,8337;0,9127
5-872;(Modifizierte radikale) Mastektomie;18865;691;27,301;0,3403;0,5343;0,6772;0,7887;0,8723
5-874;Erweiterte (radikale) Mastektomie mit Resektion an den Mm. pectorales majores et minores und Thoraxwandteilresektion;1219;370;3,2946;0,411;0,5636;0,6694;0,7539;0,8146
5-877;Subkutane Mastektomie und hautsparende Mastektomieverfahren;6556;599;10,9449;0,4942;0,6775;0,7875;0,8623;0,914
5-879;Andere Exzision und Resektion der Mamma;2668;661;4,0363;0,3827;0,5558;0,6788;0,7676;0,8362
5-881;Inzision der Mamma;10665;764;13,9594;0,4944;0,6369;0,7398;0,8205;0,8805
5-882;Operationen an der Brustwarze;4995;494;10,1113;0,4805;0,6623;0,7732;0,8507;0,9045
5-883;Plastische Operationen zur Vergrößerung der Mamma;2267;418;5,4234;0,4049;0,5757;0,693;0,783;0,85
5-884;Mammareduktionsplastik;7527;556;13,5378;0,4351;0,616;0,736;0,8225;0,8855
5-885;Plastische Rekonstruktion der Mamma mit Haut- und Muskeltransplantation;3292;369;8,9214;0,5325;0,7145;0,8095;0,8718;0,9131
5-886;Andere plastische Rekonstruktion der Mamma;8596;541;15,8891;0,4763;0,6658;0,7818;0,8612;0,9159
5-889;Andere Operationen an der Mamma;10432;599;17,4157;0,4859;0,6632;0,7806;0,8571;0,9097
5-890;Tätowieren und Einbringen von Fremdmaterial in Haut und Unterhaut;1183;141;8,3901;0,5959;0,7692;0,8656;0,9096;0,9358
5-891;Inzision eines Sinus pilonidalis;1309;455;2,8769;0,424;0,5737;0,6791;0,7487;0,8189
5-892;Andere Inzision an Haut und Unterhaut;140852;1230;114,5138;0,4037;0,5695;0,6909;0,7838;0,8572
5-894;Lokale Exzision von erkranktem Gewebe an Haut und Unterhaut;107143;1202;89,1373;0,3983;0,5661;0,6868;0,7812;0,8543
5-895;Radikale und ausgedehnte Exzision von erkranktem Gewebe an Haut und Unterhaut;148829;1155;128,8563;0,6645;0,7898;0,8575;0,9043;0,9388
5-896;Chirurgische Wundtoilette [Wunddebridement] mit Entfernung von erkranktem Gewebe an Haut und Unterhaut;231685;1232;188,056;0,401;0,5872;0,7123;0,8018;0,8695
5-897;Exzision und Rekonstruktion eines Sinus pilonidalis;26308;1023;25,7165;0,2698;0,4392;0,5704;0,6784;0,7703
5-898;Operationen am Nagelorgan;12610;1013;12,4482;0,4932;0,6569;0,7588;0,8306;0,8857
5-899;Andere Exzision an Haut und Unterhaut;1131;475;2,3811;0,412;0,5455;0,6419;0,725;0,7905
5-900;Einfache Wiederherstellung der Oberflächenkontinuität an Haut und Unterhaut;164369;1240;132,5556;0,3564;0,5528;0,684;0,7842;0,8627
5-901;Freie Hauttransplantation, Entnahmestelle;18643;958;19,4603;0,5565;0,7187;0,8148;0,8814;0,9254
5-902;Freie Hauttransplantation, Empfängerstelle;52019;1075;48,3898;0,554;0,7288;0,8191;0,8788;0,9222
5-903;Lokale Lappenplastik an Haut und Unterhaut;94593;993;95,2598;0,746;0,8918;0,9462;0,9693;0,9819
5-904;Lappenplastik an Haut und Unterhaut, Entnahmestelle;1986;303;6,5545;0,506;0,6888;0,791;0,8575;0,9058
5-905;Lappenplastik an Haut und Unterhaut, Empfängerstelle;5353;480;11,1521;0,535;0,7329;0,8336;0,8928;0,9316
5-906;Kombinierte plastische Eingriffe an Haut und Unterhaut;3033;436;6,9564;0,6093;0,7606;0,844;0,8892;0,9182
5-907;Revision einer Hautplastik;6836;617;11,0794;0,5532;0,7538;0,8543;0,9049;0,9356
5-908;Plastische Operation an Lippe und Mundwinkel;5274;540;9,7667;0,5884;0,789;0,8627;0,9063;0,9336
5-909;Andere Wiederherstellung und Rekonstruktion von Haut und Unterhaut;3430;479;7,1608;0,5551;0,7114;0,802;0,8633;0,9076
5-910;Straffungsoperation am Gesicht;358;109;3,2844;0,4888;0,6201;0,7123;0,7793;0,8408
5-911;Gewebereduktion an Haut und Unterhaut;15497;681;22,7562;0,6106;0,8093;0,8873;0,9306;0,9586
5-912;Haartransplantation und Haartransposition;9;9;1,00;0,1111;0,2222;0,3333;0,4444;0,5556
5-913;Entfernung oberflächlicher Hautschichten;25208;593;42,5093;0,7995;0,914;0,9514;0,9691;0,9807
5-914;Chemochirurgie der Haut;1620;88;18,4091;0,8852;0,9278;0,9457;0,958;0,9691
5-915;Destruktion von erkranktem Gewebe an Haut und Unterhaut;11102;469;23,6716;0,7853;0,9079;0,9468;0,9644;0,9742
5-916;Temporäre Weichteildeckung;179762;1184;151,826;0,4377;0,6148;0,7312;0,815;0,8782
5-917;Syndaktylie- und Polydaktyliekorrektur der Finger;799;151;5,2914;0,5782;0,6884;0,7635;0,8198;0,8711
5-918;Syndaktylie- und Polydaktyliekorrektur der Zehen;353;125;2,824;0,4958;0,6147;0,7082;0,7762;0,8244
5-919;Operative Versorgung von Mehrfachtumoren an einer Lokalisation der Haut in einer Sitzung;3589;174;20,6264;0,5776;0,786;0,866;0,9186;0,9501
5-91a;Andere Operationen an Haut und Unterhaut;695;335;2,0746;0,3612;0,518;0,6158;0,7108;0,7597
5-920;Inzision an Haut und Unterhaut bei Verbrennungen und Verätzungen;481;75;6,4133;0,5405;0,7651;0,8482;0,8857;0,9189
5-921;Chirurgische Wundtoilette [Wunddebridement] und Entfernung von erkranktem Gewebe an Haut und Unterhaut bei Verbrennungen und Verätzungen;26461;738;35,855;0,8266;0,9045;0,9396;0,9601;0,9733
5-922;Wunddebridement an Muskel, Sehne und Faszie bei Verbrennungen und Verätzungen;580;226;2,5664;0,4276;0,5845;0,6759;0,7517;0,8052
5-923;Temporäre Weichteildeckung bei Verbrennungen und Verätzungen;10083;240;42,0125;0,7257;0,8759;0,9371;0,966;0,9816
5-924;Freie Hauttransplantation und Lappenplastik an Haut und Unterhaut bei Verbrennungen und Verätzungen, Entnahmestelle;538;176;3,0568;0,5186;0,6431;0,7286;0,7918;0,8364
5-925;Freie Hauttransplantation und Lappenplastik an Haut und Unterhaut bei Verbrennungen und Verätzungen, Empfängerstelle;5068;408;12,4216;0,8092;0,8832;0,9159;0,9384;0,9546
5-926;Lokale Lappenplastik an Haut und Unterhaut bei Verbrennungen und Verätzungen;706;168;4,2024;0,5595;0,6912;0,7776;0,8329;0,881
5-927;Kombinierte plastische Eingriffe an Haut und Unterhaut bei Verbrennungen und Verätzungen;68;38;1,7895;0,3676;0,50;0,5882;0,6618;0,7206
5-928;Primärer Wundverschluss der Haut und Revision einer Hautplastik bei Verbrennungen und Verätzungen;734;203;3,6158;0,6144;0,7166;0,7725;0,827;0,8624
5-929;Andere Operationen bei Verbrennungen und Verätzungen;175;49;3,5714;0,6743;0,76;0,8057;0,8343;0,8629
5-930;Art des Transplantates;66678;713;93,5175;0,4091;0,622;0,7674;0,8668;0,9335
5-931;Art des verwendeten Knochenersatz- und Osteosynthesematerials;39708;648;61,2778;0,6173;0,823;0,9184;0,962;0,9805
5-932;Art des verwendeten Materials für Gewebeersatz und Gewebeverstärkung;209048;1071;195,1895;0,2873;0,4553;0,5907;0,7021;0,7966
5-933;Verwendung einer Kunststoff- oder biologischen Membran zur Prophylaxe von Adhäsionen;4658;287;16,23;0,7997;0,88;0,9236;0,9491;0,9637
5-934;Verwendung von MRT-fähigem Material;19269;557;34,5943;0,5202;0,7246;0,837;0,9057;0,9473
5-935;Verwendung von beschichtetem Osteosynthesematerial;1111;123;9,0325;0,7795;0,8569;0,8965;0,9181;0,9415
5-936;Verwendung von Arzneimitteln für neuartige Therapien;115;9;12,7778;0,4435;0,6783;0,8261;0,8957;0,9391
5-937;Verwendung von thermomechanischem Osteosynthesematerial;223;37;6,027;0,5605;0,6996;0,8251;0,8879;0,9193
5-981;Versorgung bei Mehrfachverletzung;1632;317;5,1483;0,5049;0,6685;0,769;0,8364;0,8848
5-982;Versorgung bei Polytrauma;1585;242;6,5496;0,571;0,7174;0,8095;0,8669;0,9098
5-983;Reoperation;175330;1144;153,2605;0,5683;0,741;0,8403;0,9038;0,9446
5-984;Mikrochirurgische Technik;394456;957;412,1797;0,5548;0,7325;0,8417;0,9088;0,9497
5-985;Lasertechnik;48241;652;73,9893;0,5438;0,7308;0,8464;0,9133;0,957
5-986;Minimalinvasive Technik;78579;865;90,8428;0,5857;0,7666;0,8666;0,9225;0,958
5-987;Anwendung eines OP-Roboters;11601;96;120,8438;0,3665;0,5369;0,6786;0,7809;0,8766
5-988;Anwendung eines Navigationssystems;41927;499;84,022;0,4553;0,6483;0,7692;0,856;0,9159
5-989;Fluoreszenzgestützte Therapieverfahren;8324;216;38,537;0,5584;0,7367;0,848;0,9123;0,9505
5-98a;Hybridtherapie;4763;227;20,9824;0,4682;0,6599;0,7932;0,877;0,9255
5-98b;Anwendung eines flexiblen Ureterorenoskops;17651;275;64,1855;0,3271;0,5128;0,6626;0,7696;0,8561
5-98c;Anwendung eines Klammernahtgerätes;103419;832;124,3017;0,4037;0,5965;0,7275;0,8212;0,8901
5-98d;Verwendung von patientenindividuell hergestelltem Instrumentarium;1182;91;12,989;0,4103;0,6591;0,7851;0,8714;0,9289
5-98e;Intraoperative Blutflussmessung in Gefäßen;11301;155;72,9097;0,6586;0,8506;0,9397;0,9727;0,9873
5-995;Vorzeitiger Abbruch einer Operation (Eingriff nicht komplett durchgeführt);23957;1080;22,1824;0,4962;0,6857;0,7994;0,8721;0,9203
