﻿gruppe;gruppename;Anzahl KH;AnzahlTS
1-10 ... 1-10;Klinische Untersuchung;20;2100
1-20 ... 1-33;Untersuchung einzelner Körpersysteme;210;39154
1-40 ... 1-49;Biopsie ohne Inzision;211;13456
1-50 ... 1-58;Biopsie durch Inzision;39;314
1-61 ... 1-69;Diagnostische Endoskopie;241;14340
1-70 ... 1-79;Funktionstests;197;47100
1-84 ... 1-85;Explorative diagnostische Maßnahmen;78;827
1-90 ... 1-99;Andere diagnostische Maßnahmen;106;12086
3-03 ... 3-05;Ultraschalluntersuchungen;126;5307
3-10 ... 3-13;Projektionsradiographie;113;2879
3-20 ... 3-26;Computertomographie (CT);289;69139
3-30 ... 3-30;Optische Verfahren;7;50
3-60 ... 3-69;Darstellung des Gefäßsystems;77;677
3-70 ... 3-76;Nuklearmedizinische diagnostische Verfahren;106;11595
3-80 ... 3-84;Magnetresonanztomographie (MRT);221;36549
3-90 ... 3-90;Andere bildgebende Verfahren;67;1960
3-99 ... 3-99;Zusatzinformationen zu bildgebenden Verfahren;145;26145
5-01 ... 5-05;Operationen am Nervensystem;8;618
5-06 ... 5-07;Operationen an endokrinen Drüsen;-999;-999
5-08 ... 5-16;Operationen an den Augen;26;8732
5-18 ... 5-20;Operationen an den Ohren;31;1057
5-21 ... 5-22;Operationen an Nase und Nasennebenhöhlen;28;616
5-23 ... 5-28;Operationen an Mundhöhle und Gesicht;33;1473
5-29 ... 5-31;Operationen an Pharynx, Larynx und Trachea;9;199
5-32 ... 5-34;Operationen an Lunge und Bronchus;7;17
5-35 ... 5-37;Operationen am Herzen;8;51
5-38 ... 5-39;Operationen an den Blutgefäßen;65;744
5-40 ... 5-41;Operationen am hämatopoetischen und Lymphgefäßsystem;21;105
5-42 ... 5-54;Operationen am Verdauungstrakt;101;1195
5-55 ... 5-59;Operationen an den Harnorganen;16;185
5-60 ... 5-64;Operationen an den männlichen Geschlechtsorganen;22;165
5-65 ... 5-71;Operationen an den weiblichen Geschlechtsorganen;22;302
5-72 ... 5-75;Geburtshilfliche Operationen;-999;-999
5-76 ... 5-77;Operationen an Kiefer- und Gesichtsschädelknochen;6;113
5-78 ... 5-86;Operationen an den Bewegungsorganen;33;363
5-87 ... 5-88;Operationen an der Mamma;9;144
5-89 ... 5-92;Operationen an Haut und Unterhaut;99;15379
5-93 ... 5-99;Zusatzinformationen zu Operationen;48;10027
6-00 ... 6-00;Applikation von Medikamenten;149;32497
8-01 ... 8-02;Applikation von Medikamenten und Nahrung und therapeutische Injektion;74;4580
8-03 ... 8-03;Immuntherapie;19;212
8-10 ... 8-11;Entfernung von Fremdmaterial und Konkrementen;34;405
8-12 ... 8-13;Manipulationen an Verdauungstrakt und Harntrakt;101;1893
8-14 ... 8-17;Therapeutische Katheterisierung, Aspiration, Punktion und Spülung;112;3843
8-19 ... 8-19;Verbände;69;3586
8-20 ... 8-22;Geschlossene Reposition und Korrektur von Deformitäten;7;40
8-31 ... 8-39;Immobilisation und spezielle Lagerung;10;145
8-40 ... 8-41;Knochenextension und andere Extensionsverfahren;0;0
8-50 ... 8-51;Tamponade von Blutungen und Manipulation an Fetus oder Uterus;8;236
8-52 ... 8-54;Strahlentherapie, nuklearmedizinische Therapie und Chemotherapie;151;117030
8-55 ... 8-60;Frührehabilitative und physikalische Therapie;84;13618
8-63 ... 8-66;Elektrostimulation, Elektrotherapie und Dauer der Behandlung durch fokussierten Ultraschall;38;1894
8-70 ... 8-72;Maßnahmen für das Atmungssystem;53;17367
8-77 ... 8-77;Maßnahmen im Rahmen der Reanimation;3;5
8-80 ... 8-85;Maßnahmen für den Blutkreislauf;256;60066
8-86 ... 8-86;Therapie mit besonderen Zellen und Blutbestandteilen;3;7
8-90 ... 8-91;Anästhesie und Schmerztherapie;144;30089
8-92 ... 8-93;Patientenmonitoring;84;5603
8-97 ... 8-98;Komplexbehandlung;186;54387
8-99 ... 8-99;Zusatzinformationen zu nicht operativen therapeutischen Maßnahmen;3;3
9-20 ... 9-20;Pflege und Versorgung von Patienten;-999;-999
9-26 ... 9-28;Geburtsbegleitende Maßnahmen und Behandlung wegen Infertilität;-999;-999
9-31 ... 9-32;Phoniatrische und pädaudiologische Therapie;46;7176
9-40 ... 9-41;Psychosoziale, psychosomatische, neuropsychologische und psychotherapeutische Therapie;99;8651
9-50 ... 9-51;Präventive und ergänzende kommunikative Maßnahmen;63;4309
9-60 ... 9-64;Behandlung bei psychischen und psychosomatischen Störungen und Verhaltensstörungen bei Erwachsenen;5;352
9-65 ... 9-69;Behandlung bei psychischen und psychosomatischen Störungen und Verhaltensstörungen bei Kindern und Jugendlichen;0;0
9-98 ... 9-99;Andere ergänzende Maßnahmen und Informationen;5;80
