﻿kapitel;kapitelname;Anzahl KH;AnzahlTS
01;Bestimmte infektiöse und parasitäre Krankheiten;155;4947
02;Neubildungen;237;152710
03;Krankheiten des Blutes und der blutbildenden Organe sowie bestimmte Störungen mit Beteiligung des Immunsystems;156;7316
04;Endokrine, Ernährungs- und Stoffwechselkrankheiten;210;15011
05;Psychische und Verhaltensstörungen;219;19032
06;Krankheiten des Nervensystems;263;38127
07;Krankheiten des Auges und der Augenanhangsgebilde;74;6060
08;Krankheiten des Ohres und des Warzenfortsatzes;95;8552
09;Krankheiten des Kreislaufsystems;232;11582
10;Krankheiten des Atmungssystems;197;5734
11;Krankheiten des Verdauungssystems;175;12743
12;Krankheiten der Haut und der Unterhaut;120;20485
13;Krankheiten des Muskel-Skelett-Systems und des Bindegewebes;266;26552
14;Krankheiten des Urogenitalsystems;194;13069
15;Schwangerschaft, Geburt und Wochenbett;27;769
16;Bestimmte Zustände, die ihren Ursprung in der Perinatalperiode haben;31;130
17;Angeborene Fehlbildungen, Deformitäten und Chromosomenanomalien;96;5353
18;Symptome und abnorme klinische und Laborbefunde, die anderenorts nicht klassifiziert sind;284;26810
19;Verletzungen, Vergiftungen und bestimmte andere Folgen äußerer Ursachen;227;9322
20;Äußere Ursachen von Morbidität und Mortalität;0;0
21;Faktoren, die den Gesundheitszustand beeinflussen und zur Inanspruchnahme des Gesundheitswesens führen;225;38720
22;Schlüsselnummern für besondere Zwecke;7;18
