﻿gruppebereich;gruppename;Anzahl KH;AnzahlTS
A00-A09;Infektiöse Darmkrankheiten;58;267
A15-A19;Tuberkulose;20;62
A20-A28;Bestimmte bakterielle Zoonosen;4;6
A30-A49;Sonstige bakterielle Krankheiten;72;307
A50-A64;Infektionen, die vorwiegend durch Geschlechtsverkehr übertragen werden;33;230
A65-A69;Sonstige Spirochätenkrankheiten;47;216
A70-A74;Sonstige Krankheiten durch Chlamydien;2;2
A75-A79;Rickettsiosen;0;0
A80-A89;Virusinfektionen des Zentralnervensystems;16;35
A90-A99;Durch Arthropoden übertragene Viruskrankheiten und virale hämorrhagische Fieber;4;4
B00-B09;Virusinfektionen, die durch Haut- und Schleimhautläsionen gekennzeichnet sind;78;675
B15-B19;Virushepatitis;17;317
B20-B24;HIV-Krankheit [Humane Immundefizienz-Viruskrankheit];15;2380
B25-B34;Sonstige Viruskrankheiten;27;68
B35-B49;Mykosen;42;191
B50-B64;Protozoenkrankheiten;14;20
B65-B83;Helminthosen;8;19
B85-B89;Pedikulose [Läusebefall], Akarinose [Milbenbefall] und sonstiger Parasitenbefall der Haut;19;56
B90-B94;Folgezustände von infektiösen und parasitären Krankheiten;3;4
B95-B98;Bakterien, Viren und sonstige Infektionserreger als Ursache von Krankheiten, die in anderen Kapiteln klassifiziert sind;0;0
B99-B99;Sonstige Infektionskrankheiten;23;88
C00-C14;Bösartige Neubildungen der Lippe, der Mundhöhle und des Pharynx;77;2943
C15-C26;Bösartige Neubildungen der Verdauungsorgane;152;26529
C30-C39;Bösartige Neubildungen der Atmungsorgane und sonstiger intrathorakaler Organe;123;14500
C40-C41;Bösartige Neubildungen des Knochens und des Gelenkknorpels;57;1493
C43-C44;Melanom und sonstige bösartige Neubildungen der Haut;76;8487
C45-C49;Bösartige Neubildungen des mesothelialen Gewebes und des Weichteilgewebes;99;3734
C50-C50;Bösartige Neubildungen der Brustdrüse [Mamma];113;23576
C51-C58;Bösartige Neubildungen der weiblichen Genitalorgane;106;7052
C60-C63;Bösartige Neubildungen der männlichen Genitalorgane;107;4411
C64-C68;Bösartige Neubildungen der Harnorgane;116;2765
C69-C72;Bösartige Neubildungen des Auges, des Gehirns und sonstiger Teile des Zentralnervensystems;79;4644
C73-C75;Bösartige Neubildungen der Schilddrüse und sonstiger endokriner Drüsen;63;959
C76-C80;Bösartige Neubildungen ungenau bezeichneter, sekundärer und nicht näher bezeichneter Lokalisationen;127;4840
C81-C96;Bösartige Neubildungen des lymphatischen, blutbildenden und verwandten Gewebes, als primär festgestellt oder vermutet;135;34479
C97-C97;Bösartige Neubildungen als Primärtumoren an mehreren Lokalisationen;0;0
D00-D09;In-situ-Neubildungen;47;777
D10-D36;Gutartige Neubildungen;105;4651
D37-D48;Neubildungen unsicheren oder unbekannten Verhaltens;136;6870
D50-D53;Alimentäre Anämien;87;430
D55-D59;Hämolytische Anämien;73;1941
D60-D64;Aplastische und sonstige Anämien;99;1997
D65-D69;Koagulopathien, Purpura und sonstige hämorrhagische Diathesen;100;1336
D70-D77;Sonstige Krankheiten des Blutes und der blutbildenden Organe;70;387
D80-D90;Bestimmte Störungen mit Beteiligung des Immunsystems;85;1225
E00-E07;Krankheiten der Schilddrüse;48;993
E10-E14;Diabetes mellitus;155;4929
E15-E16;Sonstige Störungen der Blutglukose-Regulation und der inneren Sekretion des Pankreas;30;87
E20-E35;Krankheiten sonstiger endokriner Drüsen;64;2506
E40-E46;Mangelernährung;19;59
E50-E64;Sonstige alimentäre Mangelzustände;43;133
E65-E68;Adipositas und sonstige Überernährung;59;1820
E70-E90;Stoffwechselstörungen;124;4484
F00-F09;Organische, einschließlich symptomatischer psychischer Störungen;126;1497
F10-F19;Psychische und Verhaltensstörungen durch psychotrope Substanzen;22;80
F20-F29;Schizophrenie, schizotype und wahnhafte Störungen;17;25
F30-F39;Affektive Störungen;117;635
F40-F48;Neurotische, Belastungs- und somatoforme Störungen;156;11225
F50-F59;Verhaltensauffälligkeiten mit körperlichen Störungen und Faktoren;46;513
F60-F69;Persönlichkeits- und Verhaltensstörungen;26;93
F70-F79;Intelligenzstörung;13;33
F80-F89;Entwicklungsstörungen;47;3492
F90-F98;Verhaltens- und emotionale Störungen mit Beginn in der Kindheit und Jugend;46;1434
F99-F99;Nicht näher bezeichnete psychische Störungen;4;5
G00-G09;Entzündliche Krankheiten des Zentralnervensystems;48;491
G10-G14;Systematrophien, die vorwiegend das Zentralnervensystem betreffen;57;312
G20-G26;Extrapyramidale Krankheiten und Bewegungsstörungen;172;1883
G30-G32;Sonstige degenerative Krankheiten des Nervensystems;107;1035
G35-G37;Demyelinisierende Krankheiten des Zentralnervensystems;80;3481
G40-G47;Episodische und paroxysmale Krankheiten des Nervensystems;176;24550
G50-G59;Krankheiten von Nerven, Nervenwurzeln und Nervenplexus;110;1284
G60-G64;Polyneuropathien und sonstige Krankheiten des peripheren Nervensystems;115;2214
G70-G73;Krankheiten im Bereich der neuromuskulären Synapse und des Muskels;68;475
G80-G83;Zerebrale Lähmung und sonstige Lähmungssyndrome;126;1299
G90-G99;Sonstige Krankheiten des Nervensystems;117;1103
H00-H06;Affektionen des Augenlides, des Tränenapparates und der Orbita;30;517
H10-H13;Affektionen der Konjunktiva;10;33
H15-H22;Affektionen der Sklera, der Hornhaut, der Iris und des Ziliarkörpers;21;91
H25-H28;Affektionen der Linse;10;2864
H30-H36;Affektionen der Aderhaut und der Netzhaut;16;1906
H40-H42;Glaukom;10;49
H43-H45;Affektionen des Glaskörpers und des Augapfels;7;10
H46-H48;Affektionen des N. opticus und der Sehbahn;33;157
H49-H52;Affektionen der Augenmuskeln, Störungen der Blickbewegungen sowie Akkommodationsstörungen und Refraktionsfehler;38;147
H53-H54;Sehstörungen und Blindheit;38;197
H55-H59;Sonstige Affektionen des Auges und der Augenanhangsgebilde;34;89
H60-H62;Krankheiten des äußeren Ohres;15;54
H65-H75;Krankheiten des Mittelohres und des Warzenfortsatzes;26;219
H80-H83;Krankheiten des Innenohres;71;1021
H90-H95;Sonstige Krankheiten des Ohres;45;7258
I00-I02;Akutes rheumatisches Fieber;-999;-999
I05-I09;Chronische rheumatische Herzkrankheiten;12;23
I10-I15;Hypertonie [Hochdruckkrankheit];104;865
I20-I25;Ischämische Herzkrankheiten;116;1380
I26-I28;Pulmonale Herzkrankheit und Krankheiten des Lungenkreislaufes;56;110
I30-I52;Sonstige Formen der Herzkrankheit;164;3305
I60-I69;Zerebrovaskuläre Krankheiten;174;3252
I70-I79;Krankheiten der Arterien, Arteriolen und Kapillaren;142;1504
I80-I89;Krankheiten der Venen, der Lymphgefäße und der Lymphknoten, anderenorts nicht klassifiziert;85;1010
I95-I99;Sonstige und nicht näher bezeichnete Krankheiten des Kreislaufsystems;50;132
J00-J06;Akute Infektionen der oberen Atemwege;31;172
J09-J18;Grippe und Pneumonie;85;359
J20-J22;Sonstige akute Infektionen der unteren Atemwege;50;159
J30-J39;Sonstige Krankheiten der oberen Atemwege;56;818
J40-J47;Chronische Krankheiten der unteren Atemwege;139;3187
J60-J70;Lungenkrankheiten durch exogene Substanzen;20;27
J80-J84;Sonstige Krankheiten der Atmungsorgane, die hauptsächlich das Interstitium betreffen;28;110
J85-J86;Purulente und nekrotisierende Krankheitszustände der unteren Atemwege;19;35
J90-J94;Sonstige Krankheiten der Pleura;23;57
J95-J99;Sonstige Krankheiten des Atmungssystems;57;810
K00-K14;Krankheiten der Mundhöhle, der Speicheldrüsen und der Kiefer;56;1003
K20-K31;Krankheiten des Ösophagus, des Magens und des Duodenums;104;2502
K35-K38;Krankheiten der Appendix;7;8
K40-K46;Hernien;37;131
K50-K52;Nichtinfektiöse Enteritis und Kolitis;92;3950
K55-K64;Sonstige Krankheiten des Darmes;111;2512
K65-K67;Krankheiten des Peritoneums;11;14
K70-K77;Krankheiten der Leber;60;568
K80-K87;Krankheiten der Gallenblase, der Gallenwege und des Pankreas;70;513
K90-K93;Sonstige Krankheiten des Verdauungssystems;67;1542
L00-L08;Infektionen der Haut und der Unterhaut;59;258
L10-L14;Bullöse Dermatosen;34;327
L20-L30;Dermatitis und Ekzem;58;6219
L40-L45;Papulosquamöse Hautkrankheiten;74;6354
L50-L54;Urtikaria und Erythem;42;686
L55-L59;Krankheiten der Haut und der Unterhaut durch Strahleneinwirkung;35;1925
L60-L75;Krankheiten der Hautanhangsgebilde;54;1078
L80-L99;Sonstige Krankheiten der Haut und der Unterhaut;81;3638
M00-M03;Infektiöse Arthropathien;40;85
M05-M14;Entzündliche Polyarthropathien;128;3418
M15-M19;Arthrose;167;2108
M20-M25;Sonstige Gelenkkrankheiten;122;1088
M30-M36;Systemkrankheiten des Bindegewebes;129;2543
M40-M43;Deformitäten der Wirbelsäule und des Rückens;94;842
M45-M49;Spondylopathien;180;3372
M50-M54;Sonstige Krankheiten der Wirbelsäule und des Rückens;199;6774
M60-M63;Krankheiten der Muskeln;87;584
M65-M68;Krankheiten der Synovialis und der Sehnen;27;49
M70-M79;Sonstige Krankheiten des Weichteilgewebes;156;3201
M80-M85;Veränderungen der Knochendichte und -struktur;137;762
M86-M90;Sonstige Osteopathien;81;1145
M91-M94;Chondropathien;21;31
M95-M99;Sonstige Krankheiten des Muskel-Skelett-Systems und des Bindegewebes;73;550
N00-N08;Glomeruläre Krankheiten;32;139
N10-N16;Tubulointerstitielle Nierenkrankheiten;52;1002
N17-N19;Niereninsuffizienz;140;6290
N20-N23;Urolithiasis;14;323
N25-N29;Sonstige Krankheiten der Niere und des Ureters;32;314
N30-N39;Sonstige Krankheiten des Harnsystems;78;3985
N40-N51;Krankheiten der männlichen Genitalorgane;43;296
N60-N64;Krankheiten der Mamma [Brustdrüse];20;358
N70-N77;Entzündliche Krankheiten der weiblichen Beckenorgane;9;23
N80-N98;Nichtentzündliche Krankheiten des weiblichen Genitaltraktes;44;330
N99-N99;Sonstige Krankheiten des Urogenitalsystems;5;9
O00-O08;Schwangerschaft mit abortivem Ausgang;7;24
O09-O09;Schwangerschaftsdauer;0;0
O10-O16;Ödeme, Proteinurie und Hypertonie während der Schwangerschaft, der Geburt und des Wochenbettes;0;0
O20-O29;Sonstige Krankheiten der Mutter, die vorwiegend mit der Schwangerschaft verbunden sind;14;339
O30-O48;Betreuung der Mutter im Hinblick auf den Feten und die Amnionhöhle sowie mögliche Entbindungskomplikationen;7;346
O60-O75;Komplikationen bei Wehentätigkeit und Entbindung;2;11
O80-O82;Entbindung;0;0
O85-O92;Komplikationen, die vorwiegend im Wochenbett auftreten;2;9
O94-O99;Sonstige Krankheitszustände während der Gestationsperiode, die anderenorts nicht klassifiziert sind;14;40
P00-P04;Schädigung des Feten und Neugeborenen durch mütterliche Faktoren und durch Komplikationen bei Schwangerschaft, Wehentätigkeit und Entbindung;-999;-999
P05-P08;Störungen im Zusammenhang mit der Schwangerschaftsdauer und dem fetalen Wachstum;5;13
P10-P15;Geburtstrauma;3;4
P20-P29;Krankheiten des Atmungs- und Herz-Kreislaufsystems, die für die Perinatalperiode spezifisch sind;11;33
P35-P39;Infektionen, die für die Perinatalperiode spezifisch sind;6;6
P50-P61;Hämorrhagische und hämatologische Krankheiten beim Feten und Neugeborenen;14;38
P70-P74;Transitorische endokrine und Stoffwechselstörungen, die für den Feten und das Neugeborene spezifisch sind;2;2
P75-P78;Krankheiten des Verdauungssystems beim Feten und Neugeborenen;0;0
P80-P83;Krankheitszustände mit Beteiligung der Haut und der Temperaturregulation beim Feten und Neugeborenen;0;0
P90-P96;Sonstige Störungen, die ihren Ursprung in der Perinatalperiode haben;17;33
Q00-Q07;Angeborene Fehlbildungen des Nervensystems;49;613
Q10-Q18;Angeborene Fehlbildungen des Auges, des Ohres, des Gesichtes und des Halses;26;175
Q20-Q28;Angeborene Fehlbildungen des Kreislaufsystems;33;810
Q30-Q34;Angeborene Fehlbildungen des Atmungssystems;23;51
Q35-Q37;Lippen-, Kiefer- und Gaumenspalte;5;26
Q38-Q45;Sonstige angeborene Fehlbildungen des Verdauungssystems;42;256
Q50-Q56;Angeborene Fehlbildungen der Genitalorgane;23;64
Q60-Q64;Angeborene Fehlbildungen des Harnsystems;46;1552
Q65-Q79;Angeborene Fehlbildungen und Deformitäten des Muskel-Skelett-Systems;55;497
Q80-Q89;Sonstige angeborene Fehlbildungen;71;1174
Q90-Q99;Chromosomenanomalien, anderenorts nicht klassifiziert;31;135
R00-R09;Symptome, die das Kreislaufsystem und das Atmungssystem betreffen;98;2084
R10-R19;Symptome, die das Verdauungssystem und das Abdomen betreffen;109;4136
R20-R23;Symptome, die die Haut und das Unterhautgewebe betreffen;68;702
R25-R29;Symptome, die das Nervensystem und das Muskel-Skelett-System betreffen;190;11281
R30-R39;Symptome, die das Harnsystem betreffen;42;1108
R40-R46;Symptome, die das Erkennungs- und Wahrnehmungsvermögen, die Stimmung und das Verhalten betreffen;122;1911
R47-R49;Symptome, die die Sprache und die Stimme betreffen;45;237
R50-R69;Allgemeinsymptome;202;4355
R70-R79;Abnorme Blutuntersuchungsbefunde ohne Vorliegen einer Diagnose;51;545
R80-R82;Abnorme Urinuntersuchungsbefunde ohne Vorliegen einer Diagnose;11;28
R83-R89;Abnorme Befunde ohne Vorliegen einer Diagnose bei der Untersuchung anderer Körperflüssigkeiten, Substanzen und Gewebe;5;25
R90-R94;Abnorme Befunde ohne Vorliegen einer Diagnose bei bildgebender Diagnostik und Funktionsprüfungen;60;396
R95-R99;Ungenau bezeichnete und unbekannte Todesursachen;-999;-999
S00-S09;Verletzungen des Kopfes;100;1387
S10-S19;Verletzungen des Halses;30;83
S20-S29;Verletzungen des Thorax;82;277
S30-S39;Verletzungen des Abdomens, der Lumbosakralgegend, der Lendenwirbelsäule und des Beckens;130;813
S40-S49;Verletzungen der Schulter und des Oberarmes;125;756
S50-S59;Verletzungen des Ellenbogens und des Unterarmes;83;210
S60-S69;Verletzungen des Handgelenkes und der Hand;20;51
S70-S79;Verletzungen der Hüfte und des Oberschenkels;128;1725
S80-S89;Verletzungen des Knies und des Unterschenkels;101;345
S90-S99;Verletzungen der Knöchelregion und des Fußes;37;63
T00-T07;Verletzungen mit Beteiligung mehrerer Körperregionen;5;5
T08-T14;Verletzungen nicht näher bezeichneter Teile des Rumpfes, der Extremitäten oder anderer Körperregionen;26;62
T15-T19;Folgen des Eindringens eines Fremdkörpers durch eine natürliche Körperöffnung;31;166
T20-T25;Verbrennungen oder Verätzungen der äußeren Körperoberfläche, Lokalisation bezeichnet;11;94
T26-T28;Verbrennungen oder Verätzungen, die auf das Auge und auf innere Organe begrenzt sind;6;8
T29-T32;Verbrennungen oder Verätzungen mehrerer und nicht näher bezeichneter Körperregionen;9;11
T33-T35;Erfrierungen;0;0
T36-T50;Vergiftungen durch Arzneimittel, Drogen und biologisch aktive Substanzen;13;24
T51-T65;Toxische Wirkungen von vorwiegend nicht medizinisch verwendeten Substanzen;33;248
T66-T78;Sonstige und nicht näher bezeichnete Schäden durch äußere Ursachen;50;1222
T79-T79;Bestimmte Frühkomplikationen eines Traumas;12;14
T80-T88;Komplikationen bei chirurgischen Eingriffen und medizinischer Behandlung, anderenorts nicht klassifiziert;132;1721
T89-T89;Sonstige Komplikationen eines Traumas, anderenorts nicht klassifiziert;3;24
T90-T98;Folgen von Verletzungen, Vergiftungen und sonstigen Auswirkungen äußerer Ursachen;8;13
U00-U49;Vorläufige Zuordnungen für Krankheiten mit unklarer Ätiologie und nicht belegte Schlüsselnummern;0;0
U50-U52;Funktionseinschränkung;6;14
U55-U55;Erfolgte Registrierung zur Organtransplantation;-999;-999
U60-U61;Stadieneinteilung der HIV-Infektion;0;0
U69-U69;Sonstige sekundäre Schlüsselnummern für besondere Zwecke;0;0
U80-U85;Infektionserreger mit Resistenzen gegen bestimmte Antibiotika oder Chemotherapeutika;0;0
U99-U99;Nicht belegte Schlüsselnummern;0;0
V01-X59;Unfälle;0;0
X60-X84;Vorsätzliche Selbstbeschädigung;0;0
X85-Y09;Tätlicher Angriff;0;0
Y10-Y34;Ereignis, dessen nähere Umstände unbestimmt sind;0;0
Y35-Y36;Gesetzliche Maßnahmen und Kriegshandlungen;0;0
Y40-Y84;Komplikationen bei der medizinischen und chirurgischen Behandlung;0;0
Z00-Z13;Personen, die das Gesundheitswesen zur Untersuchung und Abklärung in Anspruch nehmen;104;7874
Z20-Z29;Personen mit potentiellen Gesundheitsrisiken hinsichtlich übertragbarer Krankheiten;29;464
Z30-Z39;Personen, die das Gesundheitswesen im Zusammenhang mit Problemen der Reproduktion in Anspruch nehmen;2;9
Z40-Z54;Personen, die das Gesundheitswesen zum Zwecke spezifischer Maßnahmen und zur medizinischen Betreuung in Anspruch nehmen;163;28899
Z55-Z65;Personen mit potentiellen Gesundheitsrisiken aufgrund sozioökonomischer oder psychosozialer Umstände;4;13
Z70-Z76;Personen, die das Gesundheitswesen aus sonstigen Gründen in Anspruch nehmen;12;146
Z80-Z99;Personen mit potentiellen Gesundheitsrisiken aufgrund der Familien- oder Eigenanamnese und bestimmte Zustände, die den Gesundheitszustand beeinflussen;73;1315
