﻿DRG;name;Relativgewicht;AnzahlBA;AntAnGesFallzahl
P67D;Neugeborener Einling, Aufnahmegewicht > 2499 g ohne OR-Prozedur, ohne Beatmung > 95 Stunden, ohne schweres Problem, ohne anderes Problem oder ein Belegungstag;0,221;40228;0,0705
D30B;Tonsillektomie außer bei bösartiger Neubildung oder verschiedene Eingriffe an Ohr, Nase, Mund und Hals ohne äußerst schwere CC, ohne aufwändigen Eingriff, ohne komplexe Diagnose;0,464;33485;0,0587
D06C;Eingriffe an Nasennebenhöhlen, Mastoid, komplexe Eingriffe am Mittelohr und andere Eingriffe an den Speicheldrüsen, Alter > 15 Jahre, ohne komplexe Prozedur, ohne komplexe Diagnose;0,517;27221;0,0477
D38Z;Mäßig komplexe Eingriffe an der Nase oder an den Nasennebenhöhlen;0,461;25036;0,0439
O60D;Vaginale Entbindung ohne komplizierende Diagnose;0,424;23162;0,0406
C08B;Extrakapsuläre Extraktion der Linse (ECCE) ohne angeborene Fehlbildung der Linse;0,387;19512;0,0342
L20C;Transurethrale Eingriffe außer Prostataresektion und kompl. Ureterorenoskopien ohne ESWL, ohne kompl. Eingr., ohne fluoreszenzgestützte TUR der Harnbl. od. and. Eingr. an der Urethra außer bei Para- / Tetraplegie, ohne äußerst schw. CC, Alter < 90 Jahre;0,506;10973;0,0192
G24B;Eingriffe bei Hernien, ohne plastische Rekonstruktion der Bauchwand;0,526;8999;0,0158
I68D;Nicht operativ behandelte Erkrankungen und Verletzungen im Wirbelsäulenbereich, mehr als ein Belegungstag, oder andere Femurfraktur;0,457;8592;0,0151
I44B;Implantation einer bikondylären Endoprothese oder andere Endoprothesenimplantation / -revision am Kniegelenk, ohne äußerst schweren CC oder ohne Korrektur einer Brustkorbdeformität;1,84;8573;0,015
O65C;Andere vorgeburtliche stationäre Aufnahme ohne äußerst schwere oder schwere CC, ohne komplexe Diagnose, ohne best. Placenta praevia oder ohne schwere CC, Schwangerschaftsdauer bis 25 oder mehr als 33 vollendete Wochen;0,252;8345;0,0146
L64A;Harnsteine und Harnwegsobstruktion mit äußerst schweren oder schweren CC oder Urethrastriktur, andere leichte bis moderate Erkr. der Harnorgane, mehr als ein Beleg.tag oder Beschw. und Symptome der Harnorgane oder Urethrozystoskopie;0,385;7877;0,0138
I47B;Revision oder Ersatz des Hüftgelenkes ohne komplizierende Diagnose, ohne Arthrodese, ohne äußerst schwere CC, Alter > 15 Jahre, ohne komplizierenden Eingriff;1,812;7419;0,013
O01H;Primäre Sectio caesarea ohne komplizierende Diagnose, Schwangerschaftsdauer mehr als 33 vollendete Wochen (SSW), ohne komplexe Diagnose;0,641;6925;0,0121
G26Z;Andere Eingriffe am Anus;0,382;6765;0,0119
I18B;Wenig komplexe Eingriffe an Kniegelenk, Ellenbogengelenk und Unterarm, Alter > 15 Jahre, ohne mäßig komplexen Eingriff, ohne beidseitigen Eingriff am Kniegelenk;0,46;6283;0,011
I30Z;Komplexe Eingriffe am Kniegelenk oder arthroskopische Eingriffe am Hüftgelenk;0,708;5840;0,0102
F49G;Invasive kardiologische Diagnostik außer bei akutem Myokardinfarkt, ohne äußerst schwere CC, Alter > 14 Jahre, ohne kardiales Mapping, ohne schwere CC, ohne komplexe Diagnose, ohne bestimmten Eingriff;0,515;5715;0,01
I29B;Komplexe Eingriffe am Schultergelenk oder bestimmte Osteosynthesen an der Klavikula, ohne komplizierende Diagnose oder ohne Eingriff an mehreren Lokalisationen;0,727;5704;0,01
O01F;Primäre Sectio caesarea ohne äuß. schwere CC, mit komplizierender oder komplexer Diagnose oder Schwangerschaftsdauer bis 33 vollendete Wochen (SSW) oder sekundäre Sectio caesarea, ohne komplizierende oder komplexe Diagnose, SSW > 33 vollendete Wochen;0,762;5621;0,0099
