﻿DRG;name;Relativgewicht;AnzahlHA;AntAnGesFallzahl
A06A;Beatmung > 1799 Stunden mit intensivmedizinischer Komplexbehandlung > 2940 / 5520 / - Aufwandspunkte oder mit hochkomplexem Eingriff oder mit komplexer OR-Prozedur oder Polytrauma und mit intensivmed. Komplexbehandlung > - / 3680 / 3680 Aufwandspunkte;65,943;587;0,00
A18Z;Beatmung > 999 Stunden und Transplantation von Leber, Lunge, Herz und Knochenmark oder Stammzelltransfusion;60,413;154;0,00
A06B;Beatmung > 1799 Stunden mit komplexer OR-Prozedur oder Polytrauma, ohne hochkomplexen Eingriff, ohne intensivmedizinische Komplexbehandlung > 2940 / 3680 / 3680 Aufwandspunkte oder ohne komplexe OR-Prozedur, ohne Polytrauma;47,432;1140;0,0001
P61A;Neugeborenes, Aufnahmegewicht < 600 g mit signifikanter OR-Prozedur;46,873;209;0,00
A07A;Beatmung > 999 Stunden oder > 499 Stunden mit intensivmedizinischer Komplexbehandlung > 4900 / 4600 / 4600 Aufwandspunkte, mit komplexer OR-Prozedur oder Polytrauma und int. Komplexbeh. > 3920 / 3680 / 3680 P. oder mit hochkompl. oder dreizeitigem Eingr.;44,014;757;0,00
P02A;Kardiothorakale oder Gefäßeingriffe bei Neugeborenen, Beatmung > 480 Stunden;41,014;124;0,00
A05A;Herztransplantation mit Beatmung > 179 Stunden oder Alter < 16 Jahre;40,768;102;0,00
A07B;Beatmung > 999 Stunden oder > 499 Stunden mit intensivmedizinischer Komplexbehandlung > 4900 / 4600 / 4600 Aufwandspunkte, mit kompl. OR-Proz. und kompliz. Konst. od. mit Polytrauma oder Alter < 16 J. oder intensivmed. Komplexbeh. > - / 3220 / - Punkte;37,364;1502;0,0001
P61B;Neugeborenes, Aufnahmegewicht < 600 g ohne signifikante OR-Prozedur;35,593;340;0,00
P61C;Neugeborenes, Aufnahmegewicht 600 - 749 g mit signifikanter OR-Prozedur;35,163;245;0,00
A09A;Beatmung > 499 Stunden oder > 249 Stunden mit int. Komplexbeh. > 2352/1932/2208 P., mit hochkomplexem Eingriff oder kompl. OR-Proz. und Alter < 16 Jahre, mit int. Komplexbeh. > 1764/1932/- P. oder mit sehr kompl. Eingr. und int. Komplexbeh. > -/2208/- P.;34,963;1368;0,0001
A03A;Lungentransplantation mit Beatmung > 179 Stunden;34,194;52;0,00
A01A;Lebertransplantation mit Beatmung > 179 Stunden oder kombinierter Dünndarmtransplantation;32,537;102;0,00
A05B;Herztransplantation ohne Beatmung > 179 Stunden, Alter > 15 Jahre;31,815;157;0,00
A04B;Knochenmarktransplantation / Stammzelltransfusion, allogen, außer bei Plasmozytom oder mit Graft-versus-host-Krankheit Grad III und IV, mit In-vitro-Aufbereitung oder Alter < 16 Jahre;30,106;355;0,00
A07C;Beatmung > 999 Stunden oder > 499 Stunden mit intensivmedizinischer Komplexbehandlung > 4900 / 4600 / 4600 Punkte, mit komplexer OR-Prozedur, ohne Polytrauma, Alter > 15 Jahre, mit intensivmedizinischer Komplexbehandlung > 2352 / 1932 / 2208 Punkte;29,735;2986;0,0002
P62A;Neugeborenes, Aufnahmegewicht 750 - 999 g mit signifikanter OR-Prozedur;28,597;268;0,00
P61D;Neugeborenes, Aufnahmegewicht 600 - 749 g ohne signifikante OR-Prozedur;26,796;636;0,00
A07D;Beatmung > 999 Stunden ohne komplexe OR-Prozedur, ohne Polytrauma, Alter > 15 Jahre, ohne intensivmedizinische Komplexbehandlung > 2352 / 1932 / 2208 Aufwandspunkte, mit komplexer Diagnose;25,387;593;0,00
A09B;Beatmung > 499 Stunden oder > 249 Stunden mit int. Komplexbeh. > 2352/1932/2208 P., mit angeb. Fehlbild. od. Tumorerkr., Alter < 3 J. oder mit hochkompl. Eingr. oder mit kompl. OR-Proz. oder int. Komplexbeh. > 1764/1932/- P. und Alter < 16 Jahre;23,795;6061;0,0003
