﻿Bundesland_A;Stufe;Anzahl KH;Anteil KH;BLCode;BettenstufeSort
01_Schleswig-Holstein;bis 49 Betten;18;0,30;01;b0049 
01_Schleswig-Holstein;50 bis 99 Betten;8;0,1333;01;b0099 
01_Schleswig-Holstein;100 bis 149 Betten;4;0,0667;01;b0149 
01_Schleswig-Holstein;150 bis 199 Betten;5;0,0833;01;b0199 
01_Schleswig-Holstein;200 bis 249 Betten;5;0,0833;01;b0249 
01_Schleswig-Holstein;250 bis 299 Betten;0;0,00;01;b0299 
01_Schleswig-Holstein;300 bis 399 Betten;5;0,0833;01;b0399 
01_Schleswig-Holstein;400 bis 499 Betten;5;0,0833;01;b0499 
01_Schleswig-Holstein;500 bis 599 Betten;2;0,0333;01;b0599 
01_Schleswig-Holstein;600 bis 799 Betten;4;0,0667;01;b0799 
01_Schleswig-Holstein;800 bis 999 Betten;0;0,00;01;b0999 
01_Schleswig-Holstein;1000 Betten und mehr;2;0,0333;01;b1000+
01_Schleswig-Holstein;Ohne Angabe;2;0,0333;01;oA    
02_Hamburg;bis 49 Betten;3;0,0938;02;b0049 
02_Hamburg;50 bis 99 Betten;2;0,0625;02;b0099 
02_Hamburg;100 bis 149 Betten;3;0,0938;02;b0149 
02_Hamburg;150 bis 199 Betten;4;0,125;02;b0199 
02_Hamburg;200 bis 249 Betten;4;0,125;02;b0249 
02_Hamburg;250 bis 299 Betten;1;0,0313;02;b0299 
02_Hamburg;300 bis 399 Betten;2;0,0625;02;b0399 
02_Hamburg;400 bis 499 Betten;1;0,0313;02;b0499 
02_Hamburg;500 bis 599 Betten;4;0,125;02;b0599 
02_Hamburg;600 bis 799 Betten;6;0,1875;02;b0799 
02_Hamburg;800 bis 999 Betten;0;0,00;02;b0999 
02_Hamburg;1000 Betten und mehr;1;0,0313;02;b1000+
02_Hamburg;Ohne Angabe;1;0,0313;02;oA    
03_Niedersachsen;bis 49 Betten;21;0,1321;03;b0049 
03_Niedersachsen;50 bis 99 Betten;26;0,1635;03;b0099 
03_Niedersachsen;100 bis 149 Betten;30;0,1887;03;b0149 
03_Niedersachsen;150 bis 199 Betten;15;0,0943;03;b0199 
03_Niedersachsen;200 bis 249 Betten;12;0,0755;03;b0249 
03_Niedersachsen;250 bis 299 Betten;14;0,0881;03;b0299 
03_Niedersachsen;300 bis 399 Betten;15;0,0943;03;b0399 
03_Niedersachsen;400 bis 499 Betten;9;0,0566;03;b0499 
03_Niedersachsen;500 bis 599 Betten;7;0,044;03;b0599 
03_Niedersachsen;600 bis 799 Betten;3;0,0189;03;b0799 
03_Niedersachsen;800 bis 999 Betten;1;0,0063;03;b0999 
03_Niedersachsen;1000 Betten und mehr;3;0,0189;03;b1000+
03_Niedersachsen;Ohne Angabe;3;0,0189;03;oA    
04_Bremen;bis 49 Betten;0;0,00;04;b0049 
04_Bremen;50 bis 99 Betten;1;0,0833;04;b0099 
04_Bremen;100 bis 149 Betten;0;0,00;04;b0149 
04_Bremen;150 bis 199 Betten;2;0,1667;04;b0199 
04_Bremen;200 bis 249 Betten;1;0,0833;04;b0249 
04_Bremen;250 bis 299 Betten;0;0,00;04;b0299 
04_Bremen;300 bis 399 Betten;3;0,25;04;b0399 
04_Bremen;400 bis 499 Betten;1;0,0833;04;b0499 
04_Bremen;500 bis 599 Betten;1;0,0833;04;b0599 
04_Bremen;600 bis 799 Betten;2;0,1667;04;b0799 
04_Bremen;800 bis 999 Betten;0;0,00;04;b0999 
04_Bremen;1000 Betten und mehr;0;0,00;04;b1000+
04_Bremen;Ohne Angabe;1;0,0833;04;oA    
05_Nordrhein-Westfalen;bis 49 Betten;14;0,0456;05;b0049 
05_Nordrhein-Westfalen;50 bis 99 Betten;26;0,0847;05;b0099 
05_Nordrhein-Westfalen;100 bis 149 Betten;33;0,1075;05;b0149 
05_Nordrhein-Westfalen;150 bis 199 Betten;19;0,0619;05;b0199 
05_Nordrhein-Westfalen;200 bis 249 Betten;36;0,1173;05;b0249 
05_Nordrhein-Westfalen;250 bis 299 Betten;25;0,0814;05;b0299 
05_Nordrhein-Westfalen;300 bis 399 Betten;57;0,1857;05;b0399 
05_Nordrhein-Westfalen;400 bis 499 Betten;32;0,1042;05;b0499 
05_Nordrhein-Westfalen;500 bis 599 Betten;20;0,0651;05;b0599 
05_Nordrhein-Westfalen;600 bis 799 Betten;24;0,0782;05;b0799 
05_Nordrhein-Westfalen;800 bis 999 Betten;3;0,0098;05;b0999 
05_Nordrhein-Westfalen;1000 Betten und mehr;15;0,0489;05;b1000+
05_Nordrhein-Westfalen;Ohne Angabe;3;0,0098;05;oA    
06_Hessen;bis 49 Betten;13;0,113;06;b0049 
06_Hessen;50 bis 99 Betten;13;0,113;06;b0099 
06_Hessen;100 bis 149 Betten;18;0,1565;06;b0149 
06_Hessen;150 bis 199 Betten;15;0,1304;06;b0199 
06_Hessen;200 bis 249 Betten;10;0,087;06;b0249 
06_Hessen;250 bis 299 Betten;8;0,0696;06;b0299 
06_Hessen;300 bis 399 Betten;12;0,1043;06;b0399 
06_Hessen;400 bis 499 Betten;8;0,0696;06;b0499 
06_Hessen;500 bis 599 Betten;5;0,0435;06;b0599 
06_Hessen;600 bis 799 Betten;4;0,0348;06;b0799 
06_Hessen;800 bis 999 Betten;5;0,0435;06;b0999 
06_Hessen;1000 Betten und mehr;2;0,0174;06;b1000+
06_Hessen;Ohne Angabe;2;0,0174;06;oA    
07_Rheinland-Pfalz;bis 49 Betten;5;0,0633;07;b0049 
07_Rheinland-Pfalz;50 bis 99 Betten;7;0,0886;07;b0099 
07_Rheinland-Pfalz;100 bis 149 Betten;12;0,1519;07;b0149 
07_Rheinland-Pfalz;150 bis 199 Betten;12;0,1519;07;b0199 
07_Rheinland-Pfalz;200 bis 249 Betten;7;0,0886;07;b0249 
07_Rheinland-Pfalz;250 bis 299 Betten;5;0,0633;07;b0299 
07_Rheinland-Pfalz;300 bis 399 Betten;8;0,1013;07;b0399 
07_Rheinland-Pfalz;400 bis 499 Betten;7;0,0886;07;b0499 
07_Rheinland-Pfalz;500 bis 599 Betten;7;0,0886;07;b0599 
07_Rheinland-Pfalz;600 bis 799 Betten;5;0,0633;07;b0799 
07_Rheinland-Pfalz;800 bis 999 Betten;1;0,0127;07;b0999 
07_Rheinland-Pfalz;1000 Betten und mehr;2;0,0253;07;b1000+
07_Rheinland-Pfalz;Ohne Angabe;1;0,0127;07;oA    
08_Baden-Württemberg;bis 49 Betten;21;0,125;08;b0049 
08_Baden-Württemberg;50 bis 99 Betten;35;0,2083;08;b0099 
08_Baden-Württemberg;100 bis 149 Betten;17;0,1012;08;b0149 
08_Baden-Württemberg;150 bis 199 Betten;18;0,1071;08;b0199 
08_Baden-Württemberg;200 bis 249 Betten;12;0,0714;08;b0249 
08_Baden-Württemberg;250 bis 299 Betten;8;0,0476;08;b0299 
08_Baden-Württemberg;300 bis 399 Betten;16;0,0952;08;b0399 
08_Baden-Württemberg;400 bis 499 Betten;12;0,0714;08;b0499 
08_Baden-Württemberg;500 bis 599 Betten;5;0,0298;08;b0599 
08_Baden-Württemberg;600 bis 799 Betten;9;0,0536;08;b0799 
08_Baden-Württemberg;800 bis 999 Betten;4;0,0238;08;b0999 
08_Baden-Württemberg;1000 Betten und mehr;8;0,0476;08;b1000+
08_Baden-Württemberg;Ohne Angabe;3;0,0179;08;oA    
09_Bayern;bis 49 Betten;40;0,1498;09;b0049 
09_Bayern;50 bis 99 Betten;42;0,1573;09;b0099 
09_Bayern;100 bis 149 Betten;51;0,191;09;b0149 
09_Bayern;150 bis 199 Betten;30;0,1124;09;b0199 
09_Bayern;200 bis 249 Betten;18;0,0674;09;b0249 
09_Bayern;250 bis 299 Betten;16;0,0599;09;b0299 
09_Bayern;300 bis 399 Betten;22;0,0824;09;b0399 
09_Bayern;400 bis 499 Betten;14;0,0524;09;b0499 
09_Bayern;500 bis 599 Betten;10;0,0375;09;b0599 
09_Bayern;600 bis 799 Betten;7;0,0262;09;b0799 
09_Bayern;800 bis 999 Betten;8;0,03;09;b0999 
09_Bayern;1000 Betten und mehr;6;0,0225;09;b1000+
09_Bayern;Ohne Angabe;3;0,0112;09;oA    
10_Saarland;bis 49 Betten;2;0,0952;10;b0049 
10_Saarland;50 bis 99 Betten;1;0,0476;10;b0099 
10_Saarland;100 bis 149 Betten;2;0,0952;10;b0149 
10_Saarland;150 bis 199 Betten;6;0,2857;10;b0199 
10_Saarland;200 bis 249 Betten;2;0,0952;10;b0249 
10_Saarland;250 bis 299 Betten;1;0,0476;10;b0299 
10_Saarland;300 bis 399 Betten;3;0,1429;10;b0399 
10_Saarland;400 bis 499 Betten;2;0,0952;10;b0499 
10_Saarland;500 bis 599 Betten;1;0,0476;10;b0599 
10_Saarland;600 bis 799 Betten;0;0,00;10;b0799 
10_Saarland;800 bis 999 Betten;0;0,00;10;b0999 
10_Saarland;1000 Betten und mehr;1;0,0476;10;b1000+
10_Saarland;Ohne Angabe;0;0,00;10;oA    
11_Berlin;bis 49 Betten;6;0,1277;11;b0049 
11_Berlin;50 bis 99 Betten;4;0,0851;11;b0099 
11_Berlin;100 bis 149 Betten;3;0,0638;11;b0149 
11_Berlin;150 bis 199 Betten;6;0,1277;11;b0199 
11_Berlin;200 bis 249 Betten;5;0,1064;11;b0249 
11_Berlin;250 bis 299 Betten;6;0,1277;11;b0299 
11_Berlin;300 bis 399 Betten;5;0,1064;11;b0399 
11_Berlin;400 bis 499 Betten;5;0,1064;11;b0499 
11_Berlin;500 bis 599 Betten;3;0,0638;11;b0599 
11_Berlin;600 bis 799 Betten;0;0,00;11;b0799 
11_Berlin;800 bis 999 Betten;0;0,00;11;b0999 
11_Berlin;1000 Betten und mehr;3;0,0638;11;b1000+
11_Berlin;Ohne Angabe;1;0,0213;11;oA    
12_Brandenburg;bis 49 Betten;4;0,0755;12;b0049 
12_Brandenburg;50 bis 99 Betten;7;0,1321;12;b0099 
12_Brandenburg;100 bis 149 Betten;13;0,2453;12;b0149 
12_Brandenburg;150 bis 199 Betten;5;0,0943;12;b0199 
12_Brandenburg;200 bis 249 Betten;3;0,0566;12;b0249 
12_Brandenburg;250 bis 299 Betten;5;0,0943;12;b0299 
12_Brandenburg;300 bis 399 Betten;3;0,0566;12;b0399 
12_Brandenburg;400 bis 499 Betten;5;0,0943;12;b0499 
12_Brandenburg;500 bis 599 Betten;5;0,0943;12;b0599 
12_Brandenburg;600 bis 799 Betten;1;0,0189;12;b0799 
12_Brandenburg;800 bis 999 Betten;1;0,0189;12;b0999 
12_Brandenburg;1000 Betten und mehr;1;0,0189;12;b1000+
12_Brandenburg;Ohne Angabe;0;0,00;12;oA    
13_Mecklenburg-Vorpommern;bis 49 Betten;2;0,0625;13;b0049 
13_Mecklenburg-Vorpommern;50 bis 99 Betten;5;0,1563;13;b0099 
13_Mecklenburg-Vorpommern;100 bis 149 Betten;4;0,125;13;b0149 
13_Mecklenburg-Vorpommern;150 bis 199 Betten;8;0,25;13;b0199 
13_Mecklenburg-Vorpommern;200 bis 249 Betten;3;0,0938;13;b0249 
13_Mecklenburg-Vorpommern;250 bis 299 Betten;1;0,0313;13;b0299 
13_Mecklenburg-Vorpommern;300 bis 399 Betten;3;0,0938;13;b0399 
13_Mecklenburg-Vorpommern;400 bis 499 Betten;2;0,0625;13;b0499 
13_Mecklenburg-Vorpommern;500 bis 599 Betten;0;0,00;13;b0599 
13_Mecklenburg-Vorpommern;600 bis 799 Betten;0;0,00;13;b0799 
13_Mecklenburg-Vorpommern;800 bis 999 Betten;3;0,0938;13;b0999 
13_Mecklenburg-Vorpommern;1000 Betten und mehr;1;0,0313;13;b1000+
13_Mecklenburg-Vorpommern;Ohne Angabe;0;0,00;13;oA    
14_Sachsen;bis 49 Betten;10;0,1282;14;b0049 
14_Sachsen;50 bis 99 Betten;9;0,1154;14;b0099 
14_Sachsen;100 bis 149 Betten;5;0,0641;14;b0149 
14_Sachsen;150 bis 199 Betten;12;0,1538;14;b0199 
14_Sachsen;200 bis 249 Betten;9;0,1154;14;b0249 
14_Sachsen;250 bis 299 Betten;5;0,0641;14;b0299 
14_Sachsen;300 bis 399 Betten;13;0,1667;14;b0399 
14_Sachsen;400 bis 499 Betten;6;0,0769;14;b0499 
14_Sachsen;500 bis 599 Betten;3;0,0385;14;b0599 
14_Sachsen;600 bis 799 Betten;0;0,00;14;b0799 
14_Sachsen;800 bis 999 Betten;3;0,0385;14;b0999 
14_Sachsen;1000 Betten und mehr;3;0,0385;14;b1000+
14_Sachsen;Ohne Angabe;0;0,00;14;oA    
15_Sachsen-Anhalt;bis 49 Betten;5;0,1136;15;b0049 
15_Sachsen-Anhalt;50 bis 99 Betten;4;0,0909;15;b0099 
15_Sachsen-Anhalt;100 bis 149 Betten;4;0,0909;15;b0149 
15_Sachsen-Anhalt;150 bis 199 Betten;6;0,1364;15;b0199 
15_Sachsen-Anhalt;200 bis 249 Betten;1;0,0227;15;b0249 
15_Sachsen-Anhalt;250 bis 299 Betten;4;0,0909;15;b0299 
15_Sachsen-Anhalt;300 bis 399 Betten;2;0,0455;15;b0399 
15_Sachsen-Anhalt;400 bis 499 Betten;7;0,1591;15;b0499 
15_Sachsen-Anhalt;500 bis 599 Betten;5;0,1136;15;b0599 
15_Sachsen-Anhalt;600 bis 799 Betten;3;0,0682;15;b0799 
15_Sachsen-Anhalt;800 bis 999 Betten;2;0,0455;15;b0999 
15_Sachsen-Anhalt;1000 Betten und mehr;1;0,0227;15;b1000+
15_Sachsen-Anhalt;Ohne Angabe;0;0,00;15;oA    
16_Thüringen;bis 49 Betten;1;0,0233;16;b0049 
16_Thüringen;50 bis 99 Betten;9;0,2093;16;b0099 
16_Thüringen;100 bis 149 Betten;7;0,1628;16;b0149 
16_Thüringen;150 bis 199 Betten;4;0,093;16;b0199 
16_Thüringen;200 bis 249 Betten;1;0,0233;16;b0249 
16_Thüringen;250 bis 299 Betten;1;0,0233;16;b0299 
16_Thüringen;300 bis 399 Betten;6;0,1395;16;b0399 
16_Thüringen;400 bis 499 Betten;5;0,1163;16;b0499 
16_Thüringen;500 bis 599 Betten;3;0,0698;16;b0599 
16_Thüringen;600 bis 799 Betten;3;0,0698;16;b0799 
16_Thüringen;800 bis 999 Betten;1;0,0233;16;b0999 
16_Thüringen;1000 Betten und mehr;2;0,0465;16;b1000+
16_Thüringen;Ohne Angabe;0;0,00;16;oA    
