﻿Bettenstufe;Summe KH;Anteil KH;BettenstufeSort
bis 49 Betten;165;0,1088;b0049
50 bis 99 Betten;199;0,1312;b0099
100 bis 149 Betten;206;0,1358;b0149
150 bis 199 Betten;167;0,1101;b0199
200 bis 249 Betten;129;0,085;b0249
250 bis 299 Betten;100;0,0659;b0299
300 bis 399 Betten;175;0,1154;b0399
400 bis 499 Betten;121;0,0798;b0499
500 bis 599 Betten;81;0,0534;b0599
600 bis 799 Betten;71;0,0468;b0799
800 bis 999 Betten;32;0,0211;b0999
1000 Betten und mehr;51;0,0336;b1000+
Ohne Angabe;20;0,0132;oA
