﻿DRG;name;Relativgewicht;AnzahlHA;AntAnGesFallzahl
P60C;Neugeborenes, verlegt < 5 Tage nach Aufnahme ohne signifikante OR-Prozedur, nicht zuverlegt, ohne Beatmung > 24 Stunden (Mindestverweildauer 24 Stunden für das Krankenhaus, in dem die Geburt stattfindet);0,123;12584;0,0007
P67D;Neugeborener Einling, Aufnahmegewicht > 2499 g ohne OR-Prozedur, ohne Beatmung > 95 Stunden, ohne schweres Problem, ohne anderes Problem oder ein Belegungstag;0,244;558756;0,0309
C64Z;Glaukom, Katarakt und Erkrankungen des Augenlides;0,265;35524;0,002
E63Z;Schlafapnoesyndrom oder kardiorespiratorische Polysomnographie bis 2 Belegungstage;0,275;113143;0,0063
E78Z;Kontrolle oder Optimierung einer bestehenden häuslichen Beatmung, bis 2 Belegungstage;0,285;25499;0,0014
O05C;Intrauterine Therapie des Feten;0,288;285;0,00
N62B;Menstruationsstörungen und andere Erkrankungen der weiblichen Geschlechtsorgane ohne komplexe Diagnose;0,323;15358;0,0008
P66D;Neugeborenes, Aufnahmegewicht 2000 - 2499 g ohne signifikante OR-Prozedur, ohne Beatmung > 95 Stunden, ohne Problem oder neugeborener Mehrling, Aufnahmegewicht > 2499 g ohne OR-Prozedur, ohne Beatmung > 95 Stunden, ohne Problem oder ein Belegungstag;0,328;21799;0,0012
B80Z;Andere Kopfverletzungen;0,335;223494;0,0124
L64B;Harnsteine und Harnwegsobstruktion ohne äußerst schwere oder schwere CC;0,344;59886;0,0033
D64Z;Laryngotracheitis, Laryngospasmus und Epiglottitis;0,355;9068;0,0005
G72B;Andere leichte bis moderate Erkrankungen der Verdauungsorgane, Alter > 2 Jahre oder Abdominalschmerz oder mesenteriale Lymphadenitis, Alter > 2 Jahre und Alter < 56 Jahre oder ohne CC;0,359;131326;0,0073
O63Z;Abort ohne Dilatation und Kürettage, Aspirationskürettage oder Hysterotomie;0,367;6061;0,0003
X64Z;Andere Krankheit verursacht durch Verletzung, Vergiftung oder toxische Wirkung;0,37;21975;0,0012
O65C;Andere vorgeburtliche stationäre Aufnahme ohne äußerst schwere oder schwere CC, ohne komplexe Diagnose, ohne best. Placenta praevia oder ohne schwere CC, Schwangerschaftsdauer bis 25 oder mehr als 33 vollendete Wochen;0,374;147326;0,0082
C62Z;Hyphäma und konservativ behandelte Augenverletzungen;0,376;5613;0,0003
G72A;Andere leichte bis moderate Erkrankungen der Verdauungsorgane oder Abdominalschmerz oder mesenteriale Lymphadenitis, Alter < 3 Jahre;0,379;1189;0,0001
J65Z;Verletzung der Haut, Unterhaut und Mamma;0,394;152989;0,0085
O61Z;Stationäre Aufnahme nach Entbindung oder Abort ohne OR-Prozedur;0,394;15987;0,0009
Z64D;Andere Faktoren, die den Gesundheitszustand beeinflussen und Nachbehandlung nach abgeschlossener Behandlung ohne Radiojoddiagnostik, ohne bestimmten Kontaktanlass;0,395;45697;0,0025
