﻿viersteller;vierstellername;AnzahlBA;Anzahl KH;mwNennungenKH;antKHTop10Prozent;antKHTop20Prozent;antKHTop30Prozent;antKHTop40Prozent;antKHTop50Prozent
5-010;Schädeleröffnung über die Kalotte;154;11;14,00;0,7597;0,9026;0,9286;0,9481;0,9675
5-011;Zugang durch die Schädelbasis;91;11;8,2727;0,7802;0,8791;0,9011;0,9231;0,9451
5-012;Inzision der Schädelknochen [Kraniotomie und Kraniektomie];12;5;2,40;0,3333;0,3333;0,5833;0,5833;0,75
5-013;Inzision von Gehirn und Hirnhäuten;62;2;31,00;0,8226;0,8226;0,8226;0,8226;0,8226
5-014;Stereotaktische Operationen an Schädel, Gehirn und Hirnhäuten;3;2;1,50;0,6667;0,6667;0,6667;0,6667;0,6667
5-015;Exzision und Destruktion von erkranktem intrakraniellem Gewebe;66;5;13,20;0,7879;0,7879;0,9394;0,9394;0,9697
5-016;Exzision und Destruktion von erkranktem Gewebe der Schädelknochen;17;9;1,8889;0,2941;0,4706;0,5882;0,7059;0,7647
5-017;Inzision, Resektion und Destruktion an intrakraniellen Anteilen von Hirnnerven und Ganglien;80;3;26,6667;0,90;0,90;0,90;0,90;0,9875
5-018;Mikrovaskuläre Dekompression von intrakraniellen Nerven;-999;-999;-999,00;-9,99;-9,99;-9,99;-9,99;-9,99
5-020;Kranioplastik;48;9;5,3333;0,4167;0,6458;0,7292;0,8125;0,875
5-021;Rekonstruktion der Hirnhäute;135;27;5,00;0,6741;0,7333;0,8148;0,8593;0,9037
5-022;Inzision am Liquorsystem;15;4;3,75;0,80;0,80;0,80;0,8667;0,8667
5-023;Anlegen eines Liquorshuntes [Shunt-Implantation];15;4;3,75;0,7333;0,7333;0,7333;0,8667;0,8667
5-024;Revision und Entfernung von Liquorableitungen;32;6;5,3333;0,375;0,375;0,625;0,625;0,7813
5-025;Inzision, Exzision, Destruktion und Verschluss von intrakraniellen Blutgefäßen;-999;-999;-999,00;-9,99;-9,99;-9,99;-9,99;-9,99
5-026;Rekonstruktion von intrakraniellen Blutgefäßen;0;0;NULL;NULL;NULL;NULL;NULL;NULL
5-027;Anlegen eines Bypasses und Transposition von intrakraniellen Blutgefäßen;0;0;NULL;NULL;NULL;NULL;NULL;NULL
5-028;Funktionelle Eingriffe an Schädel, Gehirn und Hirnhäuten;-999;-999;-999,00;-9,99;-9,99;-9,99;-9,99;-9,99
5-029;Andere Operationen an Schädel, Gehirn und Hirnhäuten;2;2;1,00;0,50;0,50;0,50;0,50;0,50
5-030;Zugang zum kraniozervikalen Übergang und zur Halswirbelsäule;1137;36;31,5833;0,3887;0,5418;0,6913;0,7845;0,8786
5-031;Zugang zur Brustwirbelsäule;94;19;4,9474;0,4468;0,6489;0,7447;0,8085;0,8617
5-032;Zugang zur Lendenwirbelsäule, zum Os sacrum und zum Os coccygis;7981;48;166,2708;0,431;0,6246;0,7351;0,8267;0,8935
5-033;Inzision des Spinalkanals;608;34;17,8824;0,3898;0,6891;0,7977;0,875;0,9079
5-034;Inzision von Rückenmark und Rückenmarkhäuten;2;2;1,00;0,50;0,50;0,50;0,50;0,50
5-035;Exzision und Destruktion von erkranktem Gewebe des Rückenmarkes und der Rückenmarkhäute;175;20;8,75;0,52;0,6743;0,7829;0,8514;0,8971
5-036;Plastische Operationen an Rückenmark und Rückenmarkhäuten;452;30;15,0667;0,5398;0,7235;0,8164;0,8872;0,9314
5-037;Operationen an intraspinalen Blutgefäßen;44;3;14,6667;0,9318;0,9318;0,9318;0,9318;0,9773
5-038;Operationen am spinalen Liquorsystem;590;16;36,875;0,6746;0,8136;0,9339;0,9542;0,9746
5-039;Andere Operationen an Rückenmark und Rückenmarkstrukturen;373;14;26,6429;0,378;0,756;0,9276;0,9678;0,9759
5-040;Inzision von Nerven;16;14;1,1429;0,125;0,3125;0,375;0,50;0,5625
5-041;Exzision und Destruktion von erkranktem Gewebe von Nerven;240;60;4,00;0,4833;0,6458;0,75;0,825;0,875
5-042;Exzision eines Nerven zur Transplantation;3;2;1,50;0,6667;0,6667;0,6667;0,6667;0,6667
5-043;Sympathektomie;-999;-999;-999,00;-9,99;-9,99;-9,99;-9,99;-9,99
5-044;Epineurale Naht eines Nerven und Nervenplexus, primär;25;18;1,3889;0,24;0,40;0,48;0,56;0,64
5-045;Interfaszikuläre Naht eines Nerven und Nervenplexus, primär;3;3;1,00;0,3333;0,3333;0,3333;0,3333;0,6667
5-046;Epineurale Naht eines Nerven und Nervenplexus, sekundär;6;5;1,20;0,3333;0,3333;0,50;0,50;0,6667
5-047;Interfaszikuläre Naht eines Nerven und Nervenplexus, sekundär;8;4;2,00;0,50;0,50;0,50;0,75;0,75
5-048;Epineurale Naht eines Nerven und Nervenplexus mit Transplantation;3;2;1,50;0,6667;0,6667;0,6667;0,6667;0,6667
5-049;Interfaszikuläre Naht eines Nerven und Nervenplexus mit Transplantation;4;3;1,3333;0,50;0,50;0,50;0,50;0,75
5-04a;Perkutane Sympathikolyse mit Steuerung durch bildgebende Verfahren;0;0;NULL;NULL;NULL;NULL;NULL;NULL
5-050;Epineurale Naht eines Nerven und Nervenplexus mit Transposition, primär;-999;-999;-999,00;-9,99;-9,99;-9,99;-9,99;-9,99
5-051;Interfaszikuläre Naht eines Nerven und Nervenplexus mit Transposition, primär;2;2;1,00;0,50;0,50;0,50;0,50;0,50
5-052;Epineurale Naht eines Nerven und Nervenplexus mit Transposition, sekundär;-999;-999;-999,00;-9,99;-9,99;-9,99;-9,99;-9,99
5-053;Interfaszikuläre Naht eines Nerven und Nervenplexus mit Transposition, sekundär;4;2;2,00;0,75;0,75;0,75;0,75;0,75
5-054;Epineurale Naht eines Nerven und Nervenplexus mit Transplantation und Transposition;0;0;NULL;NULL;NULL;NULL;NULL;NULL
5-055;Interfaszikuläre Naht eines Nerven und Nervenplexus mit Transplantation und Transposition;-999;-999;-999,00;-9,99;-9,99;-9,99;-9,99;-9,99
5-056;Neurolyse und Dekompression eines Nerven;2481;165;15,0364;0,5619;0,738;0,8424;0,9008;0,9399
5-057;Neurolyse und Dekompression eines Nerven mit Transposition;398;57;6,9825;0,5276;0,7387;0,8492;0,897;0,9271
5-058;Andere Rekonstruktion eines Nerven und Nervenplexus;4;3;1,3333;0,50;0,50;0,50;0,50;0,75
5-059;Andere Operationen an Nerven und Ganglien;160;20;8,00;0,3438;0,575;0,7063;0,7875;0,8563
5-060;Inzision im Gebiet der Schilddrüse;13;10;1,30;0,1538;0,3077;0,4615;0,5385;0,6154
5-061;Hemithyreoidektomie;405;30;13,50;0,479;0,6568;0,7827;0,8716;0,9235
5-062;Andere partielle Schilddrüsenresektion;388;44;8,8182;0,5206;0,7345;0,8273;0,8969;0,9304
5-063;Thyreoidektomie;640;32;20,00;0,425;0,6578;0,8484;0,9172;0,9469
5-064;Operationen an der Schilddrüse durch Sternotomie;0;0;NULL;NULL;NULL;NULL;NULL;NULL
5-065;Exzision des Ductus thyreoglossus;221;104;2,125;0,2851;0,4751;0,5837;0,6833;0,7647
5-066;Partielle Nebenschilddrüsenresektion;23;6;3,8333;0,7391;0,7391;0,8261;0,8261;0,8696
5-067;Parathyreoidektomie;27;6;4,50;0,5185;0,5185;0,7037;0,7037;0,7778
5-068;Operationen an der Nebenschilddrüse durch Sternotomie;0;0;NULL;NULL;NULL;NULL;NULL;NULL
5-069;Andere Operationen an Schilddrüse und Nebenschilddrüsen;1302;31;42,00;0,4762;0,6498;0,7811;0,8794;0,9409
5-070;Exploration der (Umgebung der) Nebenniere;0;0;NULL;NULL;NULL;NULL;NULL;NULL
5-071;Partielle Adrenalektomie;2;2;1,00;0,50;0,50;0,50;0,50;0,50
5-072;Adrenalektomie;15;9;1,6667;0,2667;0,4667;0,60;0,6667;0,7333
5-073;Andere Operationen an der Nebenniere;-999;-999;-999,00;-9,99;-9,99;-9,99;-9,99;-9,99
5-074;Exzision und Resektion von erkranktem Gewebe des Corpus pineale;0;0;NULL;NULL;NULL;NULL;NULL;NULL
5-075;Exzision und Resektion von erkranktem Gewebe der Hypophyse;-999;-999;-999,00;-9,99;-9,99;-9,99;-9,99;-9,99
5-076;Andere Operationen an der Hypophyse;0;0;NULL;NULL;NULL;NULL;NULL;NULL
5-077;Exzision und Resektion des Thymus;3;2;1,50;0,6667;0,6667;0,6667;0,6667;0,6667
5-078;Andere Operationen am Thymus;0;0;NULL;NULL;NULL;NULL;NULL;NULL
5-079;Operationen an anderen endokrinen Drüsen;0;0;NULL;NULL;NULL;NULL;NULL;NULL
5-080;Inzision der Tränendrüse;0;0;NULL;NULL;NULL;NULL;NULL;NULL
5-081;Exzision von (erkranktem) Gewebe der Tränendrüse;-999;-999;-999,00;-9,99;-9,99;-9,99;-9,99;-9,99
5-082;Andere Operationen an der Tränendrüse;-999;-999;-999,00;-9,99;-9,99;-9,99;-9,99;-9,99
5-084;Inzision von Tränensack und sonstigen Tränenwegen;68;8;8,50;0,8676;0,8971;0,8971;0,9265;0,9412
5-085;Exzision von erkranktem Gewebe an Tränensack und sonstigen Tränenwegen;89;10;8,90;0,6517;0,8652;0,9101;0,9326;0,9438
5-086;Rekonstruktion des Tränenkanals und Tränenpunktes;482;18;26,7778;0,9398;0,9627;0,9668;0,9751;0,9813
5-087;Dakryozystorhinostomie;374;54;6,9259;0,607;0,7406;0,8128;0,885;0,9171
5-088;Andere Rekonstruktion der Tränenwege;170;13;13,0769;0,8941;0,9412;0,9471;0,9529;0,9647
5-089;Andere Operationen an den Tränenwegen;7;5;1,40;0,2857;0,2857;0,5714;0,5714;0,7143
5-090;Inzision des (erkrankten) Augenlides;20;11;1,8182;0,45;0,55;0,60;0,65;0,75
5-091;Exzision und Destruktion von (erkranktem) Gewebe des Augenlides;636;72;8,8333;0,75;0,8538;0,8994;0,9277;0,9434
5-092;Operationen an Kanthus und Epikanthus;505;28;18,0357;0,8614;0,9248;0,9406;0,9624;0,9723
5-093;Korrekturoperation bei Entropium und Ektropium;1122;52;21,5769;0,8654;0,9153;0,9421;0,9572;0,9697
5-094;Korrekturoperation bei Blepharoptosis;641;29;22,1034;0,8393;0,8955;0,9345;0,9548;0,9704
5-095;Naht des Augenlides;445;17;26,1765;0,9011;0,9258;0,9596;0,973;0,982
5-096;Andere Rekonstruktion der Augenlider;1148;56;20,50;0,8876;0,9242;0,946;0,9591;0,9704
5-097;Blepharoplastik;1251;47;26,617;0,9337;0,9504;0,9632;0,9728;0,9808
5-098;Vertikale Lidverlängerung;39;6;6,50;0,641;0,641;0,8462;0,8462;0,8974
5-099;Andere Operationen am Augenlid;10;9;1,1111;0,20;0,30;0,40;0,50;0,60
5-10a;Verstärkende Eingriffe an einem geraden Augenmuskel;61;16;3,8125;0,3443;0,459;0,623;0,6885;0,8033
5-10b;Schwächende Eingriffe an einem geraden Augenmuskel;64;19;3,3684;0,2813;0,4375;0,5781;0,7031;0,8125
5-10c;Chirurgie der Abrollstrecke (Faden-Operation, Myopexie);29;7;4,1429;0,6207;0,6207;0,6897;0,7586;0,8276
5-10d;Transposition eines geraden Augenmuskels;23;2;11,50;0,9565;0,9565;0,9565;0,9565;0,9565
5-10e;Andere Operationen an den geraden Augenmuskeln;11;7;1,5714;0,2727;0,2727;0,5455;0,6364;0,7273
5-10f;Verstärkende Eingriffe an einem schrägen Augenmuskel;3;3;1,00;0,3333;0,3333;0,3333;0,3333;0,6667
5-10g;Schwächende Eingriffe an einem schrägen Augenmuskel;39;12;3,25;0,2564;0,4615;0,7436;0,8205;0,8462
5-10h;Transposition eines schrägen Augenmuskels;-999;-999;-999,00;-9,99;-9,99;-9,99;-9,99;-9,99
5-10j;Andere Operationen an den schrägen Augenmuskeln;-999;-999;-999,00;-9,99;-9,99;-9,99;-9,99;-9,99
5-10k;Kombinierte Operationen an den Augenmuskeln;554;32;17,3125;0,4188;0,6841;0,8556;0,9134;0,9422
5-10m;Andere Operationen an den Augenmuskeln;-999;-999;-999,00;-9,99;-9,99;-9,99;-9,99;-9,99
5-110;Operative Entfernung eines Fremdkörpers aus der Konjunktiva;-999;-999;-999,00;-9,99;-9,99;-9,99;-9,99;-9,99
5-112;Exzision und Destruktion von (erkranktem) Gewebe der Konjunktiva;79;23;3,4348;0,3544;0,6329;0,7342;0,7848;0,8608
5-113;Konjunktivaplastik;122;20;6,10;0,459;0,7131;0,8033;0,877;0,9098
5-114;Lösung von Adhäsionen zwischen Konjunktiva und Augenlid;5;5;1,00;0,20;0,20;0,40;0,40;0,60
5-115;Naht der Konjunktiva;741;26;28,50;0,8772;0,919;0,9487;0,9622;0,9771
5-119;Andere Operationen an der Konjunktiva;8;5;1,60;0,50;0,50;0,625;0,625;0,75
5-120;Operative Entfernung eines Fremdkörpers aus der Kornea;3;2;1,50;0,6667;0,6667;0,6667;0,6667;0,6667
5-121;Inzision der Kornea;2;2;1,00;0,50;0,50;0,50;0,50;0,50
5-122;Operationen bei Pterygium;327;28;11,6786;0,7125;0,8226;0,8746;0,9205;0,948
5-123;Exzision und Destruktion von (erkranktem) Gewebe der Kornea;154;30;5,1333;0,4351;0,6364;0,7662;0,8377;0,8831
5-124;Naht der Kornea;270;28;9,6429;0,5667;0,7741;0,8481;0,9037;0,9333
5-125;Hornhauttransplantation und Keratoprothetik;782;30;26,0667;0,5205;0,679;0,7992;0,8849;0,9399
5-126;Refraktive Keratoplastik und andere Rekonstruktion der Kornea;43;6;7,1667;0,6512;0,6512;0,814;0,814;0,8605
5-129;Andere Operationen an der Kornea;220;28;7,8571;0,6636;0,7909;0,8455;0,8955;0,9273
5-130;Operative Entfernung eines Fremdkörpers aus der vorderen Augenkammer;6;6;1,00;0,1667;0,1667;0,3333;0,3333;0,50
5-131;Senkung des Augeninnendruckes durch filtrierende Operationen;1599;51;31,3529;0,6867;0,7911;0,8543;0,9018;0,9425
5-132;Senkung des Augeninnendruckes durch Operationen am Corpus ciliare;1051;54;19,463;0,5024;0,745;0,8221;0,8849;0,9239
5-133;Senkung des Augeninnendruckes durch Verbesserung der Kammerwasserzirkulation;1841;51;36,098;0,623;0,8631;0,9185;0,9549;0,9745
5-134;Senkung des Augeninnendruckes durch nicht filtrierende Operationen;640;24;26,6667;0,4359;0,7063;0,7875;0,8922;0,9313
5-135;Exzision und Destruktion von erkranktem Gewebe an Iris, Corpus ciliare und Sklera;16;10;1,60;0,25;0,375;0,50;0,625;0,6875
5-136;Andere Iridektomie und Iridotomie;54;18;3,00;0,3333;0,5556;0,6111;0,7222;0,7963
5-137;Andere Operationen an der Iris;551;40;13,775;0,4392;0,657;0,7713;0,8475;0,8984
5-138;Operationen an der Sklera;505;20;25,25;0,8317;0,903;0,9465;0,9663;0,9743
5-139;Andere Operationen an Sklera, vorderer Augenkammer, Iris und Corpus ciliare;2329;53;43,9434;0,523;0,8265;0,8961;0,9279;0,9579
5-140;Entfernung eines Fremdkörpers aus der Augenlinse;0;0;NULL;NULL;NULL;NULL;NULL;NULL
5-142;Kapsulotomie der Linse;649;36;18,0278;0,6841;0,8182;0,8937;0,9276;0,9584
5-143;Intrakapsuläre Extraktion der Linse;41;25;1,64;0,3659;0,4878;0,5854;0,6341;0,7073
5-144;Extrakapsuläre Extraktion der Linse [ECCE];26040;133;195,7895;0,4188;0,6252;0,767;0,8578;0,9183
5-145;Andere Linsenextraktionen;293;37;7,9189;0,43;0,5666;0,7167;0,8157;0,884
5-146;(Sekundäre) Einführung und Wechsel einer alloplastischen Linse;594;59;10,0678;0,4747;0,6498;0,7609;0,8401;0,8939
5-147;Revision und Entfernung einer alloplastischen Linse;209;45;4,6444;0,4976;0,6411;0,7416;0,799;0,8565
5-149;Andere Operationen an der Linse;2562;43;59,5814;0,7744;0,9247;0,9543;0,9696;0,9832
5-150;Entfernung eines Fremdkörpers aus dem hinteren Augenabschnitt;5;5;1,00;0,20;0,20;0,40;0,40;0,60
5-152;Fixation der Netzhaut durch eindellende Operationen;248;27;9,1852;0,6008;0,7097;0,8024;0,875;0,9194
5-153;Revision, Wechsel und Entfernung einer Cerclage oder Plombe, die zur Fixation der Netzhaut angelegt wurde;36;14;2,5714;0,2222;0,5278;0,6389;0,75;0,8056
5-154;Andere Operationen zur Fixation der Netzhaut;3566;47;75,8723;0,3783;0,5909;0,7414;0,8629;0,9277
5-155;Destruktion von erkranktem Gewebe an Retina und Choroidea;2464;47;52,4255;0,7784;0,8482;0,9119;0,9501;0,97
5-156;Andere Operationen an der Retina;1901;47;40,4468;0,5928;0,7333;0,8496;0,919;0,9527
5-157;Andere Operationen an der Choroidea;32;10;3,20;0,50;0,625;0,7188;0,8125;0,8438
5-158;Pars-plana-Vitrektomie;9861;64;154,0781;0,4538;0,6739;0,7742;0,8622;0,9168
5-159;Vitrektomie über anderen Zugang und andere Operationen am Corpus vitreum;4340;62;70,00;0,6359;0,8048;0,9182;0,9544;0,9758
5-160;Orbitotomie;215;23;9,3478;0,7395;0,8791;0,9116;0,9349;0,9488
5-161;Entfernung eines Fremdkörpers aus Orbita und Augapfel, n.n.bez.;11;5;2,20;0,6364;0,6364;0,7273;0,7273;0,8182
5-162;Entfernung des Augeninhaltes [Eviszeration];3;3;1,00;0,3333;0,3333;0,3333;0,3333;0,6667
5-163;Entfernung des Augapfels [Enukleation];50;23;2,1739;0,34;0,54;0,64;0,72;0,78
5-164;Andere Exzision, Destruktion und Exenteration der Orbita und Orbitainnenhaut;9;6;1,50;0,4444;0,4444;0,5556;0,5556;0,6667
5-165;Sekundäre Einführung, Revision und Entfernung eines Orbitaimplantates;7;6;1,1667;0,2857;0,2857;0,4286;0,4286;0,5714
5-166;Revision und Rekonstruktion von Orbita und Augapfel;16;9;1,7778;0,375;0,50;0,625;0,6875;0,75
5-167;Rekonstruktion der Orbitawand;18;8;2,25;0,3333;0,6111;0,6111;0,7222;0,7778
5-168;Operationen am N. opticus;0;0;NULL;NULL;NULL;NULL;NULL;NULL
5-169;Andere Operationen an Orbita, Auge und Augapfel;154;16;9,625;0,7727;0,8442;0,9286;0,9351;0,9481
5-180;Inzision am äußeren Ohr;29;19;1,5263;0,2759;0,4138;0,5517;0,6207;0,6897
5-181;Exzision und Destruktion von erkranktem Gewebe des äußeren Ohres;526;142;3,7042;0,443;0,6122;0,7243;0,7909;0,8441
5-182;Resektion der Ohrmuschel;128;70;1,8286;0,2734;0,4297;0,5391;0,6484;0,7266
5-183;Wundversorgung am äußeren Ohr;19;15;1,2667;0,3158;0,3684;0,4737;0,5263;0,6316
5-184;Plastische Korrektur abstehender Ohren;418;123;3,3984;0,3086;0,5263;0,6507;0,744;0,8086
5-185;Konstruktion und Rekonstruktion des äußeren Gehörganges;1610;127;12,6772;0,6037;0,7516;0,836;0,8907;0,9286
5-186;Plastische Rekonstruktion von Teilen der Ohrmuschel;99;44;2,25;0,2626;0,5051;0,6263;0,7273;0,7778
5-187;Plastische Rekonstruktion der gesamten Ohrmuschel;25;14;1,7857;0,20;0,52;0,60;0,68;0,72
5-188;Andere Rekonstruktion des äußeren Ohres;65;38;1,7105;0,2615;0,4462;0,5385;0,6462;0,7077
5-189;Andere Operationen am äußeren Ohr;615;72;8,5417;0,5268;0,7024;0,8309;0,8943;0,9268
5-192;Revision einer Stapedektomie;68;21;3,2381;0,4412;0,5882;0,7059;0,7647;0,8529
5-193;Andere Operationen an den Gehörknöchelchen;7;4;1,75;0,5714;0,5714;0,5714;0,7143;0,7143
5-194;Myringoplastik [Tympanoplastik Typ I];691;136;5,0809;0,4588;0,6151;0,7279;0,8017;0,8625
5-195;Tympanoplastik (Verschluss einer Trommelfellperforation und Rekonstruktion der Gehörknöchelchen);3569;158;22,5886;0,4814;0,6598;0,7716;0,8529;0,9095
5-197;Stapesplastik;413;74;5,5811;0,322;0,5448;0,678;0,7797;0,8475
5-198;Fensterungsoperation des Promotoriums;101;6;16,8333;0,9505;0,9505;0,9604;0,9604;0,9703
5-199;Andere mikrochirurgische Operationen am Mittelohr;56;13;4,3077;0,4464;0,8036;0,8393;0,8571;0,8929
5-200;Parazentese [Myringotomie];7307;358;20,4106;0,4921;0,6767;0,785;0,8585;0,9099
5-201;Entfernung einer Paukendrainage;119;71;1,6761;0,3193;0,4622;0,5798;0,6387;0,7059
5-202;Inzision an Warzenfortsatz und Mittelohr;400;94;4,2553;0,38;0,59;0,715;0,8025;0,855
5-203;Mastoidektomie;440;71;6,1972;0,4045;0,6318;0,775;0,8568;0,9023
5-204;Rekonstruktion des Mittelohres;761;71;10,7183;0,5243;0,6951;0,7989;0,8752;0,929
5-205;Andere Exzisionen an Mittel- und Innenohr;383;44;8,7045;0,6031;0,752;0,8355;0,8956;0,9269
5-208;Inzision [Eröffnung] und Destruktion [Ausschaltung] des Innenohres;21;4;5,25;0,5238;0,5238;0,5238;0,8095;0,8095
5-209;Andere Operationen am Mittel- und Innenohr;311;56;5,5536;0,5209;0,7074;0,8103;0,865;0,9035
5-210;Operative Behandlung einer Nasenblutung;1377;194;7,0979;0,6928;0,7938;0,8526;0,894;0,9216
5-211;Inzision der Nase;548;130;4,2154;0,5985;0,7153;0,7865;0,8376;0,8814
5-212;Exzision und Destruktion von erkranktem Gewebe der Nase;1249;198;6,3081;0,6974;0,7862;0,8415;0,8783;0,9103
5-213;Resektion der Nase;62;41;1,5122;0,2742;0,4355;0,5323;0,5968;0,6774
5-214;Submuköse Resektion und plastische Rekonstruktion des Nasenseptums;43366;426;101,7981;0,4089;0,5983;0,7252;0,8111;0,8766
5-215;Operationen an der unteren Nasenmuschel [Concha nasalis];58145;424;137,1344;0,4518;0,6441;0,7648;0,8472;0,9008
5-216;Reposition einer Nasenfraktur;586;152;3,8553;0,3993;0,6007;0,7235;0,802;0,8567
5-217;Plastische Rekonstruktion der äußeren Nase;1154;131;8,8092;0,6993;0,8076;0,8614;0,9012;0,9324
5-218;Plastische Rekonstruktion der inneren und äußeren Nase [Septorhinoplastik];3803;227;16,7533;0,5732;0,7234;0,8157;0,8819;0,9253
5-219;Andere Operationen an der Nase;44;31;1,4194;0,2045;0,3409;0,4773;0,5682;0,6591
5-220;Nasennebenhöhlenpunktion;124;38;3,2632;0,6129;0,7177;0,7661;0,8145;0,8468
5-221;Operationen an der Kieferhöhle;6688;343;19,4985;0,4607;0,6401;0,7557;0,8367;0,8982
5-222;Operation am Siebbein und an der Keilbeinhöhle;5687;300;18,9567;0,4885;0,6605;0,7784;0,8562;0,9094
5-223;Operationen an der Stirnhöhle;689;83;8,3012;0,5298;0,7271;0,8215;0,8795;0,9231
5-224;Operationen an mehreren Nasennebenhöhlen;19962;334;59,7665;0,4347;0,6344;0,748;0,8353;0,8967
5-225;Plastische Rekonstruktion der Nasennebenhöhlen;196;41;4,7805;0,4898;0,6684;0,7755;0,8367;0,8878
5-229;Andere Operationen an den Nasennebenhöhlen;228;51;4,4706;0,5833;0,7368;0,807;0,8553;0,8904
5-230;Zahnextraktion;1031;72;14,3194;0,5441;0,7643;0,8661;0,9146;0,9447
5-231;Operative Zahnentfernung (durch Osteotomie);2007;74;27,1216;0,4868;0,7155;0,8211;0,8989;0,9452
5-232;Zahnsanierung durch Füllung;126;23;5,4783;0,4286;0,6667;0,754;0,8016;0,8651
5-233;Prothetischer Zahnersatz;7;7;1,00;0,1429;0,1429;0,2857;0,4286;0,5714
5-235;Replantation, Transplantation, Implantation und Stabilisierung eines Zahnes;82;28;2,9286;0,4634;0,5976;0,6707;0,7439;0,8171
5-236;Entfernung eines transplantierten Zahnes;0;0;NULL;NULL;NULL;NULL;NULL;NULL
5-237;Wurzelspitzenresektion und Wurzelkanalbehandlung;126;30;4,20;0,4048;0,6111;0,7381;0,8095;0,8651
5-240;Inzision des Zahnfleisches und Osteotomie des Alveolarkammes;132;29;4,5517;0,6591;0,7424;0,8106;0,8561;0,8939
5-241;Gingivaplastik;261;31;8,4194;0,6475;0,7931;0,8582;0,9004;0,9387
5-242;Andere Operationen am Zahnfleisch;245;36;6,8056;0,5878;0,702;0,7878;0,8367;0,8857
5-243;Exzision einer odontogenen pathologischen Veränderung des Kiefers;788;55;14,3273;0,6815;0,7944;0,8807;0,9251;0,9518
5-244;Alveolarkammplastik und Vestibulumplastik;517;46;11,2391;0,5841;0,7602;0,8549;0,9033;0,94
5-245;Zahnfreilegung;9;9;1,00;0,1111;0,2222;0,3333;0,4444;0,5556
5-249;Andere Operationen und Maßnahmen an Gebiss, Zahnfleisch und Alveolen;425;41;10,3659;0,6141;0,7906;0,8659;0,9129;0,9412
5-250;Inzision, Exzision und Destruktion von erkranktem Gewebe der Zunge;193;90;2,1444;0,3264;0,4819;0,5959;0,6891;0,7668
5-251;Partielle Glossektomie;57;30;1,90;0,2982;0,4386;0,5439;0,6491;0,7368
5-252;Glossektomie;6;4;1,50;0,3333;0,3333;0,3333;0,6667;0,6667
5-253;Rekonstruktion der Zunge;36;29;1,2414;0,2222;0,3611;0,4444;0,5278;0,6111
5-259;Andere Operationen an der Zunge;217;81;2,679;0,5806;0,6912;0,7373;0,7742;0,8157
5-260;Inzision und Schlitzung einer Speicheldrüse und eines Speicheldrüsenausführungsganges;65;41;1,5854;0,2923;0,4308;0,5538;0,6154;0,6923
5-261;Exzision von erkranktem Gewebe einer Speicheldrüse und eines Speicheldrüsenausführungsganges;161;82;1,9634;0,2547;0,4286;0,559;0,6584;0,7453
5-262;Resektion einer Speicheldrüse;1250;187;6,6845;0,3752;0,5832;0,7168;0,8032;0,8664
5-263;Rekonstruktion einer Speicheldrüse und eines Speicheldrüsenausführungsganges;8;6;1,3333;0,375;0,375;0,50;0,50;0,625
5-269;Andere Operationen an Speicheldrüse und Speicheldrüsenausführungsgang;19;9;2,1111;0,4211;0,6316;0,6842;0,7368;0,7895
5-270;Äußere Inzision und Drainage im Mund-, Kiefer- und Gesichtsbereich;241;58;4,1552;0,4772;0,6556;0,7427;0,8174;0,8672
5-271;Inzision des harten und weichen Gaumens;43;21;2,0476;0,2558;0,4651;0,6047;0,6977;0,7674
5-272;Exzision und Destruktion des (erkrankten) harten und weichen Gaumens;366;143;2,5594;0,418;0,582;0,6694;0,7459;0,806
5-273;Inzision, Exzision und Destruktion in der Mundhöhle;282;87;3,2414;0,4965;0,6418;0,7305;0,7943;0,8475
5-274;Mundbodenplastik;34;18;1,8889;0,4118;0,5882;0,6176;0,6765;0,7353
5-275;Palatoplastik;685;127;5,3937;0,4964;0,6642;0,7664;0,8336;0,8832
5-276;Plastische Rekonstruktion einer (angeborenen) Lippenspalte und Lippen-Kieferspalte;77;18;4,2778;0,4416;0,6883;0,7532;0,8442;0,8831
5-277;Resektion des Mundbodens mit plastischer Rekonstruktion;25;15;1,6667;0,32;0,44;0,60;0,64;0,72
5-278;Resektion der Wange mit plastischer Rekonstruktion;20;10;2,00;0,50;0,60;0,65;0,70;0,75
5-279;Andere Operationen am Mund;311;68;4,5735;0,7138;0,8006;0,8392;0,8682;0,8907
5-280;Transorale Inzision und Drainage eines pharyngealen oder parapharyngealen Abszesses;223;73;3,0548;0,4305;0,6054;0,6996;0,7803;0,8386
5-281;Tonsillektomie (ohne Adenotomie);20441;393;52,0127;0,3731;0,5625;0,6928;0,7934;0,8694
5-282;Tonsillektomie mit Adenotomie;12755;367;34,7548;0,4151;0,6026;0,7352;0,8265;0,89
5-284;Exzision und Destruktion einer Zungengrundtonsille;650;75;8,6667;0,8031;0,8631;0,90;0,9215;0,9431
5-285;Adenotomie (ohne Tonsillektomie);6637;351;18,9088;0,5623;0,732;0,8299;0,8939;0,9336
5-289;Andere Operationen an Gaumen- und Rachenmandeln;2394;318;7,5283;0,5209;0,6855;0,7828;0,8496;0,8964
5-290;Pharyngotomie;11;8;1,375;0,2727;0,4545;0,4545;0,5455;0,6364
5-291;Operationen an Kiemengangsresten;313;120;2,6083;0,3323;0,4984;0,6134;0,7061;0,7827
5-292;Exzision und Destruktion von erkranktem Gewebe des Pharynx;395;69;5,7246;0,6582;0,7797;0,8456;0,8861;0,9139
5-293;Pharyngoplastik;56;21;2,6667;0,5357;0,6071;0,6786;0,75;0,8214
5-294;Andere Rekonstruktionen des Pharynx;1495;203;7,3645;0,4027;0,606;0,7304;0,8134;0,8769
5-295;Partielle Resektion des Pharynx [Pharynxteilresektion];51;29;1,7586;0,2941;0,4706;0,5882;0,6667;0,7255
5-296;Radikale Resektion des Pharynx [Pharyngektomie];2;2;1,00;0,50;0,50;0,50;0,50;0,50
5-299;Andere Operationen am Pharynx;30;17;1,7647;0,30;0,4333;0,60;0,6667;0,7333
5-300;Exzision und Destruktion von erkranktem Gewebe des Larynx;3191;296;10,7804;0,4588;0,6449;0,7593;0,8323;0,8872
5-301;Hemilaryngektomie;6;4;1,50;0,50;0,50;0,50;0,6667;0,6667
5-302;Andere partielle Laryngektomie;148;51;2,902;0,3919;0,5473;0,6486;0,75;0,8311
5-303;Laryngektomie;8;6;1,3333;0,375;0,375;0,50;0,50;0,625
5-310;Larynxverengende Eingriffe;16;7;2,2857;0,25;0,25;0,50;0,6875;0,8125
5-311;Temporäre Tracheostomie;38;26;1,4615;0,2632;0,3684;0,5263;0,5789;0,6579
5-312;Permanente Tracheostomie;40;24;1,6667;0,225;0,375;0,475;0,625;0,70
5-313;Inzision des Larynx und andere Inzisionen der Trachea;29;19;1,5263;0,2069;0,3793;0,5172;0,6207;0,6897
5-314;Exzision, Resektion und Destruktion (von erkranktem Gewebe) der Trachea;29;16;1,8125;0,3793;0,4483;0,5862;0,6552;0,7241
5-315;Rekonstruktion des Larynx;17;12;1,4167;0,1765;0,2941;0,5294;0,5882;0,6471
5-316;Rekonstruktion der Trachea;163;71;2,2958;0,3558;0,5153;0,638;0,7239;0,7853
5-319;Andere Operationen an Larynx und Trachea;29;19;1,5263;0,2759;0,4138;0,5517;0,6207;0,6897
5-320;Exzision und Destruktion von erkranktem Gewebe eines Bronchus;29;8;3,625;0,7586;0,7931;0,7931;0,8276;0,8621
5-321;Andere Exzision und Resektion eines Bronchus (ohne Resektion des Lungenparenchyms);0;0;NULL;NULL;NULL;NULL;NULL;NULL
5-322;Atypische Lungenresektion;-999;-999;-999,00;-9,99;-9,99;-9,99;-9,99;-9,99
5-323;Segmentresektion und Bisegmentresektion der Lunge;0;0;NULL;NULL;NULL;NULL;NULL;NULL
5-324;Einfache Lobektomie und Bilobektomie der Lunge;0;0;NULL;NULL;NULL;NULL;NULL;NULL
5-325;Erweiterte Lobektomie und Bilobektomie der Lunge;0;0;NULL;NULL;NULL;NULL;NULL;NULL
5-327;Einfache (Pleuro-)Pneum(on)ektomie;0;0;NULL;NULL;NULL;NULL;NULL;NULL
5-328;Erweiterte (Pleuro-)Pneum(on)ektomie;0;0;NULL;NULL;NULL;NULL;NULL;NULL
5-329;Andere Exzisionen an Lunge und Bronchus;0;0;NULL;NULL;NULL;NULL;NULL;NULL
5-330;Inzision eines Bronchus;3;3;1,00;0,3333;0,3333;0,3333;0,3333;0,6667
5-331;Inzision der Lunge;0;0;NULL;NULL;NULL;NULL;NULL;NULL
5-333;Adhäsiolyse an Lunge und Brustwand;0;0;NULL;NULL;NULL;NULL;NULL;NULL
5-334;Rekonstruktion an Lunge und Bronchien;3;3;1,00;0,3333;0,3333;0,3333;0,3333;0,6667
5-335;Lungentransplantation;0;0;NULL;NULL;NULL;NULL;NULL;NULL
5-339;Andere Operationen an Lunge und Bronchien;46;4;11,50;0,913;0,913;0,913;0,9565;0,9565
5-340;Inzision von Brustwand und Pleura;21;14;1,50;0,1429;0,3333;0,4286;0,619;0,6667
5-341;Inzision des Mediastinums;-999;-999;-999,00;-9,99;-9,99;-9,99;-9,99;-9,99
5-342;Exzision und Destruktion von erkranktem Gewebe des Mediastinums;-999;-999;-999,00;-9,99;-9,99;-9,99;-9,99;-9,99
5-343;Exzision und Destruktion von (erkranktem) Gewebe der Brustwand;74;23;3,2174;0,5811;0,7297;0,7838;0,8108;0,8514
5-344;Pleurektomie;-999;-999;-999,00;-9,99;-9,99;-9,99;-9,99;-9,99
5-345;Pleurodese [Verödung des Pleuraspaltes];10;7;1,4286;0,30;0,30;0,50;0,60;0,70
5-346;Plastische Rekonstruktion der Brustwand;5;5;1,00;0,20;0,20;0,40;0,40;0,60
5-347;Operationen am Zwerchfell;5;3;1,6667;0,60;0,60;0,60;0,60;0,80
5-349;Andere Operationen am Thorax;25;18;1,3889;0,24;0,40;0,48;0,56;0,64
5-350;Valvulotomie;0;0;NULL;NULL;NULL;NULL;NULL;NULL
5-351;Ersatz von Herzklappen durch Prothese;0;0;NULL;NULL;NULL;NULL;NULL;NULL
5-352;Wechsel von Herzklappenprothesen;0;0;NULL;NULL;NULL;NULL;NULL;NULL
5-353;Valvuloplastik;-999;-999;-999,00;-9,99;-9,99;-9,99;-9,99;-9,99
5-354;Andere Operationen an Herzklappen;-999;-999;-999,00;-9,99;-9,99;-9,99;-9,99;-9,99
5-355;Herstellung und Vergrößerung eines Septumdefektes des Herzens;0;0;NULL;NULL;NULL;NULL;NULL;NULL
5-356;Plastische Rekonstruktion des Herzseptums bei angeborenen Herzfehlern;0;0;NULL;NULL;NULL;NULL;NULL;NULL
5-357;Operationen bei kongenitalen Gefäßanomalien;0;0;NULL;NULL;NULL;NULL;NULL;NULL
5-358;Operationen bei kongenitalen Klappenanomalien des Herzens;0;0;NULL;NULL;NULL;NULL;NULL;NULL
5-359;Andere Operationen am Herzen bei kongenitalen Anomalien;0;0;NULL;NULL;NULL;NULL;NULL;NULL
5-35a;Minimalinvasive Operationen an Herzklappen;0;0;NULL;NULL;NULL;NULL;NULL;NULL
5-360;Desobliteration (Endarteriektomie) der Koronararterien;0;0;NULL;NULL;NULL;NULL;NULL;NULL
5-361;Anlegen eines aortokoronaren Bypass;0;0;NULL;NULL;NULL;NULL;NULL;NULL
5-362;Anlegen eines aortokoronaren Bypass durch minimalinvasive Technik;0;0;NULL;NULL;NULL;NULL;NULL;NULL
5-363;Andere Revaskularisation des Herzens;0;0;NULL;NULL;NULL;NULL;NULL;NULL
5-364;Anwendung eines mechanischen Anastomosensystems bei Operationen an den Koronargefäßen;0;0;NULL;NULL;NULL;NULL;NULL;NULL
5-369;Andere Operationen an den Koronargefäßen;0;0;NULL;NULL;NULL;NULL;NULL;NULL
5-370;Perikardiotomie und Kardiotomie;5;2;2,50;0,80;0,80;0,80;0,80;0,80
5-371;Chirurgische ablative Maßnahmen bei Tachyarrhythmie;0;0;NULL;NULL;NULL;NULL;NULL;NULL
5-372;Exzision und Destruktion von erkranktem Gewebe des Perikardes und Perikardektomie;0;0;NULL;NULL;NULL;NULL;NULL;NULL
5-373;Exzision und Destruktion von erkranktem Gewebe des Herzens;0;0;NULL;NULL;NULL;NULL;NULL;NULL
5-374;Rekonstruktion des Perikardes und des Herzens;0;0;NULL;NULL;NULL;NULL;NULL;NULL
5-375;Herz- und Herz-Lungen-Transplantation;0;0;NULL;NULL;NULL;NULL;NULL;NULL
5-376;Implantation und Entfernung eines herzunterstützenden Systems, offen chirurgisch;0;0;NULL;NULL;NULL;NULL;NULL;NULL
5-377;Implantation eines Herzschrittmachers, Defibrillators und Ereignis-Rekorders;1215;21;57,8571;0,321;0,6189;0,8453;0,9267;0,9704
5-378;Entfernung, Wechsel und Korrektur eines Herzschrittmachers und Defibrillators;675;18;37,50;0,4044;0,6533;0,7407;0,8711;0,917
5-379;Andere Operationen an Herz und Perikard;0;0;NULL;NULL;NULL;NULL;NULL;NULL
5-37a;Minimalinvasive Rekonstruktion des Perikardes und des Herzens;0;0;NULL;NULL;NULL;NULL;NULL;NULL
5-37b;Offen chirurgische Implantation und Entfernung von Kanülen für die Anwendung eines extrakorporalen (herz- und) lungenunterstützenden Systems mit Membranoxygenation;0;0;NULL;NULL;NULL;NULL;NULL;NULL
5-380;Inzision, Embolektomie und Thrombektomie von Blutgefäßen;552;23;24,00;0,7808;0,9293;0,9493;0,9656;0,9783
5-381;Endarteriektomie;1273;13;97,9231;0,5554;0,9026;0,9442;0,9615;0,9835
5-382;Resektion von Blutgefäßen mit Reanastomosierung;70;7;10,00;0,6429;0,6429;0,8571;0,9143;0,9429
5-383;Resektion und Ersatz (Interposition) von (Teilen von) Blutgefäßen;23;11;2,0909;0,4783;0,5652;0,6522;0,6957;0,7826
5-384;Resektion und Ersatz (Interposition) an der Aorta;34;2;17,00;0,5882;0,5882;0,5882;0,5882;0,5882
5-385;Unterbindung, Exzision und Stripping von Varizen;9409;71;132,5211;0,6426;0,8189;0,8997;0,9456;0,9758
5-386;Andere Exzision von (erkrankten) Blutgefäßen und Transplantatentnahme;274;17;16,1176;0,5547;0,7409;0,9197;0,9526;0,9708
5-387;Ligatur und Teilverschluss der Vena cava;0;0;NULL;NULL;NULL;NULL;NULL;NULL
5-388;Naht von Blutgefäßen;203;53;3,8302;0,5369;0,6995;0,7734;0,8276;0,8719
5-389;Anderer operativer Verschluss an Blutgefäßen;66;35;1,8857;0,4242;0,5303;0,6364;0,6818;0,7424
5-38a;Endovaskuläre Implantation von Stent-Prothesen;30;2;15,00;0,80;0,80;0,80;0,80;0,80
5-38b;Endoskopische Entnahme von Blutgefäßen zur Transplantation;0;0;NULL;NULL;NULL;NULL;NULL;NULL
5-38c;Offen chirurgische Implantation von nicht großlumigen ungecoverten Stents;61;3;20,3333;0,7213;0,7213;0,7213;0,7213;0,9836
5-38d;Offen chirurgische Implantation von nicht großlumigen gecoverten Stents;7;2;3,50;0,7143;0,7143;0,7143;0,7143;0,7143
5-38e;Offen chirurgische Implantation von großlumigen ungecoverten Stents;16;2;8,00;0,6875;0,6875;0,6875;0,6875;0,6875
5-38f;Offen chirurgische Angioplastie (Ballon);165;3;55,00;0,7697;0,7697;0,7697;0,7697;0,9576
5-38g;Selektive offene intravasale Lyse;20;2;10,00;0,65;0,65;0,65;0,65;0,65
5-390;Shuntoperationen zwischen großem und kleinem Kreislauf [Links-Rechts-Shunt];0;0;NULL;NULL;NULL;NULL;NULL;NULL
5-391;Anlegen eines intraabdominalen venösen Shuntes;0;0;NULL;NULL;NULL;NULL;NULL;NULL
5-392;Anlegen eines arteriovenösen Shuntes;83;7;11,8571;0,6627;0,6627;0,9036;0,9398;0,9639
5-393;Anlegen eines anderen Shuntes und Bypasses an Blutgefäßen;345;8;43,125;0,6406;0,7855;0,7855;0,8783;0,9188
5-394;Revision einer Blutgefäßoperation;211;20;10,55;0,4834;0,7299;0,8673;0,9384;0,9526
5-395;Patchplastik an Blutgefäßen;113;16;7,0625;0,6549;0,7345;0,8584;0,885;0,9292
5-396;Transposition von Blutgefäßen;-999;-999;-999,00;-9,99;-9,99;-9,99;-9,99;-9,99
5-397;Andere plastische Rekonstruktion von Blutgefäßen;-999;-999;-999,00;-9,99;-9,99;-9,99;-9,99;-9,99
5-398;Operationen am Glomus caroticum und anderen Paraganglien;-999;-999;-999,00;-9,99;-9,99;-9,99;-9,99;-9,99
5-399;Andere Operationen an Blutgefäßen;1334;121;11,0248;0,6432;0,8163;0,8801;0,9168;0,9415
5-400;Inzision von Lymphknoten und Lymphgefäßen;3;3;1,00;0,3333;0,3333;0,3333;0,3333;0,6667
5-401;Exzision einzelner Lymphknoten und Lymphgefäße;2955;230;12,8478;0,6958;0,8102;0,8758;0,9171;0,9438
5-402;Regionale Lymphadenektomie (Ausräumung mehrerer Lymphknoten einer Region) als selbständiger Eingriff;550;151;3,6424;0,3836;0,5691;0,6964;0,78;0,8436
5-403;Radikale zervikale Lymphadenektomie [Neck dissection];478;112;4,2679;0,4038;0,6025;0,7218;0,8013;0,8556
5-404;Radikale (systematische) Lymphadenektomie als selbständiger Eingriff;77;43;1,7907;0,3636;0,5065;0,6104;0,6623;0,7273
5-405;Operationen am Ductus thoracicus;0;0;NULL;NULL;NULL;NULL;NULL;NULL
5-406;Regionale Lymphadenektomie (Ausräumung mehrerer Lymphknoten einer Region) im Rahmen einer anderen Operation;503;67;7,5075;0,6302;0,7654;0,8529;0,8966;0,9304
5-407;Radikale (systematische) Lymphadenektomie im Rahmen einer anderen Operation;101;32;3,1563;0,495;0,6337;0,7327;0,7921;0,8416
5-408;Andere Operationen am Lymphgefäßsystem;28;24;1,1667;0,2143;0,3214;0,3929;0,50;0,5714
5-410;Entnahme von hämatopoetischen Stammzellen aus Knochenmark und peripherem Blut zur Transplantation;-999;-999;-999,00;-9,99;-9,99;-9,99;-9,99;-9,99
5-411;Transplantation von hämatopoetischen Stammzellen aus dem Knochenmark;0;0;NULL;NULL;NULL;NULL;NULL;NULL
5-412;Inzision der Milz;-999;-999;-999,00;-9,99;-9,99;-9,99;-9,99;-9,99
5-413;Splenektomie;18;11;1,6364;0,2778;0,3889;0,50;0,6111;0,7222
5-418;Andere Operationen am Knochenmark;0;0;NULL;NULL;NULL;NULL;NULL;NULL
5-419;Andere Operationen an der Milz;4;3;1,3333;0,50;0,50;0,50;0,50;0,75
5-420;Inzision des Ösophagus;0;0;NULL;NULL;NULL;NULL;NULL;NULL
5-421;Ösophagostomie als selbständiger Eingriff;0;0;NULL;NULL;NULL;NULL;NULL;NULL
5-422;Lokale Exzision und Destruktion von erkranktem Gewebe des Ösophagus;28;20;1,40;0,25;0,4286;0,50;0,5714;0,6429
5-423;Partielle Ösophagusresektion ohne Wiederherstellung der Kontinuität;0;0;NULL;NULL;NULL;NULL;NULL;NULL
5-424;Partielle Ösophagusresektion mit Wiederherstellung der Kontinuität;-999;-999;-999,00;-9,99;-9,99;-9,99;-9,99;-9,99
5-425;(Totale) Ösophagektomie ohne Wiederherstellung der Kontinuität;0;0;NULL;NULL;NULL;NULL;NULL;NULL
5-426;(Totale) Ösophagektomie mit Wiederherstellung der Kontinuität;0;0;NULL;NULL;NULL;NULL;NULL;NULL
5-427;Rekonstruktion der Ösophaguspassage (als selbständiger Eingriff);0;0;NULL;NULL;NULL;NULL;NULL;NULL
5-428;Rekonstruktion der Ösophaguspassage bei Atresie und Versorgung einer kongenitalen ösophagotrachealen Fistel;0;0;NULL;NULL;NULL;NULL;NULL;NULL
5-429;Andere Operationen am Ösophagus;212;44;4,8182;0,4811;0,6981;0,783;0,8491;0,8868
5-430;Gastrotomie;0;0;NULL;NULL;NULL;NULL;NULL;NULL
5-431;Gastrostomie;154;47;3,2766;0,3182;0,4675;0,6169;0,7338;0,8117
5-432;Operationen am Pylorus;7;5;1,40;0,2857;0,2857;0,5714;0,5714;0,7143
5-433;Lokale Exzision und Destruktion von erkranktem Gewebe des Magens;106;25;4,24;0,3585;0,5472;0,717;0,7925;0,8774
5-434;Atypische partielle Magenresektion;5;4;1,25;0,40;0,40;0,40;0,60;0,60
5-435;Partielle Magenresektion (2/3-Resektion);-999;-999;-999,00;-9,99;-9,99;-9,99;-9,99;-9,99
5-436;Subtotale Magenresektion (4/5-Resektion);0;0;NULL;NULL;NULL;NULL;NULL;NULL
5-437;(Totale) Gastrektomie;5;4;1,25;0,40;0,40;0,40;0,60;0,60
5-438;(Totale) Gastrektomie mit subtotaler Ösophagusresektion;0;0;NULL;NULL;NULL;NULL;NULL;NULL
5-439;Andere Inzision, Exzision und Resektion am Magen;2;2;1,00;0,50;0,50;0,50;0,50;0,50
5-444;Vagotomie;0;0;NULL;NULL;NULL;NULL;NULL;NULL
5-445;Gastroenterostomie ohne Magenresektion [Bypassverfahren];6;3;2,00;0,50;0,50;0,50;0,50;0,8333
5-447;Revision nach Magenresektion;0;0;NULL;NULL;NULL;NULL;NULL;NULL
5-448;Andere Rekonstruktion am Magen;161;18;8,9444;0,646;0,795;0,8385;0,9006;0,9379
5-449;Andere Operationen am Magen;177;36;4,9167;0,4746;0,6723;0,7966;0,8531;0,8983
5-450;Inzision des Darmes;5;4;1,25;0,40;0,40;0,40;0,60;0,60
5-451;Lokale Exzision und Destruktion von erkranktem Gewebe des Dünndarmes;51;24;2,125;0,3137;0,5294;0,6078;0,7255;0,7647
5-452;Lokale Exzision und Destruktion von erkranktem Gewebe des Dickdarmes;1816;91;19,956;0,6156;0,81;0,9042;0,9433;0,9637
5-453;Ausschaltung eines Darmsegmentes als selbständiger Eingriff (z.B. bei zweizeitigen plastischen Operationen);0;0;NULL;NULL;NULL;NULL;NULL;NULL
5-454;Resektion des Dünndarmes;58;23;2,5217;0,3276;0,4828;0,5862;0,6724;0,7759
5-455;Partielle Resektion des Dickdarmes;450;33;13,6364;0,5356;0,7556;0,8578;0,9222;0,9578
5-456;(Totale) Kolektomie und Proktokolektomie;3;3;1,00;0,3333;0,3333;0,3333;0,3333;0,6667
5-459;Bypass-Anastomose des Darmes;8;6;1,3333;0,25;0,25;0,50;0,50;0,625
5-460;Anlegen eines Enterostomas, doppelläufig, als selbständiger Eingriff;22;9;2,4444;0,2273;0,3636;0,50;0,6364;0,7727
5-461;Anlegen eines Enterostomas, endständig, als selbständiger Eingriff;15;11;1,3636;0,20;0,3333;0,4667;0,5333;0,6667
5-462;Anlegen eines Enterostomas (als protektive Maßnahme) im Rahmen eines anderen Eingriffes;37;11;3,3636;0,5405;0,7027;0,7568;0,8108;0,8649
5-463;Anlegen anderer Enterostomata;3;2;1,50;0,6667;0,6667;0,6667;0,6667;0,6667
5-464;Revision und andere Eingriffe an einem Enterostoma;27;13;2,0769;0,2963;0,5185;0,5926;0,6667;0,7778
5-465;Rückverlagerung eines doppelläufigen Enterostomas;37;14;2,6429;0,3243;0,5405;0,6216;0,7297;0,7838
5-466;Wiederherstellung der Kontinuität des Darmes bei endständigen Enterostomata;11;8;1,375;0,1818;0,3636;0,3636;0,5455;0,6364
5-467;Andere Rekonstruktion des Darmes;149;57;2,614;0,4765;0,5973;0,6846;0,7651;0,8121
5-468;Intraabdominale Manipulation am Darm;7;5;1,40;0,2857;0,2857;0,5714;0,5714;0,7143
5-469;Andere Operationen am Darm;5880;211;27,8673;0,5704;0,7459;0,8473;0,9099;0,9498
5-470;Appendektomie;1059;80;13,2375;0,5364;0,7365;0,8499;0,9065;0,9424
5-471;Simultane Appendektomie;114;44;2,5909;0,307;0,50;0,6316;0,7368;0,807
5-479;Andere Operationen an der Appendix;5;4;1,25;0,40;0,40;0,40;0,60;0,60
5-480;Inzision des Rektums;6;4;1,50;0,50;0,50;0,50;0,6667;0,6667
5-482;Peranale lokale Exzision und Destruktion von erkranktem Gewebe des Rektums;1148;68;16,8824;0,5523;0,7552;0,8371;0,9051;0,9434
5-484;Rektumresektion unter Sphinktererhaltung;201;25;8,04;0,4726;0,6119;0,7512;0,8159;0,8756
5-485;Rektumresektion ohne Sphinktererhaltung;19;8;2,375;0,5263;0,6842;0,6842;0,7368;0,7895
5-486;Rekonstruktion des Rektums;313;41;7,6341;0,6038;0,7476;0,8275;0,8882;0,9265
5-489;Andere Operation am Rektum;102;34;3,00;0,3529;0,5784;0,6863;0,7647;0,8235
5-490;Inzision und Exzision von Gewebe der Perianalregion;1642;106;15,4906;0,6529;0,8112;0,8922;0,9294;0,9568
5-491;Operative Behandlung von Analfisteln;2378;71;33,493;0,5122;0,7687;0,868;0,9184;0,9521
5-492;Exzision und Destruktion von erkranktem Gewebe des Analkanals;2413;76;31,75;0,6548;0,8239;0,9039;0,9399;0,9644
5-493;Operative Behandlung von Hämorrhoiden;4196;94;44,6383;0,5336;0,7376;0,8356;0,9071;0,9514
5-494;Durchtrennung des Sphincter ani [Sphinkterotomie];28;11;2,5455;0,4286;0,5357;0,6071;0,6786;0,8214
5-495;Primäre plastische Rekonstruktion bei anorektalen Anomalien;6;4;1,50;0,50;0,50;0,50;0,6667;0,6667
5-496;Rekonstruktion des Anus und des Sphinkterapparates;187;27;6,9259;0,5187;0,631;0,7487;0,8449;0,9091
5-499;Andere Operationen am Anus;104;24;4,3333;0,5288;0,6827;0,7404;0,8269;0,875
5-500;Inzision der Leber;-999;-999;-999,00;-9,99;-9,99;-9,99;-9,99;-9,99
5-501;Lokale Exzision und Destruktion von erkranktem Gewebe der Leber (atypische Leberresektion);46;17;2,7059;0,4565;0,5217;0,6522;0,7609;0,8261
5-502;Anatomische (typische) Leberresektion;5;2;2,50;0,80;0,80;0,80;0,80;0,80
5-503;Leberteilresektion und Hepatektomie (zur Transplantation);-999;-999;-999,00;-9,99;-9,99;-9,99;-9,99;-9,99
5-504;Lebertransplantation;0;0;NULL;NULL;NULL;NULL;NULL;NULL
5-505;Rekonstruktion der Leber;8;5;1,60;0,375;0,375;0,625;0,625;0,75
5-506;Implantation, Wechsel und Entfernung eines Katheterverweilsystems in Leberarterie und Pfortader (zur Chemotherapie);-999;-999;-999,00;-9,99;-9,99;-9,99;-9,99;-9,99
5-509;Andere Operationen an der Leber;5;4;1,25;0,40;0,40;0,40;0,60;0,60
5-510;Cholezystotomie und Cholezystostomie;0;0;NULL;NULL;NULL;NULL;NULL;NULL
5-511;Cholezystektomie;2080;53;39,2453;0,3659;0,6428;0,775;0,8644;0,9418
5-512;Biliodigestive Anastomose (von Ductus hepaticus, Ductus choledochus und Leberparenchym);4;3;1,3333;0,50;0,50;0,50;0,50;0,75
5-513;Endoskopische Operationen an den Gallengängen;503;28;17,9643;0,5785;0,827;0,8767;0,9185;0,9423
5-514;Andere Operationen an den Gallengängen;18;7;2,5714;0,50;0,50;0,7222;0,7778;0,8333
5-515;Exzision und Resektion von erkranktem Gewebe der Gallengänge;2;2;1,00;0,50;0,50;0,50;0,50;0,50
5-516;Andere Rekonstruktion der Gallengänge;2;2;1,00;0,50;0,50;0,50;0,50;0,50
5-517;Einlegen oder Wechseln von selbstexpandierenden Stents und Stent-Prothesen in die Gallengänge;0;0;NULL;NULL;NULL;NULL;NULL;NULL
5-518;Operationen an Sphincter Oddi und Papilla duodeni major;-999;-999;-999,00;-9,99;-9,99;-9,99;-9,99;-9,99
5-519;Andere Operationen an Gallenblase und Gallengängen;0;0;NULL;NULL;NULL;NULL;NULL;NULL
5-520;Inzision des Pankreas;0;0;NULL;NULL;NULL;NULL;NULL;NULL
5-521;Lokale Exzision und Destruktion von erkranktem Gewebe des Pankreas;3;2;1,50;0,6667;0,6667;0,6667;0,6667;0,6667
5-522;Marsupialisation einer Pankreaszyste;-999;-999;-999,00;-9,99;-9,99;-9,99;-9,99;-9,99
5-523;Innere Drainage des Pankreas;-999;-999;-999,00;-9,99;-9,99;-9,99;-9,99;-9,99
5-524;Partielle Resektion des Pankreas;6;2;3,00;0,8333;0,8333;0,8333;0,8333;0,8333
5-525;(Totale) Pankreatektomie;0;0;NULL;NULL;NULL;NULL;NULL;NULL
5-526;Endoskopische Operationen am Pankreasgang;10;2;5,00;0,90;0,90;0,90;0,90;0,90
5-527;Anastomose des Ductus pancreaticus;-999;-999;-999,00;-9,99;-9,99;-9,99;-9,99;-9,99
5-528;Transplantation von Pankreas(gewebe);0;0;NULL;NULL;NULL;NULL;NULL;NULL
5-529;Andere Operationen am Pankreas und am Pankreasgang;3;2;1,50;0,6667;0,6667;0,6667;0,6667;0,6667
5-530;Verschluss einer Hernia inguinalis;9001;150;60,0067;0,5193;0,7456;0,8583;0,9222;0,9578
5-531;Verschluss einer Hernia femoralis;179;55;3,2545;0,4078;0,5698;0,6983;0,7821;0,8492
5-534;Verschluss einer Hernia umbilicalis;1694;113;14,9912;0,5242;0,7444;0,8377;0,8937;0,9321
5-535;Verschluss einer Hernia epigastrica;638;79;8,0759;0,4342;0,6599;0,7915;0,8683;0,9122
5-536;Verschluss einer Narbenhernie;1092;102;10,7059;0,4524;0,6667;0,8132;0,8864;0,9258
5-537;Verschluss kongenitaler Bauchwanddefekte (Omphalozele, Laparoschisis);0;0;NULL;NULL;NULL;NULL;NULL;NULL
5-538;Verschluss einer Hernia diaphragmatica;252;13;19,3846;0,7183;0,9048;0,9444;0,9603;0,9762
5-539;Verschluss anderer abdominaler Hernien;98;40;2,45;0,3265;0,5306;0,6735;0,7551;0,7959
5-540;Inzision der Bauchwand;129;29;4,4483;0,7054;0,8062;0,845;0,8682;0,8915
5-541;Laparotomie und Eröffnung des Retroperitoneums;352;118;2,9831;0,4205;0,5852;0,6875;0,767;0,8324
5-542;Exzision und Destruktion von erkranktem Gewebe der Bauchwand;106;53;2,00;0,3396;0,5094;0,6038;0,6981;0,7547
5-543;Exzision und Destruktion von peritonealem Gewebe;594;84;7,0714;0,5758;0,7458;0,8182;0,8721;0,9108
5-545;Verschluss von Bauchwand und Peritoneum;55;33;1,6667;0,2727;0,4545;0,5636;0,6364;0,7091
5-546;Plastische Rekonstruktion von Bauchwand und Peritoneum;144;53;2,717;0,3333;0,5347;0,6389;0,7153;0,7986
5-547;Resektion von Gewebe in der Bauchregion ohne sichere Organzuordnung;36;23;1,5652;0,25;0,4722;0,5556;0,6111;0,6944
5-549;Andere Bauchoperationen;452;62;7,2903;0,6925;0,8053;0,8739;0,9049;0,9314
5-550;Perkutan-transrenale Nephrotomie, Nephrostomie, Steinentfernung, Pyeloplastik und ureterorenoskopische Steinentfernung;1282;96;13,3542;0,3814;0,5889;0,7551;0,8487;0,9119
5-551;Offen chirurgische Nephrotomie, Nephrostomie, Pyelotomie und Pyelostomie;40;21;1,9048;0,35;0,525;0,625;0,675;0,75
5-552;Exzision und Destruktion von (erkranktem) Gewebe der Niere;78;40;1,95;0,2692;0,4359;0,5769;0,6795;0,7436
5-553;Partielle Resektion der Niere;172;43;4,00;0,2267;0,4535;0,593;0,6919;0,7907
5-554;Nephrektomie;357;56;6,375;0,2857;0,4398;0,5966;0,7031;0,8039
5-555;Nierentransplantation;0;0;NULL;NULL;NULL;NULL;NULL;NULL
5-557;Rekonstruktion der Niere;125;41;3,0488;0,40;0,568;0,688;0,752;0,832
5-559;Andere Operationen an der Niere;12;10;1,20;0,1667;0,3333;0,4167;0,50;0,5833
5-560;Transurethrale und perkutan-transrenale Erweiterung des Ureters;3892;94;41,4043;0,5288;0,7284;0,843;0,9229;0,9535
5-561;Inzision, Resektion und (andere) Erweiterung des Ureterostiums;276;78;3,5385;0,4565;0,5942;0,6812;0,7645;0,8225
5-562;Ureterotomie, perkutan-transrenale und transurethrale Steinbehandlung;4093;115;35,5913;0,4434;0,6088;0,7312;0,8143;0,8839
5-563;Exzision und Destruktion von erkranktem Gewebe des Ureters, Ureterresektion und Ureterektomie;135;42;3,2143;0,4296;0,5704;0,6963;0,763;0,8222
5-564;Kutane Harnableitung durch Ureterokutaneostomie (nicht kontinentes Stoma);10;6;1,6667;0,30;0,30;0,60;0,60;0,70
5-565;Kutane Harnableitung mit Darminterponat [Conduit] (nicht kontinentes Stoma);66;15;4,40;0,4242;0,5606;0,7424;0,803;0,8788
5-566;Kutane Harnableitung mit Darmreservoir (kontinentes Stoma);3;3;1,00;0,3333;0,3333;0,3333;0,3333;0,6667
5-567;Interne Harnableitung über den Darm;-999;-999;-999,00;-9,99;-9,99;-9,99;-9,99;-9,99
5-568;Rekonstruktion des Ureters;99;28;3,5357;0,5657;0,6768;0,7172;0,7778;0,8384
5-569;Andere Operationen am Ureter;447;63;7,0952;0,4855;0,7472;0,8456;0,8904;0,9217
5-570;Endoskopische Entfernung von Steinen, Fremdkörpern und Tamponaden der Harnblase;2089;130;16,0692;0,3499;0,562;0,7042;0,8023;0,8736
5-571;Zystotomie [Sectio alta];72;46;1,5652;0,25;0,3889;0,5278;0,6111;0,6806
5-572;Zystostomie;3494;191;18,2932;0,4385;0,6471;0,7876;0,8741;0,9279
5-573;Transurethrale Inzision, Exzision, Destruktion und Resektion von (erkranktem) Gewebe der Harnblase;11325;152;74,5066;0,3211;0,4971;0,6358;0,736;0,8155
5-574;Offen chirurgische und laparoskopische Exzision und Destruktion von (erkranktem) Gewebe der Harnblase;136;28;4,8571;0,7868;0,8309;0,8529;0,875;0,8971
5-575;Partielle Harnblasenresektion;31;20;1,55;0,2903;0,4516;0,5484;0,6129;0,6774
5-576;Zystektomie;94;19;4,9474;0,4255;0,6383;0,734;0,8191;0,883
5-577;Ersatz der Harnblase;26;7;3,7143;0,3077;0,3077;0,5385;0,7308;0,8462
5-578;Andere plastische Rekonstruktion der Harnblase;129;73;1,7671;0,2791;0,4341;0,5426;0,6512;0,7209
5-579;Andere Operationen an der Harnblase;1056;101;10,4554;0,3949;0,6013;0,7348;0,8201;0,8911
5-580;Offen chirurgische Urethrotomie und Urethrostomie;10;9;1,1111;0,20;0,30;0,40;0,50;0,60
5-581;Plastische Meatotomie der Urethra;477;94;5,0745;0,434;0,6143;0,7149;0,7987;0,8553
5-582;Exzision, Destruktion und Resektion von (erkranktem) Gewebe der Urethra;445;107;4,1589;0,4517;0,6045;0,7213;0,8045;0,8584
5-583;Urethrektomie als selbständiger Eingriff;-999;-999;-999,00;-9,99;-9,99;-9,99;-9,99;-9,99
5-584;Rekonstruktion der Urethra;85;19;4,4737;0,5765;0,7176;0,80;0,8588;0,8941
5-585;Transurethrale Inzision von (erkranktem) Gewebe der Urethra;4288;141;30,4113;0,3818;0,5879;0,7229;0,8139;0,8818
5-589;Andere Operationen an Urethra und periurethralem Gewebe;74;31;2,3871;0,473;0,5811;0,6622;0,7432;0,7973
5-590;Inzision und Exzision von retroperitonealem Gewebe;121;52;2,3269;0,3388;0,5537;0,686;0,7438;0,7851
5-591;Inzision und Exzision von perivesikalem Gewebe;13;11;1,1818;0,1538;0,3077;0,3846;0,4615;0,6154
5-592;Raffung des urethrovesikalen Überganges;37;5;7,40;0,4324;0,4324;0,8378;0,8378;0,9459
5-593;Transvaginale Suspensionsoperation [Zügeloperation];1432;165;8,6788;0,3785;0,5761;0,706;0,7989;0,8701
5-594;Suprapubische (urethrovesikale) Zügeloperation [Schlingenoperation];116;20;5,80;0,4655;0,6638;0,7931;0,8621;0,9052
5-595;Abdominale retropubische und paraurethrale Suspensionsoperation;219;52;4,2115;0,4064;0,5845;0,7123;0,79;0,8493
5-596;Andere Harninkontinenzoperationen;182;39;4,6667;0,4121;0,5989;0,7088;0,7802;0,8462
5-597;Eingriffe bei artifiziellem Harnblasensphinkter;29;9;3,2222;0,3793;0,5862;0,7241;0,7931;0,8621
5-598;Suspensionsoperation [Zügeloperation] bei Harninkontinenz des Mannes;34;16;2,125;0,3529;0,4412;0,5588;0,6176;0,7353
5-599;Andere Operationen am Harntrakt;42;28;1,50;0,2857;0,4286;0,5238;0,5952;0,6667
5-600;Inzision der Prostata;68;18;3,7778;0,50;0,7059;0,7647;0,8235;0,8676
5-601;Transurethrale Exzision und Destruktion von Prostatagewebe;7919;138;57,3841;0,381;0,5642;0,6882;0,7815;0,8549
5-602;Transrektale und perkutane Destruktion von Prostatagewebe;33;3;11,00;0,5152;0,5152;0,5152;0,5152;0,8182
5-603;Exzision und Destruktion von Prostatagewebe;415;65;6,3846;0,3325;0,5157;0,653;0,7422;0,8241
5-604;Radikale Prostatovesikulektomie;697;49;14,2245;0,3458;0,5208;0,6514;0,7633;0,8551
5-605;Andere Exzision und Destruktion von Prostatagewebe;0;0;NULL;NULL;NULL;NULL;NULL;NULL
5-606;Operationen an den Vesiculae seminales;-999;-999;-999,00;-9,99;-9,99;-9,99;-9,99;-9,99
5-607;Inzision und Exzision von periprostatischem Gewebe;13;7;1,8571;0,4615;0,4615;0,6154;0,6923;0,7692
5-609;Andere Operationen an der Prostata;334;75;4,4533;0,3952;0,5719;0,7006;0,7754;0,8383
5-610;Inzision an Skrotum und Tunica vaginalis testis;155;61;2,541;0,3161;0,4839;0,6065;0,7032;0,7935
5-611;Operation einer Hydrocele testis;1467;160;9,1688;0,3047;0,4956;0,6408;0,7526;0,8425
5-612;Exzision und Destruktion von erkranktem Skrotumgewebe;136;69;1,971;0,3088;0,4632;0,5809;0,6838;0,75
5-613;Plastische Rekonstruktion von Skrotum und Tunica vaginalis testis;14;9;1,5556;0,3571;0,50;0,5714;0,6429;0,7143
5-619;Andere Operationen an Skrotum und Tunica vaginalis testis;5;4;1,25;0,40;0,40;0,40;0,60;0,60
5-620;Inzision des Hodens;16;13;1,2308;0,1875;0,375;0,4375;0,50;0,625
5-621;Exzision und Destruktion von erkranktem Gewebe des Hodens;101;55;1,8364;0,3366;0,4752;0,5941;0,6733;0,7327
5-622;Orchidektomie;807;131;6,1603;0,3209;0,5229;0,6642;0,7584;0,8315
5-624;Orchidopexie;407;96;4,2396;0,5012;0,6167;0,715;0,7912;0,8501
5-625;Exploration bei Kryptorchismus;19;5;3,80;0,3684;0,3684;0,6842;0,6842;0,8947
5-626;Operative Verlagerung eines Abdominalhodens;19;2;9,50;0,5263;0,5263;0,5263;0,5263;0,5263
5-627;Rekonstruktion des Hodens;7;7;1,00;0,1429;0,1429;0,2857;0,4286;0,5714
5-628;Implantation, Wechsel und Entfernung einer Hodenprothese;43;21;2,0476;0,2558;0,4419;0,5814;0,6744;0,7674
5-629;Andere Operationen am Hoden;144;59;2,4407;0,3194;0,4583;0,5833;0,6875;0,7708
5-630;Operative Behandlung einer Varikozele und einer Hydrocele funiculi spermatici;269;72;3,7361;0,4275;0,5911;0,7063;0,7844;0,8364
5-631;Exzision im Bereich der Epididymis;644;121;5,3223;0,3307;0,5155;0,6491;0,7516;0,8307
5-633;Epididymektomie;227;76;2,9868;0,3789;0,533;0,6432;0,7357;0,8062
5-634;Rekonstruktion des Funiculus spermaticus;61;38;1,6053;0,2951;0,4262;0,5246;0,623;0,6885
5-635;Vasotomie des Ductus deferens;8;4;2,00;0,625;0,625;0,625;0,75;0,75
5-636;Destruktion, Ligatur und Resektion des Ductus deferens;514;69;7,4493;0,7315;0,8249;0,8677;0,9008;0,928
5-637;Rekonstruktion von Ductus deferens und Epididymis;4;3;1,3333;0,50;0,50;0,50;0,50;0,75
5-639;Andere Operationen an Funiculus spermaticus, Epididymis und Ductus deferens;277;21;13,1905;0,9134;0,935;0,9458;0,9531;0,9639
5-640;Operationen am Präputium;1463;179;8,1732;0,4381;0,65;0,7744;0,851;0,9009
5-641;Lokale Exzision und Destruktion von erkranktem Gewebe des Penis;106;54;1,963;0,3113;0,4906;0,5849;0,6981;0,7453
5-642;Amputation des Penis;45;30;1,50;0,20;0,3333;0,4667;0,60;0,6667
5-643;Plastische Rekonstruktion des Penis;83;35;2,3714;0,3012;0,4458;0,5783;0,6506;0,747
5-644;Plastische Rekonstruktion bei männlicher Epispadie;0;0;NULL;NULL;NULL;NULL;NULL;NULL
5-645;Plastische Rekonstruktion bei männlicher Hypospadie;77;8;9,625;0,3766;0,6494;0,6494;0,8961;0,9351
5-646;Operationen zur Geschlechtsumwandlung;0;0;NULL;NULL;NULL;NULL;NULL;NULL
5-649;Andere Operationen am Penis;41;23;1,7826;0,2927;0,4878;0,5854;0,6585;0,7317
5-650;Inzision des Ovars;398;60;6,6333;0,799;0,8492;0,8819;0,9095;0,9246
5-651;Lokale Exzision und Destruktion von Ovarialgewebe;3328;167;19,9281;0,4718;0,6319;0,7455;0,8299;0,8912
5-652;Ovariektomie;420;113;3,7168;0,4048;0,569;0,6857;0,7738;0,8405
5-653;Salpingoovariektomie;1850;157;11,7834;0,4259;0,5897;0,7151;0,8016;0,8692
5-656;Plastische Rekonstruktion des Ovars;251;33;7,6061;0,761;0,8606;0,8924;0,9163;0,9363
5-657;Adhäsiolyse an Ovar und Tuba uterina ohne mikrochirurgische Versorgung;3536;153;23,1111;0,5294;0,6965;0,7936;0,8561;0,9072
5-658;Adhäsiolyse an Ovar und Tuba uterina mit mikrochirurgischer Versorgung;165;43;3,8372;0,6909;0,7818;0,8182;0,8424;0,8727
5-659;Andere Operationen am Ovar;122;61;2,00;0,3525;0,4836;0,582;0,6803;0,7541
5-660;Salpingotomie;101;56;1,8036;0,3564;0,4653;0,5842;0,6634;0,7228
5-661;Salpingektomie;1603;134;11,9627;0,5053;0,6987;0,811;0,8815;0,9214
5-663;Destruktion und Verschluss der Tubae uterinae [Sterilisationsoperation];599;91;6,5824;0,3306;0,5242;0,6761;0,7947;0,8731
5-665;Exzision und Destruktion von erkranktem Gewebe der Tuba uterina;267;55;4,8545;0,5468;0,6667;0,764;0,8202;0,8764
5-666;Plastische Rekonstruktion der Tuba uterina;132;33;4,00;0,6515;0,7576;0,803;0,8485;0,8788
5-667;Insufflation der Tubae uterinae;1870;113;16,5487;0,754;0,8449;0,893;0,9235;0,9481
5-669;Andere Operationen an der Tuba uterina;12;11;1,0909;0,1667;0,25;0,3333;0,4167;0,5833
5-670;Dilatation des Zervikalkanals;407;29;14,0345;0,7494;0,8796;0,9214;0,9435;0,9582
5-671;Konisation der Cervix uteri;600;101;5,9406;0,4817;0,6617;0,7733;0,8433;0,8983
5-672;Andere Exzision und Destruktion von erkranktem Gewebe der Cervix uteri;176;60;2,9333;0,517;0,6591;0,7273;0,7955;0,8295
5-673;Amputation der Cervix uteri;10;8;1,25;0,20;0,40;0,40;0,50;0,60
5-674;Rekonstruktion der Cervix uteri in der Gravidität;118;34;3,4706;0,3644;0,5678;0,661;0,7627;0,822
5-675;Andere Rekonstruktion der Cervix uteri;55;30;1,8333;0,3455;0,4545;0,5636;0,6727;0,7273
5-679;Andere Operationen an der Cervix uteri;49;26;1,8846;0,4082;0,4898;0,6122;0,6735;0,7347
5-680;Inzision des Uterus [Hysterotomie];4;3;1,3333;0,50;0,50;0,50;0,50;0,75
5-681;Exzision und Destruktion von erkranktem Gewebe des Uterus;3307;147;22,4966;0,5688;0,7106;0,8174;0,8875;0,9314
5-682;Subtotale Uterusexstirpation;2154;105;20,5143;0,4981;0,6792;0,8055;0,883;0,9359
5-683;Uterusexstirpation [Hysterektomie];7405;179;41,3687;0,2952;0,4893;0,629;0,7327;0,8192
5-684;Zervixstumpfexstirpation;47;36;1,3056;0,234;0,3617;0,4681;0,5319;0,617
5-685;Radikale Uterusexstirpation;79;36;2,1944;0,3544;0,4684;0,6076;0,6835;0,7722
5-686;Radikale Zervixstumpfexstirpation;-999;-999;-999,00;-9,99;-9,99;-9,99;-9,99;-9,99
5-687;Exenteration [Eviszeration] des weiblichen kleinen Beckens;3;3;1,00;0,3333;0,3333;0,3333;0,3333;0,6667
5-689;Andere Inzision und Exzision des Uterus;3;3;1,00;0,3333;0,3333;0,3333;0,3333;0,6667
5-690;Therapeutische Kürettage [Abrasio uteri];4130;169;24,4379;0,5305;0,699;0,8034;0,8765;0,9254
5-691;Entfernung eines intrauterinen Fremdkörpers;170;63;2,6984;0,4824;0,6294;0,70;0,7706;0,8176
5-692;Exzision und Destruktion von erkranktem Gewebe der Parametrien;990;22;45,00;0,9727;0,9778;0,9838;0,9869;0,9889
5-693;Plastische Rekonstruktion der Parametrien (bei Lagekorrektur des Uterus);15;10;1,50;0,2667;0,4667;0,5333;0,60;0,6667
5-694;Parazervikale Uterusdenervation;0;0;NULL;NULL;NULL;NULL;NULL;NULL
5-695;Rekonstruktion des Uterus;64;35;1,8286;0,3906;0,50;0,625;0,6719;0,7344
5-699;Andere Operationen an Uterus und Parametrien;10;8;1,25;0,20;0,40;0,40;0,50;0,60
5-700;Kuldotomie;38;7;5,4286;0,7895;0,7895;0,8684;0,8947;0,9211
5-701;Inzision der Vagina;39;31;1,2581;0,2308;0,359;0,4359;0,5128;0,6154
5-702;Lokale Exzision und Destruktion von erkranktem Gewebe der Vagina und des Douglasraumes;1448;114;12,7018;0,7403;0,8329;0,8847;0,9206;0,9441
5-703;Verschluss und (sub-)totale Exstirpation der Vagina;99;44;2,25;0,2626;0,4747;0,5859;0,6869;0,7677
5-704;Vaginale Kolporrhaphie und Beckenbodenplastik;6166;180;34,2556;0,3521;0,5407;0,6734;0,7733;0,8542
5-705;Konstruktion und Rekonstruktion der Vagina;9;9;1,00;0,1111;0,2222;0,3333;0,4444;0,5556
5-706;Andere plastische Rekonstruktion der Vagina;139;59;2,3559;0,4748;0,5827;0,6691;0,7482;0,7914
5-707;Plastische Rekonstruktion des kleinen Beckens und des Douglasraumes;601;74;8,1216;0,3927;0,6456;0,7654;0,8536;0,9035
5-709;Andere Operationen an Vagina und Douglasraum;20;18;1,1111;0,20;0,30;0,35;0,45;0,55
5-710;Inzision der Vulva;32;26;1,2308;0,25;0,3438;0,4375;0,50;0,5938
5-711;Operationen an der Bartholin-Drüse (Zyste);167;73;2,2877;0,2814;0,4671;0,5928;0,6766;0,7725
5-712;Andere Exzision und Destruktion von erkranktem Gewebe der Vulva;304;98;3,102;0,3257;0,5066;0,625;0,7237;0,7993
5-713;Operationen an der Klitoris;15;11;1,3636;0,20;0,40;0,4667;0,5333;0,6667
5-714;Vulvektomie;150;56;2,6786;0,34;0,4933;0,6267;0,7133;0,7933
5-715;Radikale Vulvektomie;12;9;1,3333;0,1667;0,3333;0,50;0,5833;0,6667
5-716;Konstruktion und Rekonstruktion der Vulva (und des Perineums);104;43;2,4186;0,4615;0,5962;0,6731;0,75;0,7981
5-718;Andere Operationen an der Vulva;21;19;1,1053;0,1905;0,2857;0,381;0,4762;0,5714
5-719;Andere Operationen an den weiblichen Geschlechtsorganen;2;2;1,00;0,50;0,50;0,50;0,50;0,50
5-720;Zangenentbindung;285;42;6,7857;0,3684;0,60;0,7614;0,8491;0,8982
5-724;Drehung des kindlichen Kopfes mit Zange;-999;-999;-999,00;-9,99;-9,99;-9,99;-9,99;-9,99
5-725;Extraktion bei Beckenendlage;7;5;1,40;0,4286;0,4286;0,5714;0,5714;0,7143
5-727;Spontane und vaginale operative Entbindung bei Beckenendlage;22;12;1,8333;0,3636;0,4545;0,6364;0,6818;0,7273
5-728;Vakuumentbindung;3021;84;35,9643;0,2833;0,4734;0,6021;0,7236;0,8117
5-729;Andere instrumentelle Entbindung;-999;-999;-999,00;-9,99;-9,99;-9,99;-9,99;-9,99
5-730;Künstliche Fruchtblasensprengung [Amniotomie];5693;74;76,9324;0,3699;0,5844;0,6965;0,7964;0,8676
5-731;Andere operative Geburtseinleitung;2;2;1,00;0,50;0,50;0,50;0,50;0,50
5-732;Innere und kombinierte Wendung ohne und mit Extraktion;2;2;1,00;0,50;0,50;0,50;0,50;0,50
5-733;Misslungene vaginale operative Entbindung;60;21;2,8571;0,3167;0,50;0,65;0,7333;0,8333
5-734;Operative Maßnahmen am Feten zur Geburtserleichterung;0;0;NULL;NULL;NULL;NULL;NULL;NULL
5-738;Episiotomie und Naht;5967;84;71,0357;0,335;0,5175;0,6275;0,7314;0,8101
5-739;Andere Operationen zur Unterstützung der Geburt;4;3;1,3333;0,50;0,50;0,50;0,50;0,75
5-740;Klassische Sectio caesarea;5083;79;64,3418;0,4474;0,6451;0,7673;0,856;0,9166
5-741;Sectio caesarea, suprazervikal und korporal;397;38;10,4474;0,6952;0,8615;0,9068;0,937;0,9521
5-742;Sectio caesarea extraperitonealis;41;5;8,20;0,8049;0,8049;0,9024;0,9024;0,9512
5-743;Entfernung eines intraperitonealen Embryos;2;2;1,00;0,50;0,50;0,50;0,50;0,50
5-744;Operationen bei Extrauteringravidität;347;87;3,9885;0,3516;0,4986;0,6311;0,7349;0,8127
5-749;Andere Sectio caesarea;15688;94;166,8936;0,3106;0,4825;0,606;0,7225;0,8044
5-750;Intraamniale Injektion zur Beendigung der Schwangerschaft;0;0;NULL;NULL;NULL;NULL;NULL;NULL
5-751;Kürettage zur Beendigung der Schwangerschaft [Abruptio];82;13;6,3077;0,7561;0,8293;0,8537;0,878;0,9268
5-752;Andere Operationen zur Beendigung einer Schwangerschaft;6;4;1,50;0,50;0,50;0,50;0,6667;0,6667
5-753;Therapeutische Amniozentese [Amnionpunktion];-999;-999;-999,00;-9,99;-9,99;-9,99;-9,99;-9,99
5-754;Intrauterine Therapie des Feten;17;4;4,25;0,6471;0,6471;0,6471;0,8824;0,8824
5-755;Andere intrauterine Operationen am Feten;0;0;NULL;NULL;NULL;NULL;NULL;NULL
5-756;Entfernung zurückgebliebener Plazenta (postpartal);1332;91;14,6374;0,4009;0,5691;0,6839;0,7763;0,8551
5-757;Uterusexstirpation, geburtshilflich;9;8;1,125;0,2222;0,3333;0,3333;0,4444;0,5556
5-758;Rekonstruktion weiblicher Geschlechtsorgane nach Ruptur, post partum [Dammriss];14564;89;163,6404;0,3334;0,4965;0,619;0,7216;0,8124
5-759;Andere geburtshilfliche Operationen;42;23;1,8261;0,2857;0,50;0,5952;0,6667;0,7381
5-760;Reposition einer lateralen Mittelgesichtsfraktur;154;37;4,1622;0,4026;0,5649;0,7013;0,7922;0,8442
5-761;Reposition einer zentralen Mittelgesichtsfraktur;41;22;1,8636;0,2683;0,4146;0,561;0,6585;0,7317
5-762;Reposition einer zentrolateralen Mittelgesichtsfraktur;30;12;2,50;0,30;0,4333;0,6667;0,7333;0,80
5-763;Reposition anderer kombinierter Mittelgesichtsfrakturen (Mehrfachfraktur);40;14;2,8571;0,30;0,60;0,70;0,80;0,825
5-764;Reposition einer Fraktur des Corpus mandibulae und des Processus alveolaris mandibulae;94;27;3,4815;0,3404;0,4574;0,617;0,734;0,8085
5-765;Reposition einer Fraktur des Ramus mandibulae und des Processus articularis mandibulae;109;23;4,7391;0,3211;0,578;0,6789;0,7615;0,8349
5-766;Reposition einer Orbitafraktur;157;40;3,925;0,3949;0,586;0,6879;0,7643;0,8217
5-767;Reposition einer Stirnhöhlenwandfraktur;4;4;1,00;0,25;0,25;0,25;0,50;0,50
5-768;Reosteotomien disloziert verheilter Gesichtsschädelfrakturen;8;6;1,3333;0,375;0,375;0,50;0,50;0,625
5-769;Andere Operationen bei Gesichtsschädelfrakturen;693;43;16,1163;0,5483;0,7489;0,8427;0,899;0,9466
5-770;Inzision (Osteotomie), lokale Exzision und Destruktion (von erkranktem Gewebe) eines Gesichtsschädelknochens;338;59;5,7288;0,4231;0,6302;0,784;0,858;0,9024
5-771;Partielle und totale Resektion eines Gesichtsschädelknochens;120;35;3,4286;0,4083;0,5833;0,70;0,7667;0,8333
5-772;Partielle und totale Resektion der Mandibula;163;34;4,7941;0,4172;0,6503;0,7301;0,816;0,865
5-773;Arthroplastik am Kiefergelenk;109;13;8,3846;0,7064;0,8624;0,8899;0,9083;0,945
5-774;Plastische Rekonstruktion und Augmentation der Maxilla;177;42;4,2143;0,339;0,5198;0,678;0,774;0,8418
5-775;Plastische Rekonstruktion und Augmentation der Mandibula;158;29;5,4483;0,4367;0,6203;0,7405;0,8228;0,8924
5-776;Osteotomie zur Verlagerung des Untergesichtes;1707;51;33,4706;0,5559;0,737;0,8231;0,8822;0,9367
5-777;Osteotomie zur Verlagerung des Mittelgesichtes;1275;47;27,1277;0,6251;0,7451;0,8306;0,891;0,9365
5-778;Rekonstruktion der Weichteile im Gesicht;69;21;3,2857;0,4638;0,6087;0,6957;0,7826;0,8551
5-779;Andere Operationen an Kiefergelenk und Gesichtsschädelknochen;841;57;14,7544;0,5981;0,7432;0,8621;0,9215;0,9501
5-77a;Implantatversorgung für die Rekonstruktion mit Gesichtsepithesen;3;2;1,50;0,6667;0,6667;0,6667;0,6667;0,6667
5-77b;Knochentransplantation und -transposition an Kiefer- und Gesichtsschädelknochen;98;24;4,0833;0,4184;0,6224;0,7041;0,7959;0,8367
5-780;Inzision am Knochen, septisch und aseptisch;906;98;9,2449;0,4459;0,628;0,7461;0,8322;0,8907
5-781;Osteotomie und Korrekturosteotomie;1729;105;16,4667;0,5818;0,749;0,8386;0,8907;0,93
5-782;Exzision und Resektion von erkranktem Knochengewebe;3339;141;23,6809;0,5771;0,7574;0,8446;0,9012;0,9428
5-783;Entnahme eines Knochentransplantates;2178;125;17,424;0,607;0,7612;0,8512;0,9013;0,9362
5-784;Knochentransplantation und -transposition;3212;117;27,453;0,5875;0,7581;0,8527;0,9044;0,9396
5-785;Implantation von alloplastischem Knochenersatz;334;55;6,0727;0,5838;0,7395;0,8174;0,8653;0,9072
5-786;Osteosyntheseverfahren;6680;130;51,3846;0,6046;0,763;0,8537;0,9099;0,9458
5-787;Entfernung von Osteosynthesematerial;3988;155;25,729;0,4832;0,6447;0,7741;0,8533;0,9135
5-788;Operationen an Metatarsale und Phalangen des Fußes;14816;135;109,7481;0,5672;0,7312;0,8491;0,9127;0,9502
5-789;Andere Operationen am Knochen;84;28;3,00;0,50;0,6429;0,7024;0,7738;0,8333
5-790;Geschlossene Reposition einer Fraktur oder Epiphysenlösung mit Osteosynthese;560;63;8,8889;0,575;0,7607;0,8214;0,8679;0,9161
5-791;Offene Reposition einer einfachen Fraktur im Schaftbereich eines langen Röhrenknochens;120;49;2,449;0,3167;0,5083;0,6417;0,725;0,80
5-792;Offene Reposition einer Mehrfragment-Fraktur im Schaftbereich eines langen Röhrenknochens;79;33;2,3939;0,2785;0,5063;0,6329;0,7215;0,7975
5-793;Offene Reposition einer einfachen Fraktur im Gelenkbereich eines langen Röhrenknochens;745;96;7,7604;0,4886;0,6591;0,753;0,8148;0,8698
5-794;Offene Reposition einer Mehrfragment-Fraktur im Gelenkbereich eines langen Röhrenknochens;1296;86;15,0698;0,4035;0,6042;0,7562;0,8488;0,9228
5-795;Offene Reposition einer einfachen Fraktur an kleinen Knochen;248;67;3,7015;0,375;0,5565;0,7056;0,7984;0,8548
5-796;Offene Reposition einer Mehrfragment-Fraktur an kleinen Knochen;378;62;6,0968;0,3413;0,5265;0,6878;0,7698;0,8333
5-797;Offene Reposition einer Fraktur an Talus und Kalkaneus;18;12;1,50;0,1667;0,2778;0,50;0,6111;0,6667
5-798;Offene Reposition einer Beckenrand- und Beckenringfraktur;4;4;1,00;0,25;0,25;0,25;0,50;0,50
5-799;Offene Reposition einer Azetabulum- und Hüftkopffraktur mit Osteosynthese;-999;-999;-999,00;-9,99;-9,99;-9,99;-9,99;-9,99
5-79a;Geschlossene Reposition einer Gelenkluxation mit Osteosynthese;34;17;2,00;0,2647;0,3529;0,4706;0,5882;0,7059
5-79b;Offene Reposition einer Gelenkluxation;247;57;4,3333;0,4899;0,6437;0,7571;0,83;0,8785
5-79c;Andere Reposition von Fraktur und Luxation;-999;-999;-999,00;-9,99;-9,99;-9,99;-9,99;-9,99
5-800;Offen chirurgische Operation eines Gelenkes;6820;140;48,7143;0,6353;0,7957;0,8801;0,9308;0,9606
5-801;Offen chirurgische Operation am Gelenkknorpel und an den Menisken;959;97;9,8866;0,4995;0,682;0,7831;0,8488;0,8957
5-802;Offen chirurgische Refixation und Naht am Kapselbandapparat des Kniegelenkes;185;52;3,5577;0,5676;0,6865;0,773;0,827;0,8595
5-803;Offen chirurgische Bandplastik am Kniegelenk;421;50;8,42;0,5154;0,7363;0,8195;0,8789;0,9169
5-804;Offen chirurgische Operationen an der Patella und ihrem Halteapparat;1608;99;16,2424;0,6387;0,7923;0,87;0,9173;0,9484
5-805;Offen chirurgische Refixation und Plastik am Kapselbandapparat des Schultergelenkes;4246;99;42,8889;0,6065;0,7546;0,8394;0,898;0,9395
5-806;Offen chirurgische Refixation und Plastik am Kapselbandapparat des Sprunggelenkes;505;74;6,8243;0,5505;0,7129;0,7901;0,8535;0,897
5-807;Offen chirurgische Refixation am Kapselbandapparat anderer Gelenke;170;46;3,6957;0,4824;0,6294;0,7353;0,7941;0,8529
5-808;Arthrodese;2508;103;24,3495;0,5439;0,7528;0,8565;0,9115;0,9462
5-809;Andere offen chirurgische Gelenkoperationen;510;61;8,3607;0,5725;0,7392;0,8235;0,8863;0,9275
5-810;Arthroskopische Gelenkoperation;14283;137;104,2555;0,5926;0,7574;0,8654;0,9228;0,9587
5-811;Arthroskopische Operation an der Synovialis;15884;137;115,9416;0,4918;0,709;0,8427;0,9139;0,9556
5-812;Arthroskopische Operation am Gelenkknorpel und an den Menisken;23692;145;163,3931;0,4187;0,6343;0,7805;0,8745;0,9322
5-813;Arthroskopische Refixation und Plastik am Kapselbandapparat des Kniegelenkes;4831;113;42,7522;0,5713;0,7636;0,8435;0,899;0,9412
5-814;Arthroskopische Refixation und Plastik am Kapselbandapparat des Schultergelenkes;13775;114;120,8333;0,448;0,688;0,7911;0,869;0,9201
5-815;Arthroskopische Entfernung und arthroskopischer Wechsel eines Bandersatzes am Kniegelenk;231;34;6,7941;0,4545;0,6926;0,7922;0,8615;0,8961
5-819;Andere arthroskopische Operationen;991;79;12,5443;0,5943;0,7528;0,8426;0,9021;0,9374
5-820;Implantation einer Endoprothese am Hüftgelenk;8342;99;84,2626;0,4633;0,6401;0,752;0,839;0,9005
5-821;Revision, Wechsel und Entfernung einer Endoprothese am Hüftgelenk;757;69;10,971;0,5363;0,7028;0,8085;0,8785;0,9194
5-822;Implantation einer Endoprothese am Kniegelenk;11653;103;113,1359;0,3762;0,5863;0,7097;0,7962;0,8708
5-823;Revision, Wechsel und Entfernung einer Endoprothese am Kniegelenk;967;82;11,7927;0,423;0,5998;0,7446;0,8314;0,8883
5-824;Implantation einer Endoprothese an Gelenken der oberen Extremität;667;55;12,1273;0,4663;0,6522;0,7826;0,8486;0,907
5-825;Revision, Wechsel und Entfernung einer Endoprothese an Gelenken der oberen Extremität;91;26;3,50;0,3407;0,4945;0,6703;0,7363;0,8242
5-826;Implantation einer Endoprothese an Gelenken der unteren Extremität;135;28;4,8214;0,5556;0,6741;0,7333;0,8148;0,8741
5-827;Revision, Wechsel und Entfernung einer Endoprothese an Gelenken der unteren Extremität;72;12;6,00;0,7222;0,7917;0,8611;0,8889;0,9167
5-828;Implantation, Revision, Wechsel und Entfernung eines Knochenteilersatzes und Knochentotalersatzes;117;4;29,25;0,7778;0,7778;0,7778;0,9829;0,9829
5-829;Andere gelenkplastische Eingriffe;2558;86;29,7442;0,6235;0,7971;0,8804;0,9179;0,948
5-830;Inzision von erkranktem Knochen- und Gelenkgewebe der Wirbelsäule;1081;37;29,2162;0,5902;0,8298;0,9288;0,963;0,9796
5-831;Exzision von erkranktem Bandscheibengewebe;4111;49;83,898;0,3821;0,5799;0,7263;0,8285;0,8973
5-832;Exzision von erkranktem Knochen- und Gelenkgewebe der Wirbelsäule;4353;46;94,6304;0,6079;0,7475;0,8578;0,9201;0,9584
5-835;Knochenersatz an der Wirbelsäule;809;28;28,8929;0,5068;0,7219;0,8084;0,8875;0,9394
5-836;Spondylodese;1397;39;35,8205;0,4281;0,6435;0,7817;0,8733;0,9306
5-837;Wirbelkörperersatz und komplexe Rekonstruktion der Wirbelsäule;58;12;4,8333;0,2414;0,4828;0,7414;0,7931;0,8448
5-838;Andere komplexe Rekonstruktionen der Wirbelsäule;8;5;1,60;0,50;0,50;0,625;0,625;0,75
5-839;Andere Operationen an der Wirbelsäule;5042;59;85,4576;0,4998;0,7519;0,8796;0,9355;0,9645
5-83a;Minimalinvasive Behandlungsverfahren an der Wirbelsäule (zur Schmerztherapie);1085;34;31,9118;0,5364;0,80;0,8829;0,9355;0,9613
5-83b;Osteosynthese (dynamische Stabilisierung) an der Wirbelsäule;2174;41;53,0244;0,4236;0,6201;0,7489;0,8293;0,9135
5-83w;Zusatzinformationen zu Operationen an der Wirbelsäule;101;20;5,05;0,4752;0,7129;0,7921;0,8515;0,901
5-840;Operationen an Sehnen der Hand;680;75;9,0667;0,5294;0,6926;0,7824;0,8471;0,9044
5-841;Operationen an Bändern der Hand;294;71;4,1408;0,4218;0,6122;0,7245;0,8061;0,8639
5-842;Operationen an Faszien der Hohlhand und der Finger;724;73;9,9178;0,5124;0,7017;0,8011;0,8702;0,9185
5-843;Operationen an Muskeln der Hand;8;6;1,3333;0,375;0,375;0,50;0,50;0,625
5-844;Operation an Gelenken der Hand;253;34;7,4412;0,5099;0,7747;0,8419;0,8933;0,917
5-845;Synovialektomie an der Hand;486;43;11,3023;0,3827;0,6749;0,8107;0,8786;0,9342
5-846;Arthrodese an Gelenken der Hand;143;41;3,4878;0,3566;0,5804;0,7133;0,7902;0,8601
5-847;Resektionsarthroplastik an Gelenken der Hand;542;51;10,6275;0,4483;0,6531;0,7823;0,8653;0,9244
5-848;Operationen bei kongenitalen Anomalien der Hand;-999;-999;-999,00;-9,99;-9,99;-9,99;-9,99;-9,99
5-849;Andere Operationen an der Hand;285;55;5,1818;0,586;0,6912;0,7825;0,8351;0,8842
5-850;Inzision an Muskel, Sehne und Faszie;1311;135;9,7111;0,5759;0,7368;0,8276;0,8818;0,9222
5-851;Durchtrennung von Muskel, Sehne und Faszie;1199;91;13,1758;0,6247;0,759;0,8315;0,8857;0,9283
5-852;Exzision an Muskel, Sehne und Faszie;2461;194;12,6856;0,6205;0,7603;0,8427;0,898;0,9321
5-853;Rekonstruktion von Muskeln;340;69;4,9275;0,6176;0,75;0,8235;0,8706;0,90
5-854;Rekonstruktion von Sehnen;1952;97;20,1237;0,6352;0,7818;0,8653;0,9155;0,9483
5-855;Naht und andere Operationen an Sehnen und Sehnenscheide;2186;122;17,918;0,5586;0,7196;0,8344;0,8907;0,93
5-856;Rekonstruktion von Faszien;294;65;4,5231;0,6088;0,7415;0,8095;0,8503;0,8912
5-857;Plastische Rekonstruktion mit lokalen Lappen an Muskeln und Faszien;189;48;3,9375;0,6032;0,7249;0,7831;0,836;0,873
5-858;Entnahme und Transplantation von Muskel, Sehne und Faszie mit mikrovaskulärer Anastomosierung;32;10;3,20;0,4375;0,625;0,6875;0,75;0,8125
5-859;Andere Operationen an Muskeln, Sehnen, Faszien und Schleimbeuteln;2482;129;19,2403;0,5898;0,7405;0,8231;0,8815;0,9267
5-860;Replantation obere Extremität;-999;-999;-999,00;-9,99;-9,99;-9,99;-9,99;-9,99
5-861;Replantation untere Extremität;0;0;NULL;NULL;NULL;NULL;NULL;NULL
5-862;Amputation und Exartikulation obere Extremität;-999;-999;-999,00;-9,99;-9,99;-9,99;-9,99;-9,99
5-863;Amputation und Exartikulation Hand;25;19;1,3158;0,24;0,40;0,48;0,56;0,64
5-864;Amputation und Exartikulation untere Extremität;69;18;3,8333;0,4493;0,6957;0,7391;0,8116;0,8696
5-865;Amputation und Exartikulation Fuß;498;62;8,0323;0,5884;0,7249;0,8313;0,8936;0,9277
5-866;Revision eines Amputationsgebietes;55;12;4,5833;0,4909;0,6182;0,7636;0,8364;0,8727
5-867;Operationen bei kongenitalen Anomalien des Fußes;2;2;1,00;0,50;0,50;0,50;0,50;0,50
5-868;Operationen bei anderen kongenitalen Anomalien des Bewegungsapparates;0;0;NULL;NULL;NULL;NULL;NULL;NULL
5-869;Andere Operationen an den Bewegungsorganen;1294;87;14,8736;0,6306;0,7998;0,8841;0,9281;0,956
5-870;Partielle (brusterhaltende) Exzision der Mamma und Destruktion von Mammagewebe;3869;131;29,5344;0,6749;0,8036;0,8793;0,9269;0,9586
5-872;(Modifizierte radikale) Mastektomie;688;87;7,908;0,5814;0,6933;0,782;0,8517;0,8997
5-874;Erweiterte (radikale) Mastektomie mit Resektion an den Mm. pectorales majores et minores und Thoraxwandteilresektion;88;29;3,0345;0,3864;0,5682;0,6705;0,7386;0,8068
5-877;Subkutane Mastektomie und hautsparende Mastektomieverfahren;282;48;5,875;0,7021;0,7979;0,8511;0,8901;0,9149
5-879;Andere Exzision und Resektion der Mamma;116;56;2,0714;0,3534;0,5086;0,6293;0,7069;0,7586
5-881;Inzision der Mamma;327;91;3,5934;0,4771;0,6269;0,7187;0,7859;0,8471
5-882;Operationen an der Brustwarze;192;31;6,1935;0,5469;0,7083;0,7917;0,8438;0,901
5-883;Plastische Operationen zur Vergrößerung der Mamma;187;30;6,2333;0,5401;0,7273;0,7968;0,8449;0,8877
5-884;Mammareduktionsplastik;486;46;10,5652;0,5206;0,6708;0,7984;0,8601;0,9115
5-885;Plastische Rekonstruktion der Mamma mit Haut- und Muskeltransplantation;162;25;6,48;0,7778;0,8333;0,8889;0,9074;0,9259
5-886;Andere plastische Rekonstruktion der Mamma;254;36;7,0556;0,6063;0,7402;0,8307;0,8701;0,9173
5-889;Andere Operationen an der Mamma;407;53;7,6792;0,6216;0,7764;0,8378;0,8845;0,9238
5-890;Tätowieren und Einbringen von Fremdmaterial in Haut und Unterhaut;97;10;9,70;0,7938;0,9072;0,9278;0,9381;0,9485
5-891;Inzision eines Sinus pilonidalis;20;12;1,6667;0,20;0,35;0,55;0,65;0,70
5-892;Andere Inzision an Haut und Unterhaut;1912;257;7,4397;0,5858;0,7207;0,8049;0,8609;0,9017
5-894;Lokale Exzision von erkranktem Gewebe an Haut und Unterhaut;2245;300;7,4833;0,5635;0,7114;0,8018;0,8606;0,9047
5-895;Radikale und ausgedehnte Exzision von erkranktem Gewebe an Haut und Unterhaut;4050;284;14,2606;0,6309;0,7795;0,864;0,9123;0,9407
5-896;Chirurgische Wundtoilette [Wunddebridement] mit Entfernung von erkranktem Gewebe an Haut und Unterhaut;1747;186;9,3925;0,5861;0,7441;0,838;0,8878;0,925
5-897;Exzision und Rekonstruktion eines Sinus pilonidalis;1529;75;20,3867;0,3375;0,5474;0,7129;0,8084;0,8862
5-898;Operationen am Nagelorgan;106;46;2,3043;0,3208;0,4623;0,5943;0,6698;0,7642
5-899;Andere Exzision an Haut und Unterhaut;14;11;1,2727;0,1429;0,2857;0,4286;0,50;0,6429
5-900;Einfache Wiederherstellung der Oberflächenkontinuität an Haut und Unterhaut;638;158;4,038;0,4545;0,6285;0,721;0,7947;0,8448
5-901;Freie Hauttransplantation, Entnahmestelle;479;90;5,3222;0,6367;0,7578;0,8225;0,8685;0,9061
5-902;Freie Hauttransplantation, Empfängerstelle;827;128;6,4609;0,6215;0,7787;0,8416;0,8827;0,9141
5-903;Lokale Lappenplastik an Haut und Unterhaut;1985;190;10,4474;0,7224;0,8207;0,8751;0,9134;0,9385
5-904;Lappenplastik an Haut und Unterhaut, Entnahmestelle;53;20;2,65;0,5472;0,6604;0,7358;0,7736;0,8113
5-905;Lappenplastik an Haut und Unterhaut, Empfängerstelle;90;36;2,50;0,3889;0,5444;0,6667;0,7333;0,80
5-906;Kombinierte plastische Eingriffe an Haut und Unterhaut;251;55;4,5636;0,5578;0,6853;0,7769;0,8367;0,8845
5-907;Revision einer Hautplastik;172;39;4,4103;0,6919;0,7907;0,8372;0,8663;0,8895
5-908;Plastische Operation an Lippe und Mundwinkel;85;40;2,125;0,2941;0,4824;0,6118;0,7059;0,7647
5-909;Andere Wiederherstellung und Rekonstruktion von Haut und Unterhaut;25;17;1,4706;0,28;0,40;0,52;0,60;0,68
5-910;Straffungsoperation am Gesicht;7;7;1,00;0,1429;0,1429;0,2857;0,4286;0,5714
5-911;Gewebereduktion an Haut und Unterhaut;434;59;7,3559;0,5922;0,7535;0,8387;0,8986;0,9309
5-912;Haartransplantation und Haartransposition;0;0;NULL;NULL;NULL;NULL;NULL;NULL
5-913;Entfernung oberflächlicher Hautschichten;115;27;4,2593;0,6348;0,7217;0,8087;0,8609;0,887
5-914;Chemochirurgie der Haut;-999;-999;-999,00;-9,99;-9,99;-9,99;-9,99;-9,99
5-915;Destruktion von erkranktem Gewebe an Haut und Unterhaut;125;21;5,9524;0,76;0,816;0,848;0,88;0,92
5-916;Temporäre Weichteildeckung;1528;114;13,4035;0,6695;0,8174;0,8796;0,9162;0,9431
5-917;Syndaktylie- und Polydaktyliekorrektur der Finger;5;2;2,50;0,60;0,60;0,60;0,60;0,60
5-918;Syndaktylie- und Polydaktyliekorrektur der Zehen;10;8;1,25;0,20;0,40;0,40;0,50;0,60
5-919;Operative Versorgung von Mehrfachtumoren an einer Lokalisation der Haut in einer Sitzung;36;9;4,00;0,3333;0,5556;0,75;0,8333;0,8889
5-91a;Andere Operationen an Haut und Unterhaut;8;8;1,00;0,125;0,25;0,25;0,375;0,50
5-920;Inzision an Haut und Unterhaut bei Verbrennungen und Verätzungen;0;0;NULL;NULL;NULL;NULL;NULL;NULL
5-921;Chirurgische Wundtoilette [Wunddebridement] und Entfernung von erkranktem Gewebe an Haut und Unterhaut bei Verbrennungen und Verätzungen;20;16;1,25;0,20;0,30;0,45;0,50;0,60
5-922;Wunddebridement an Muskel, Sehne und Faszie bei Verbrennungen und Verätzungen;3;3;1,00;0,3333;0,3333;0,3333;0,3333;0,6667
5-923;Temporäre Weichteildeckung bei Verbrennungen und Verätzungen;6;6;1,00;0,1667;0,1667;0,3333;0,3333;0,50
5-924;Freie Hauttransplantation und Lappenplastik an Haut und Unterhaut bei Verbrennungen und Verätzungen, Entnahmestelle;2;2;1,00;0,50;0,50;0,50;0,50;0,50
5-925;Freie Hauttransplantation und Lappenplastik an Haut und Unterhaut bei Verbrennungen und Verätzungen, Empfängerstelle;3;3;1,00;0,3333;0,3333;0,3333;0,3333;0,6667
5-926;Lokale Lappenplastik an Haut und Unterhaut bei Verbrennungen und Verätzungen;6;5;1,20;0,3333;0,3333;0,50;0,50;0,6667
5-927;Kombinierte plastische Eingriffe an Haut und Unterhaut bei Verbrennungen und Verätzungen;0;0;NULL;NULL;NULL;NULL;NULL;NULL
5-928;Primärer Wundverschluss der Haut und Revision einer Hautplastik bei Verbrennungen und Verätzungen;3;3;1,00;0,3333;0,3333;0,3333;0,3333;0,6667
5-929;Andere Operationen bei Verbrennungen und Verätzungen;0;0;NULL;NULL;NULL;NULL;NULL;NULL
5-930;Art des Transplantates;854;34;25,1176;0,7131;0,904;0,9473;0,9672;0,9766
5-931;Art des verwendeten Knochenersatz- und Osteosynthesematerials;1382;31;44,5806;0,6281;0,8285;0,9407;0,9732;0,9848
5-932;Art des verwendeten Materials für Gewebeersatz und Gewebeverstärkung;10330;186;55,5376;0,6263;0,8308;0,9038;0,9415;0,9669
5-933;Verwendung einer Kunststoff- oder biologischen Membran zur Prophylaxe von Adhäsionen;94;9;10,4444;0,3936;0,7234;0,8404;0,9362;0,9574
5-934;Verwendung von MRT-fähigem Material;148;13;11,3846;0,3986;0,7432;0,8176;0,8581;0,9257
5-935;Verwendung von beschichtetem Osteosynthesematerial;-999;-999;-999,00;-9,99;-9,99;-9,99;-9,99;-9,99
5-936;Verwendung von Arzneimitteln für neuartige Therapien;0;0;NULL;NULL;NULL;NULL;NULL;NULL
5-937;Verwendung von thermomechanischem Osteosynthesematerial;0;0;NULL;NULL;NULL;NULL;NULL;NULL
5-981;Versorgung bei Mehrfachverletzung;4;4;1,00;0,25;0,25;0,25;0,50;0,50
5-982;Versorgung bei Polytrauma;-999;-999;-999,00;-9,99;-9,99;-9,99;-9,99;-9,99
5-983;Reoperation;9784;314;31,1592;0,575;0,773;0,8721;0,9317;0,9604
5-984;Mikrochirurgische Technik;27684;217;127,576;0,6198;0,7813;0,884;0,9409;0,9703
5-985;Lasertechnik;5122;132;38,803;0,5539;0,7751;0,8782;0,9266;0,9596
5-986;Minimalinvasive Technik;9133;72;126,8472;0,6771;0,8291;0,9231;0,9613;0,9836
5-987;Anwendung eines OP-Roboters;5;3;1,6667;0,40;0,40;0,40;0,40;0,80
5-988;Anwendung eines Navigationssystems;1229;39;31,5128;0,4768;0,7234;0,847;0,9138;0,9593
5-989;Fluoreszenzgestützte Therapieverfahren;393;13;30,2308;0,5852;0,8193;0,8702;0,9033;0,9695
5-98a;Hybridtherapie;0;0;NULL;NULL;NULL;NULL;NULL;NULL
5-98b;Anwendung eines flexiblen Ureterorenoskops;327;17;19,2353;0,4495;0,6116;0,8135;0,8869;0,948
5-98c;Anwendung eines Klammernahtgerätes;464;24;19,3333;0,3642;0,7004;0,8211;0,9461;0,9677
5-98d;Verwendung von patientenindividuell hergestelltem Instrumentarium;254;6;42,3333;0,7874;0,7874;0,9685;0,9685;0,9843
5-98e;Intraoperative Blutflussmessung in Gefäßen;0;0;NULL;NULL;NULL;NULL;NULL;NULL
5-995;Vorzeitiger Abbruch einer Operation (Eingriff nicht komplett durchgeführt);457;139;3,2878;0,4836;0,6368;0,7309;0,7943;0,849
