﻿EntlGrdName;Anzahl BA;sortnr
Behandlung beendet (01, 03, 04);544722;9
Behandlung beendet, nachstat. Beh. vorgesehen (02, 14, 15);2897;10
Tod;1829;11
Verlegung (E) in ein anderes Krankenhaus;7518;12
Verlegung (E) in ein anderes Krankenhaus im Rahmen einer Kooperation;338;13
Externe Verlegung (E) zur psych. Behandlung;16;14
Entlassung in andere Versorgungseinrichtung (099, 109, 119);12892;16
Interne Verlegung zwischen den Entgeltbereichen der DRG-Fallpauschalen, nach der BPflV oder für besondere Einrichtungen nach § 17 Abs. 1 Satz 15 KHG;28;17
Zuständigkeitswechsel des Kostenträgers;4;18
Entlassungen/Verlegungen gesamt;570244;20
