﻿DRG;name;Relativgewicht;AnzahlBA;AntAnGesFallzahl
A09C;Beatmung > 499 Stunden oder > 249 Stunden mit int. Komplexbeh. > 2352/1932/2208 P., mit komplexer OR-Prozedur oder Polytrauma oder int. Komplexbeh. > 1754/1656/2208 P. oder mit komplizierender Konstellation oder Alter < 16 Jahre;18,545;1;0,00
A09D;Beatmung > 499 Stunden, ohne komplexe OR-Prozedur, ohne Polytrauma, Alter > 15 Jahre, ohne komplizierende Konstellation, mit intensivmedizinischer Komplexbehandlung > 1470/1380/1380 und < 1765/1657/2209 Aufwandspunkte;17,28;2;0,00
A09E;Beatmung > 499 Stunden, ohne komplexe OR-Prozedur, ohne Polytrauma, Alter > 15 Jahre, ohne komplizierende Konstellation, ohne intensivmedizinische Komplexbehandlung > 1470/1380/1380 Aufwandspunkte, mit komplexer Diagnose oder Prozedur;14,435;1;0,00
A09F;Beatmung > 499 Stunden, ohne komplexe OR-Prozedur, ohne Polytrauma, Alter > 15 Jahre, ohne komplizierende Konstellation, ohne intensivmedizinische Komplexbehandlung > 1470/1380/1380 Aufwandspunkte, ohne komplexe Diagnose oder Prozedur;13,473;2;0,00
A11D;Beatmung > 249 Stunden, mit komplexer OR-Prozedur, ohne hochkomplexen Eingriff, ohne int. Komplexbeh. > 1764 / 1656 / 1656 P., ohne kompliz. Konstellation, Alter > 15 Jahre oder mit intensivmedizinischer Komplexbehandlung > 588 / 828 / - Aufwandspunkte;11,411;7;0,00
A11E;Beatmung > 249 Stunden oder > 95 Stunden mit intensivmedizinischer Komplexbehandlung > 1764 / 1656 / 1656 Aufwandspunkte, mit bestimmter OR-Prozedur oder kompliz. Konstellation oder intensivmed. Komplexbehandlung > - / - / 1104 P. oder Alter < 6 Jahre;10,12;4;0,00
D01B;Kochleaimplantation, unilateral;8,673;11;0,00
A11F;Beatmung > 249 Stunden, ohne komplexe oder bestimmte OR-Prozedur, ohne intensivmedizinische Komplexbehandlung > 588 / 828 / 1104 Aufwandspunkte, ohne kompliz. Konstellation, Alter > 5 Jahre, mit komplexer Diagnose oder Prozedur oder Alter < 16 Jahre;8,31;3;0,00
A13D;Beatmung > 95 Stunden mit komplexer OR-Prozedur, ohne hochkompl. od. sehr kompl. Eingriff, ohne intensivmed. Komplexbeh. > 1176 / 1104 / 1104 Punkte, ohne kompliz. Konst., ohne Eingr. bei angeb. Fehlbild. od. mit intensivmed. Komplexbeh. > - / 828 / - P.;8,076;9;0,00
A11G;Beatmung > 249 Stunden, ohne komplexe oder bestimmte OR-Prozedur, ohne intensivmedizinische Komplexbehandlung > 588 / 828 / 1104 Aufwandspunkte, ohne kompliz. Konstellation, Alter > 15 Jahre, ohne komplexe Diagnose od. Prozedur, mit äußerst schweren CC;7,552;3;0,00
A13E;Beatmung > 95 Stunden, ohne komplexe OR-Prozedur, mit bestimmter OR-Prozedur oder komplizierender Konstellation oder mit intensivmedizinischer Komplexbehandlung > 588 / 552 / 552 Aufwandspunkte und < 1177 / 829 / 1105 Aufwandspunkte od. Alter < 16 Jahre;6,864;17;0,00
A15C;Knochenmarktransplantation / Stammzelltransfusion, autogen, außer bei Plasmozytom, Alter > 15 Jahre;6,723;9;0,00
A11H;Beatmung > 249 Stunden, ohne komplexe oder bestimmte OR-Prozedur, ohne intensivmedizinische Komplexbehandlung > 588 / 828 / 1104 Aufwandspunkte, ohne kompliz. Konstellation, Alter > 15 Jahre, ohne komplexe Diagnose oder Prozedur, ohne äußerst schwere CC;6,571;3;0,00
D02A;Komplexe Resektionen mit Rekonstruktionen an Kopf und Hals mit komplexem Eingriff oder mit Kombinationseingriff mit äußerst schweren CC;5,948;5;0,00
I06C;Komplexe Eingriffe an der Wirbelsäule mit sehr komplexem Eingriff an Wirbelsäule ohne schwer entz. Erkr. oder mit Wirbelkörperersatz oder bei schwerer entzündlicher Erkrankung oder bösartiger Neubildung, mit äußerst schweren CC oder Halotraktion;5,932;10;0,00
L38Z;Komplizierende Konstellation mit bestimmtem operativen Eingriff bei Krankheiten und Störungen der Harnorgane;5,819;1;0,00
R05Z;Strahlentherapie bei hämatologischen und soliden Neubildungen, mehr als 9 Bestrahlungen oder bei akuter myeloischer Leukämie, Alter < 19 Jahre oder mit äußerst schweren CC;5,749;13;0,00
I98Z;Komplexe Vakuumbehandlung bei Krankheiten und Störungen an Muskel-Skelett-System und Bindegewebe;5,23;18;0,00
A15D;Knochenmarktransplantation / Stammzelltransfusion, autogen, bei Plasmozytom;5,143;16;0,00
I09A;Bestimmte Eingriffe an der Wirbelsäule, mit sehr komplexer Osteosynthese und äußerst schweren CC oder mehrzeitiger komplexer Eingriff oder komplexer Eingriff mit Wirbelkörperersatz oder verschiedene komplexe Eingriffe an mehreren Segmenten;5,093;37;0,0001
