﻿DRG;name;Relativgewicht;AnzahlBA;AntAnGesFallzahl
P60C;Neugeborenes, verlegt < 5 Tage nach Aufnahme ohne signifikante OR-Prozedur, nicht zuverlegt, ohne Beatmung > 24 Stunden (Mindestverweildauer 24 Stunden für das Krankenhaus, in dem die Geburt stattfindet);0,10;1131;0,002
C64Z;Glaukom, Katarakt und Erkrankungen des Augenlides;0,205;1431;0,0025
P67D;Neugeborener Einling, Aufnahmegewicht > 2499 g ohne OR-Prozedur, ohne Beatmung > 95 Stunden, ohne schweres Problem, ohne anderes Problem oder ein Belegungstag;0,221;40228;0,0705
L64B;Harnsteine und Harnwegsobstruktion ohne äußerst schwere oder schwere CC;0,222;3061;0,0054
E63Z;Schlafapnoesyndrom oder kardiorespiratorische Polysomnographie bis 2 Belegungstage;0,222;2729;0,0048
D62Z;Blutung aus Nase und Rachen oder Otitis media oder Infektionen der oberen Atemwege, Alter > 2 Jahre;0,244;2570;0,0045
E78Z;Kontrolle oder Optimierung einer bestehenden häuslichen Beatmung, bis 2 Belegungstage;0,245;80;0,0001
O05C;Intrauterine Therapie des Feten;0,252;11;0,00
O65C;Andere vorgeburtliche stationäre Aufnahme ohne äußerst schwere oder schwere CC, ohne komplexe Diagnose, ohne best. Placenta praevia oder ohne schwere CC, Schwangerschaftsdauer bis 25 oder mehr als 33 vollendete Wochen;0,252;8345;0,0146
N62B;Menstruationsstörungen und andere Erkrankungen der weiblichen Geschlechtsorgane ohne komplexe Diagnose;0,267;306;0,0005
P66D;Neugeborenes, Aufnahmegewicht 2000 - 2499 g ohne signifikante OR-Prozedur, ohne Beatmung > 95 Stunden, ohne Problem oder neugeborener Mehrling, Aufnahmegewicht > 2499 g ohne OR-Prozedur, ohne Beatmung > 95 Stunden, ohne Problem oder ein Belegungstag;0,292;873;0,0015
B80Z;Andere Kopfverletzungen;0,296;424;0,0007
C07B;Andere Eingriffe bei Glaukom ohne extrakapsuläre Extraktion der Linse (ECCE);0,296;1133;0,002
G72B;Andere leichte bis moderate Erkrankungen der Verdauungsorgane, Alter > 2 Jahre oder Abdominalschmerz oder mesenteriale Lymphadenitis, Alter > 2 Jahre und Alter < 56 Jahre oder ohne CC;0,301;1837;0,0032
O65B;Andere vorgeburtliche stationäre Aufnahme mit äußerst schweren CC oder komplexer Diagnose oder best. Placenta praevia mit schweren CC, Schwangerschaftsdauer bis 19 oder mehr als 33 vollendete Wochen (SSW) oder mit schweren CC oder 26 bis 33 SSW;0,311;2237;0,0039
O63Z;Abort ohne Dilatation und Kürettage, Aspirationskürettage oder Hysterotomie;0,312;182;0,0003
P67C;Neugeborenes, Aufnahmegewicht > 2499 g ohne signifikante OR-Prozedur, ohne Beatmung > 95 Stunden, mit anderem Problem, mehr als ein Belegungstag oder mit nicht signifikanter OR-Prozedur, ohne komplizierende Diagnose;0,32;1528;0,0027
C62Z;Hyphäma und konservativ behandelte Augenverletzungen;0,322;136;0,0002
Z64D;Andere Faktoren, die den Gesundheitszustand beeinflussen und Nachbehandlung nach abgeschlossener Behandlung ohne Radiojoddiagnostik, ohne bestimmten Kontaktanlass;0,322;782;0,0014
D64Z;Laryngotracheitis, Laryngospasmus und Epiglottitis;0,323;123;0,0002
