﻿EntlGrdName;Anzahl HA;sortnr
Behandlung beendet (01, 03, 04);15072328;9
Behandlung beendet, nachstat. Beh. vorgesehen (02, 14, 15);1196463;10
Tod;422616;11
Verlegung (E) in ein anderes Krankenhaus;592614;12
Verlegung (E) in ein anderes Krankenhaus im Rahmen einer Kooperation;13984;13
Externe Verlegung (E) zur psych. Behandlung;13434;14
Fallabschluss (interne Verlegung) mit Wechsel zwischen voll- und teilstationärer Behandlung;2729;15
Entlassung in andere Versorgungseinrichtung (099, 109, 119);731269;16
Interne Verlegung zwischen den Entgeltbereichen der DRG-Fallpauschalen, nach der BPflV oder für besondere Einrichtungen nach § 17 Abs. 1 Satz 15 KHG;27917;17
Zuständigkeitswechsel des Kostenträgers;602;18
Entlassungen/Verlegungen gesamt;18073956;20
