﻿EntlGrdName;Anzahl HA;sortnr
Behandlung beendet (01, 03, 04);15345374;9
Behandlung beendet, nachstat. Beh. vorgesehen (02, 14, 15);1234241;10
Tod;414267;11
Verlegung (E) in ein anderes Krankenhaus;610822;12
Verlegung (E) in ein anderes Krankenhaus im Rahmen einer Kooperation;14496;13
Externe Verlegung (E) zur psych. Behandlung;13257;14
Fallabschluss (interne Verlegung) mit Wechsel zwischen voll- und teilstationärer Behandlung;3075;15
Entlassung in andere Versorgungseinrichtung (099, 109, 119);741198;16
Interne Verlegung zwischen den Entgeltbereichen der DRG-Fallpauschalen, nach der BPflV oder für besondere Einrichtungen nach § 17 Abs. 1 Satz 15 KHG;29433;17
Zuständigkeitswechsel des Kostenträgers;388;18
Entlassungen/Verlegungen gesamt;18406551;20
