﻿Stufe;BereichName;Anzahl KH;Anteil KH;StufeSort;BereichSortName
bis 49 Betten;CMI < 0,9;108;0,6506;001 bis 049 Betten;CMI09
bis 49 Betten;CMI 0,9 bis unter 1,0;8;0,0482;001 bis 049 Betten;CMI0910
bis 49 Betten;CMI 1,0 bis unter 1,1;8;0,0482;001 bis 049 Betten;CMI1011
bis 49 Betten;CMI 1,1 bis unter 1,2;7;0,0422;001 bis 049 Betten;CMI1112
bis 49 Betten;CMI 1,2 bis unter 1,3;5;0,0301;001 bis 049 Betten;CMI1213
bis 49 Betten;CMI >= 1,3;30;0,1807;001 bis 049 Betten;CMI13
50 bis 99 Betten;CMI < 0,9;80;0,4124;050 bis 099 Betten;CMI09
50 bis 99 Betten;CMI 0,9 bis unter 1,0;26;0,134;050 bis 099 Betten;CMI0910
50 bis 99 Betten;CMI 1,0 bis unter 1,1;17;0,0876;050 bis 099 Betten;CMI1011
50 bis 99 Betten;CMI 1,1 bis unter 1,2;10;0,0515;050 bis 099 Betten;CMI1112
50 bis 99 Betten;CMI 1,2 bis unter 1,3;8;0,0412;050 bis 099 Betten;CMI1213
50 bis 99 Betten;CMI >= 1,3;53;0,2732;050 bis 099 Betten;CMI13
100 bis 149 Betten;CMI < 0,9;72;0,3564;100 bis 149 Betten;CMI09
100 bis 149 Betten;CMI 0,9 bis unter 1,0;44;0,2178;100 bis 149 Betten;CMI0910
100 bis 149 Betten;CMI 1,0 bis unter 1,1;28;0,1386;100 bis 149 Betten;CMI1011
100 bis 149 Betten;CMI 1,1 bis unter 1,2;7;0,0347;100 bis 149 Betten;CMI1112
100 bis 149 Betten;CMI 1,2 bis unter 1,3;9;0,0446;100 bis 149 Betten;CMI1213
100 bis 149 Betten;CMI >= 1,3;42;0,2079;100 bis 149 Betten;CMI13
150 bis 199 Betten;CMI < 0,9;62;0,378;150 bis 199 Betten;CMI09
150 bis 199 Betten;CMI 0,9 bis unter 1,0;52;0,3171;150 bis 199 Betten;CMI0910
150 bis 199 Betten;CMI 1,0 bis unter 1,1;17;0,1037;150 bis 199 Betten;CMI1011
150 bis 199 Betten;CMI 1,1 bis unter 1,2;8;0,0488;150 bis 199 Betten;CMI1112
150 bis 199 Betten;CMI 1,2 bis unter 1,3;4;0,0244;150 bis 199 Betten;CMI1213
150 bis 199 Betten;CMI >= 1,3;21;0,128;150 bis 199 Betten;CMI13
200 bis 249 Betten;CMI < 0,9;47;0,379;200 bis 249 Betten;CMI09
200 bis 249 Betten;CMI 0,9 bis unter 1,0;38;0,3065;200 bis 249 Betten;CMI0910
200 bis 249 Betten;CMI 1,0 bis unter 1,1;9;0,0726;200 bis 249 Betten;CMI1011
200 bis 249 Betten;CMI 1,1 bis unter 1,2;8;0,0645;200 bis 249 Betten;CMI1112
200 bis 249 Betten;CMI 1,2 bis unter 1,3;6;0,0484;200 bis 249 Betten;CMI1213
200 bis 249 Betten;CMI >= 1,3;16;0,129;200 bis 249 Betten;CMI13
250 bis 299 Betten;CMI < 0,9;35;0,3365;250 bis 299 Betten;CMI09
250 bis 299 Betten;CMI 0,9 bis unter 1,0;32;0,3077;250 bis 299 Betten;CMI0910
250 bis 299 Betten;CMI 1,0 bis unter 1,1;19;0,1827;250 bis 299 Betten;CMI1011
250 bis 299 Betten;CMI 1,1 bis unter 1,2;7;0,0673;250 bis 299 Betten;CMI1112
250 bis 299 Betten;CMI 1,2 bis unter 1,3;5;0,0481;250 bis 299 Betten;CMI1213
250 bis 299 Betten;CMI >= 1,3;6;0,0577;250 bis 299 Betten;CMI13
300 bis 399 Betten;CMI < 0,9;48;0,2743;300 bis 399 Betten;CMI09
300 bis 399 Betten;CMI 0,9 bis unter 1,0;57;0,3257;300 bis 399 Betten;CMI0910
300 bis 399 Betten;CMI 1,0 bis unter 1,1;31;0,1771;300 bis 399 Betten;CMI1011
300 bis 399 Betten;CMI 1,1 bis unter 1,2;12;0,0686;300 bis 399 Betten;CMI1112
300 bis 399 Betten;CMI 1,2 bis unter 1,3;8;0,0457;300 bis 399 Betten;CMI1213
300 bis 399 Betten;CMI >= 1,3;19;0,1086;300 bis 399 Betten;CMI13
400 bis 499 Betten;CMI < 0,9;17;0,1417;400 bis 499 Betten;CMI09
400 bis 499 Betten;CMI 0,9 bis unter 1,0;52;0,4333;400 bis 499 Betten;CMI0910
400 bis 499 Betten;CMI 1,0 bis unter 1,1;31;0,2583;400 bis 499 Betten;CMI1011
400 bis 499 Betten;CMI 1,1 bis unter 1,2;14;0,1167;400 bis 499 Betten;CMI1112
400 bis 499 Betten;CMI 1,2 bis unter 1,3;1;0,0083;400 bis 499 Betten;CMI1213
400 bis 499 Betten;CMI >= 1,3;5;0,0417;400 bis 499 Betten;CMI13
500 bis 599 Betten;CMI < 0,9;7;0,0897;500 bis 599 Betten;CMI09
500 bis 599 Betten;CMI 0,9 bis unter 1,0;24;0,3077;500 bis 599 Betten;CMI0910
500 bis 599 Betten;CMI 1,0 bis unter 1,1;21;0,2692;500 bis 599 Betten;CMI1011
500 bis 599 Betten;CMI 1,1 bis unter 1,2;12;0,1538;500 bis 599 Betten;CMI1112
500 bis 599 Betten;CMI 1,2 bis unter 1,3;6;0,0769;500 bis 599 Betten;CMI1213
500 bis 599 Betten;CMI >= 1,3;8;0,1026;500 bis 599 Betten;CMI13
600 bis 799 Betten;CMI < 0,9;4;0,0548;600 bis 799 Betten;CMI09
600 bis 799 Betten;CMI 0,9 bis unter 1,0;20;0,274;600 bis 799 Betten;CMI0910
600 bis 799 Betten;CMI 1,0 bis unter 1,1;29;0,3973;600 bis 799 Betten;CMI1011
600 bis 799 Betten;CMI 1,1 bis unter 1,2;9;0,1233;600 bis 799 Betten;CMI1112
600 bis 799 Betten;CMI 1,2 bis unter 1,3;3;0,0411;600 bis 799 Betten;CMI1213
600 bis 799 Betten;CMI >= 1,3;8;0,1096;600 bis 799 Betten;CMI13
800 bis 999 Betten;CMI < 0,9;3;0,0968;800 bis 999 Betten;CMI09
800 bis 999 Betten;CMI 0,9 bis unter 1,0;0;0,00;800 bis 999 Betten;CMI0910
800 bis 999 Betten;CMI 1,0 bis unter 1,1;5;0,1613;800 bis 999 Betten;CMI1011
800 bis 999 Betten;CMI 1,1 bis unter 1,2;11;0,3548;800 bis 999 Betten;CMI1112
800 bis 999 Betten;CMI 1,2 bis unter 1,3;2;0,0645;800 bis 999 Betten;CMI1213
800 bis 999 Betten;CMI >= 1,3;10;0,3226;800 bis 999 Betten;CMI13
1000 Betten und mehr;CMI < 0,9;0;0,00;ab 1000 Betten;CMI09
1000 Betten und mehr;CMI 0,9 bis unter 1,0;1;0,0192;ab 1000 Betten;CMI0910
1000 Betten und mehr;CMI 1,0 bis unter 1,1;5;0,0962;ab 1000 Betten;CMI1011
1000 Betten und mehr;CMI 1,1 bis unter 1,2;9;0,1731;ab 1000 Betten;CMI1112
1000 Betten und mehr;CMI 1,2 bis unter 1,3;8;0,1538;ab 1000 Betten;CMI1213
1000 Betten und mehr;CMI >= 1,3;29;0,5577;ab 1000 Betten;CMI13
