﻿viersteller;vierstellername;AnzahlHA;Anzahl KH;mwNennungenKH;antKHTop10Prozent;antKHTop20Prozent;antKHTop30Prozent;antKHTop40Prozent;antKHTop50Prozent
5-010;Schädeleröffnung über die Kalotte;72430;306;236,6993;0,4726;0,6966;0,8387;0,9247;0,9721
5-011;Zugang durch die Schädelbasis;4150;192;21,6146;0,5043;0,6877;0,8058;0,8805;0,9294
5-012;Inzision der Schädelknochen [Kraniotomie und Kraniektomie];7543;267;28,2509;0,3963;0,6202;0,7729;0,8725;0,937
5-013;Inzision von Gehirn und Hirnhäuten;22058;263;83,8707;0,3615;0,5796;0,7265;0,8367;0,9168
5-014;Stereotaktische Operationen an Schädel, Gehirn und Hirnhäuten;1763;93;18,957;0,629;0,8202;0,8945;0,9404;0,9648
5-015;Exzision und Destruktion von erkranktem intrakraniellem Gewebe;21906;208;105,3173;0,3812;0,6028;0,74;0,8391;0,909
5-016;Exzision und Destruktion von erkranktem Gewebe der Schädelknochen;2674;253;10,5692;0,4607;0,6773;0,7917;0,8736;0,9245
5-017;Inzision, Resektion und Destruktion an intrakraniellen Anteilen von Hirnnerven und Ganglien;1592;122;13,0492;0,4516;0,647;0,7776;0,8574;0,9133
5-018;Mikrovaskuläre Dekompression von intrakraniellen Nerven;773;113;6,8407;0,3648;0,5692;0,6973;0,7865;0,859
5-020;Kranioplastik;10466;248;42,2016;0,5035;0,6943;0,818;0,8938;0,9466
5-021;Rekonstruktion der Hirnhäute;33244;314;105,8726;0,4848;0,7315;0,8654;0,9441;0,9798
5-022;Inzision am Liquorsystem;14996;278;53,9424;0,4439;0,675;0,8101;0,90;0,9531
5-023;Anlegen eines Liquorshuntes [Shunt-Implantation];7083;224;31,6205;0,3843;0,5964;0,7385;0,843;0,913
5-024;Revision und Entfernung von Liquorableitungen;10116;255;39,6706;0,4996;0,6902;0,8203;0,899;0,9462
5-025;Inzision, Exzision, Destruktion und Verschluss von intrakraniellen Blutgefäßen;4185;168;24,9107;0,3627;0,5723;0,7099;0,8196;0,8922
5-026;Rekonstruktion von intrakraniellen Blutgefäßen;1514;124;12,2097;0,4399;0,6724;0,7952;0,8758;0,9221
5-027;Anlegen eines Bypasses und Transposition von intrakraniellen Blutgefäßen;241;33;7,303;0,6017;0,7718;0,8548;0,9004;0,9336
5-028;Funktionelle Eingriffe an Schädel, Gehirn und Hirnhäuten;2405;86;27,9651;0,4628;0,6994;0,8312;0,9056;0,9605
5-029;Andere Operationen an Schädel, Gehirn und Hirnhäuten;6604;197;33,5228;0,4938;0,7059;0,8304;0,9017;0,9447
5-030;Zugang zum kraniozervikalen Übergang und zur Halswirbelsäule;45325;675;67,1481;0,3922;0,594;0,7269;0,8218;0,8912
5-031;Zugang zur Brustwirbelsäule;27820;681;40,8517;0,4934;0,6957;0,8157;0,8918;0,9417
5-032;Zugang zur Lendenwirbelsäule, zum Os sacrum und zum Os coccygis;290580;887;327,5986;0,4016;0,6014;0,7382;0,8389;0,9082
5-033;Inzision des Spinalkanals;33123;640;51,7547;0,5316;0,736;0,8484;0,9141;0,9523
5-034;Inzision von Rückenmark und Rückenmarkhäuten;1577;251;6,2829;0,617;0,7356;0,8098;0,8649;0,9004
5-035;Exzision und Destruktion von erkranktem Gewebe des Rückenmarkes und der Rückenmarkhäute;7441;427;17,4262;0,4423;0,6463;0,7843;0,868;0,9215
5-036;Plastische Operationen an Rückenmark und Rückenmarkhäuten;17304;621;27,8647;0,4356;0,6346;0,7686;0,8558;0,9181
5-037;Operationen an intraspinalen Blutgefäßen;1735;136;12,7574;0,7222;0,8548;0,902;0,9308;0,9527
5-038;Operationen am spinalen Liquorsystem;11455;368;31,1277;0,5314;0,7275;0,8472;0,917;0,9552
5-039;Andere Operationen an Rückenmark und Rückenmarkstrukturen;12260;429;28,5781;0,6505;0,8031;0,8807;0,9274;0,9542
5-040;Inzision von Nerven;1687;292;5,7774;0,7226;0,7996;0,8483;0,8826;0,9135
5-041;Exzision und Destruktion von (erkranktem) Gewebe von Nerven;9930;793;12,5221;0,5326;0,7077;0,8083;0,8744;0,9186
5-042;Exzision eines Nerven zur Transplantation;741;174;4,2586;0,4953;0,6397;0,7382;0,8178;0,865
5-043;Sympathektomie;835;98;8,5204;0,6659;0,7832;0,8383;0,8838;0,9198
5-044;Epineurale Naht eines Nerven und Nervenplexus, primär;5849;564;10,3706;0,5233;0,7124;0,8118;0,8803;0,9232
5-045;Interfaszikuläre Naht eines Nerven und Nervenplexus, primär;1395;340;4,1029;0,4351;0,6194;0,7355;0,8136;0,8624
5-046;Epineurale Naht eines Nerven und Nervenplexus, sekundär;480;229;2,0961;0,2938;0,4625;0,5875;0,6833;0,7625
5-047;Interfaszikuläre Naht eines Nerven und Nervenplexus, sekundär;143;76;1,8816;0,4336;0,5315;0,6294;0,6783;0,7343
5-048;Epineurale Naht eines Nerven und Nervenplexus mit Transplantation;357;125;2,856;0,4202;0,577;0,6863;0,7563;0,8263
5-049;Interfaszikuläre Naht eines Nerven und Nervenplexus mit Transplantation;286;105;2,7238;0,4965;0,6119;0,6958;0,7657;0,8182
5-04a;Perkutane Sympathikolyse mit Steuerung durch bildgebende Verfahren;1705;192;8,8802;0,5367;0,7079;0,8135;0,8721;0,9138
5-050;Epineurale Naht eines Nerven und Nervenplexus mit Transposition, primär;458;155;2,9548;0,5502;0,655;0,7293;0,7948;0,8319
5-051;Interfaszikuläre Naht eines Nerven und Nervenplexus mit Transposition, primär;52;34;1,5294;0,2885;0,4423;0,5385;0,6154;0,6731
5-052;Epineurale Naht eines Nerven und Nervenplexus mit Transposition, sekundär;67;47;1,4255;0,2836;0,403;0,5075;0,5821;0,6567
5-053;Interfaszikuläre Naht eines Nerven und Nervenplexus mit Transposition, sekundär;70;34;2,0588;0,3429;0,5286;0,6143;0,7143;0,7571
5-054;Epineurale Naht eines Nerven und Nervenplexus mit Transplantation und Transposition;209;108;1,9352;0,3684;0,5024;0,5981;0,689;0,7416
5-055;Interfaszikuläre Naht eines Nerven und Nervenplexus mit Transplantation und Transposition;137;56;2,4464;0,4745;0,5912;0,6861;0,7518;0,7956
5-056;Neurolyse und Dekompression eines Nerven;54159;1090;49,6872;0,5155;0,7044;0,8117;0,8788;0,9242
5-057;Neurolyse und Dekompression eines Nerven mit Transposition;4600;520;8,8462;0,66;0,7915;0,8578;0,8985;0,927
5-058;Andere Rekonstruktion eines Nerven und Nervenplexus;476;145;3,2828;0,4118;0,5756;0,687;0,771;0,834
5-059;Andere Operationen an Nerven und Ganglien;9728;486;20,0165;0,5096;0,6876;0,7917;0,8649;0,9172
5-060;Inzision im Gebiet der Schilddrüse;1869;483;3,8696;0,4425;0,6116;0,7164;0,7935;0,8459
5-061;Hemithyreoidektomie;24374;883;27,6036;0,5119;0,682;0,7857;0,8577;0,9092
5-062;Andere partielle Schilddrüsenresektion;11501;856;13,4357;0,5051;0,6609;0,7654;0,837;0,8899
5-063;Thyreoidektomie;36705;886;41,4278;0,5354;0,6982;0,799;0,8671;0,9166
5-064;Operationen an der Schilddrüse durch Sternotomie;212;116;1,8276;0,3208;0,4623;0,5755;0,6698;0,7264
5-065;Exzision des Ductus thyreoglossus;2098;276;7,6014;0,3961;0,5791;0,7169;0,8136;0,8856
5-066;Partielle Nebenschilddrüsenresektion;2358;335;7,0388;0,6561;0,774;0,8414;0,8842;0,9152
5-067;Parathyreoidektomie;4673;497;9,4024;0,5774;0,7342;0,8245;0,8823;0,9202
5-068;Operationen an der Nebenschilddrüse durch Sternotomie;60;42;1,4286;0,3167;0,4333;0,5167;0,5833;0,65
5-069;Andere Operationen an Schilddrüse und Nebenschilddrüsen;71552;900;79,5022;0,5255;0,6891;0,795;0,8654;0,9153
5-070;Exploration der (Umgebung der) Nebenniere;60;47;1,2766;0,20;0,3333;0,45;0,5333;0,6167
5-071;Partielle Adrenalektomie;606;252;2,4048;0,396;0,5396;0,6469;0,7294;0,7921
5-072;Adrenalektomie;3238;501;6,4631;0,445;0,6226;0,7372;0,819;0,8752
5-073;Andere Operationen an der Nebenniere;148;81;1,8272;0,3311;0,473;0,5811;0,6689;0,7297
5-074;Exzision und Resektion von erkranktem Gewebe des Corpus pineale;44;22;2,00;0,2727;0,4545;0,5909;0,6818;0,75
5-075;Exzision und Resektion von erkranktem Gewebe der Hypophyse;2802;140;20,0143;0,4636;0,6299;0,7459;0,8301;0,8965
5-076;Andere Operationen an der Hypophyse;42;19;2,2105;0,3571;0,50;0,5952;0,6905;0,7857
5-077;Exzision und Resektion des Thymus;2174;242;8,9835;0,6753;0,7792;0,8464;0,8891;0,9223
5-078;Andere Operationen am Thymus;37;19;1,9474;0,4595;0,5946;0,6486;0,7027;0,7568
5-079;Operationen an anderen endokrinen Drüsen;3;3;1,00;0,3333;0,3333;0,3333;0,3333;0,6667
5-080;Inzision der Tränendrüse;23;18;1,2778;0,2174;0,3913;0,4348;0,5217;0,6087
5-081;Exzision von (erkranktem) Gewebe der Tränendrüse;85;52;1,6346;0,2588;0,4118;0,5529;0,6353;0,6941
5-082;Andere Operationen an der Tränendrüse;68;14;4,8571;0,5735;0,7647;0,8088;0,8676;0,8971
5-084;Inzision von Tränensack und sonstigen Tränenwegen;571;111;5,1441;0,359;0,5377;0,6515;0,7426;0,8249
5-085;Exzision von erkranktem Gewebe an Tränensack und sonstigen Tränenwegen;292;82;3,561;0,3767;0,5377;0,661;0,7466;0,8116
5-086;Rekonstruktion des Tränenkanals und Tränenpunktes;3085;141;21,8794;0,6311;0,7958;0,8707;0,916;0,9485
5-087;Dakryozystorhinostomie;2469;158;15,6266;0,4366;0,6225;0,7461;0,8368;0,902
5-088;Andere Rekonstruktion der Tränenwege;1891;98;19,2959;0,7451;0,8657;0,9164;0,9429;0,9619
5-089;Andere Operationen an den Tränenwegen;323;77;4,1948;0,5975;0,6873;0,7585;0,808;0,8576
5-090;Inzision des (erkrankten) Augenlides;638;153;4,1699;0,3527;0,5658;0,6912;0,7837;0,8511
5-091;Exzision und Destruktion von (erkranktem) Gewebe des Augenlides;11379;304;37,4309;0,5216;0,7545;0,8846;0,9494;0,972
5-092;Operationen an Kanthus und Epikanthus;3736;207;18,0483;0,5835;0,7588;0,8474;0,9004;0,9374
5-093;Korrekturoperation bei Entropium und Ektropium;7701;182;42,3132;0,5037;0,6917;0,8205;0,894;0,9448
5-094;Korrekturoperation bei Blepharoptosis;3830;131;29,2366;0,4415;0,6373;0,7614;0,8559;0,9209
5-095;Naht des Augenlides;3767;247;15,251;0,481;0,7053;0,8386;0,9209;0,9567
5-096;Andere Rekonstruktion der Augenlider;11723;258;45,438;0,6123;0,7845;0,8889;0,9461;0,9713
5-097;Blepharoplastik;5898;264;22,3409;0,6551;0,8101;0,8852;0,9296;0,9554
5-098;Vertikale Lidverlängerung;494;72;6,8611;0,6174;0,753;0,8441;0,8907;0,919
5-099;Andere Operationen am Augenlid;662;135;4,9037;0,4033;0,5846;0,7205;0,8097;0,8731
5-10a;Verstärkende Eingriffe an einem geraden Augenmuskel;1804;77;23,4286;0,5133;0,6896;0,8182;0,8925;0,9357
5-10b;Schwächende Eingriffe an einem geraden Augenmuskel;2246;85;26,4235;0,5343;0,6995;0,8232;0,8905;0,9341
5-10c;Chirurgie der Abrollstrecke (Faden-Operation, Myopexie);197;37;5,3243;0,4772;0,5888;0,731;0,8325;0,8883
5-10d;Transposition eines geraden Augenmuskels;122;26;4,6923;0,4016;0,582;0,7623;0,8115;0,8689
5-10e;Andere Operationen an den geraden Augenmuskeln;1327;90;14,7444;0,5644;0,7265;0,835;0,8907;0,9269
5-10f;Verstärkende Eingriffe an einem schrägen Augenmuskel;145;33;4,3939;0,40;0,6207;0,7172;0,7931;0,869
5-10g;Schwächende Eingriffe an einem schrägen Augenmuskel;790;60;13,1667;0,5241;0,7215;0,8089;0,8709;0,9139
5-10h;Transposition eines schrägen Augenmuskels;62;21;2,9524;0,2419;0,4194;0,5484;0,6774;0,8065
5-10j;Andere Operationen an den schrägen Augenmuskeln;509;42;12,119;0,7328;0,8153;0,8821;0,9214;0,947
5-10k;Kombinierte Operationen an den Augenmuskeln;6365;96;66,3021;0,5095;0,6786;0,8113;0,8892;0,942
5-10m;Andere Operationen an den Augenmuskeln;55;31;1,7742;0,3091;0,5091;0,60;0,6545;0,7273
5-110;Operative Entfernung eines Fremdkörpers aus der Konjunktiva;155;71;2,1831;0,2774;0,4258;0,5613;0,6645;0,7677
5-112;Exzision und Destruktion von (erkranktem) Gewebe der Konjunktiva;2162;118;18,322;0,4228;0,6249;0,7354;0,8252;0,8918
5-113;Konjunktivaplastik;1083;99;10,9394;0,4063;0,6066;0,7285;0,8098;0,8753
5-114;Lösung von Adhäsionen zwischen Konjunktiva und Augenlid;306;65;4,7077;0,5752;0,6895;0,781;0,8333;0,8791
5-115;Naht der Konjunktiva;3964;124;31,9677;0,5956;0,7366;0,8116;0,8716;0,9135
5-119;Andere Operationen an der Konjunktiva;296;81;3,6543;0,3547;0,5304;0,6486;0,7365;0,8142
5-120;Operative Entfernung eines Fremdkörpers aus der Kornea;384;88;4,3636;0,3307;0,4896;0,599;0,7031;0,7969
5-121;Inzision der Kornea;219;38;5,7632;0,7306;0,7991;0,8402;0,8813;0,9132
5-122;Operationen bei Pterygium;2573;108;23,8241;0,3533;0,5243;0,6335;0,7299;0,8119
5-123;Exzision und Destruktion von (erkranktem) Gewebe der Kornea;4936;114;43,2982;0,4398;0,6564;0,7741;0,8537;0,9019
5-124;Naht der Kornea;3712;119;31,1933;0,4038;0,5814;0,7101;0,802;0,8755
5-125;Hornhauttransplantation und Keratoprothetik;7628;95;80,2947;0,5115;0,6901;0,8089;0,8732;0,9212
5-126;Refraktive Keratoplastik und andere Rekonstruktion der Kornea;362;38;9,5263;0,7127;0,8149;0,8591;0,9033;0,9309
5-129;Andere Operationen an der Kornea;6261;124;50,4919;0,3571;0,6096;0,7513;0,8559;0,9219
5-130;Operative Entfernung eines Fremdkörpers aus der vorderen Augenkammer;124;61;2,0328;0,3065;0,4516;0,5806;0,6774;0,7581
5-131;Senkung des Augeninnendruckes durch filtrierende Operationen;13248;116;114,2069;0,3779;0,5583;0,7058;0,8007;0,8773
5-132;Senkung des Augeninnendruckes durch Operationen am Corpus ciliare;9792;119;82,2857;0,2971;0,4846;0,6272;0,7402;0,8257
5-133;Senkung des Augeninnendruckes durch Verbesserung der Kammerwasserzirkulation;11082;123;90,0976;0,3732;0,5735;0,6904;0,7896;0,872
5-134;Senkung des Augeninnendruckes durch nicht filtrierende Operationen;2673;78;34,2692;0,5582;0,716;0,8148;0,893;0,9398
5-135;Exzision und Destruktion von erkranktem Gewebe an Iris, Corpus ciliare und Sklera;250;69;3,6232;0,436;0,572;0,684;0,768;0,832
5-136;Andere Iridektomie und Iridotomie;2641;111;23,7928;0,5733;0,7137;0,8042;0,8694;0,9167
5-137;Andere Operationen an der Iris;10295;119;86,5126;0,3243;0,489;0,6238;0,7343;0,8229
5-138;Operationen an der Sklera;2557;118;21,6695;0,4947;0,6488;0,7501;0,824;0,8815
5-139;Andere Operationen an Sklera, vorderer Augenkammer, Iris und Corpus ciliare;35564;131;271,4809;0,4129;0,6114;0,7455;0,8418;0,911
5-140;Entfernung eines Fremdkörpers aus der Augenlinse;28;22;1,2727;0,2143;0,3571;0,4643;0,5357;0,6071
5-142;Kapsulotomie der Linse;6563;123;53,3577;0,4106;0,6003;0,7201;0,8062;0,8796
5-143;Intrakapsuläre Extraktion der Linse;660;97;6,8041;0,5061;0,6424;0,747;0,8227;0,8773
5-144;Extrakapsuläre Extraktion der Linse [ECCE];97258;145;670,7448;0,2979;0,4619;0,6016;0,7153;0,8184
5-145;Andere Linsenextraktionen;2201;114;19,307;0,303;0,4975;0,6356;0,751;0,8355
5-146;(Sekundäre) Einführung und Wechsel einer alloplastischen Linse;4201;120;35,0083;0,2745;0,4751;0,6051;0,7098;0,7958
5-147;Revision und Entfernung einer alloplastischen Linse;2254;116;19,431;0,3088;0,4885;0,6229;0,7223;0,8088
5-149;Andere Operationen an der Linse;8242;114;72,2982;0,7697;0,8657;0,9116;0,9426;0,9619
5-150;Entfernung eines Fremdkörpers aus dem hinteren Augenabschnitt;191;65;2,9385;0,288;0,4555;0,6126;0,712;0,801
5-152;Fixation der Netzhaut durch eindellende Operationen;5718;110;51,9818;0,5157;0,7032;0,8087;0,8861;0,9404
5-153;Revision, Wechsel und Entfernung einer Cerclage oder Plombe, die zur Fixation der Netzhaut angelegt wurde;573;90;6,3667;0,3368;0,541;0,6789;0,7766;0,8464
5-154;Andere Operationen zur Fixation der Netzhaut;51459;143;359,8531;0,348;0,5748;0,7193;0,8189;0,9006
5-155;Destruktion von erkranktem Gewebe an Retina und Choroidea;17453;146;119,5411;0,3989;0,5861;0,736;0,8324;0,9061
5-156;Andere Operationen an der Retina;31455;142;221,5141;0,404;0,5782;0,7136;0,8148;0,8919
5-157;Andere Operationen an der Choroidea;1626;80;20,325;0,6359;0,7995;0,8708;0,9188;0,949
5-158;Pars-plana-Vitrektomie;63457;133;477,1203;0,2672;0,4722;0,6196;0,7318;0,8282
5-159;Vitrektomie über anderen Zugang und andere Operationen am Corpus vitreum;34745;128;271,4453;0,3906;0,6102;0,7451;0,8496;0,918
5-160;Orbitotomie;4445;167;26,6168;0,539;0,7323;0,861;0,924;0,9568
5-161;Entfernung eines Fremdkörpers aus Orbita und Augapfel, n.n.bez.;186;86;2,1628;0,3333;0,4731;0,586;0,672;0,7688
5-162;Entfernung des Augeninhaltes [Eviszeration];167;44;3,7955;0,2515;0,479;0,6228;0,7485;0,8204
5-163;Entfernung des Augapfels [Enukleation];1214;112;10,8393;0,4522;0,6129;0,7339;0,8155;0,8814
5-164;Andere Exzision, Destruktion und Exenteration der Orbita und Orbitainnenhaut;1108;137;8,0876;0,4919;0,676;0,7861;0,8574;0,9079
5-165;Sekundäre Einführung, Revision und Entfernung eines Orbitaimplantates;286;75;3,8133;0,514;0,6399;0,7378;0,8077;0,8636
5-166;Revision und Rekonstruktion von Orbita und Augapfel;1589;146;10,8836;0,5236;0,6929;0,8024;0,8678;0,9144
5-167;Rekonstruktion der Orbitawand;925;130;7,1154;0,48;0,6843;0,7849;0,8541;0,9038
5-168;Operationen am N. opticus;268;69;3,8841;0,3545;0,5634;0,7052;0,7985;0,8582
5-169;Andere Operationen an Orbita, Auge und Augapfel;2561;165;15,5212;0,6697;0,7891;0,8629;0,9129;0,9477
5-180;Inzision am äußeren Ohr;2229;238;9,3655;0,7986;0,8573;0,8928;0,9215;0,943
5-181;Exzision und Destruktion von erkranktem Gewebe des äußeren Ohres;12318;440;27,9955;0,5625;0,7645;0,8833;0,9441;0,9697
5-182;Resektion der Ohrmuschel;2615;297;8,8047;0,4486;0,6287;0,7556;0,8436;0,8975
5-183;Wundversorgung am äußeren Ohr;1534;436;3,5183;0,4016;0,5763;0,6982;0,7842;0,8442
5-184;Plastische Korrektur abstehender Ohren;1516;231;6,5628;0,4011;0,5712;0,6992;0,7922;0,8588
5-185;Konstruktion und Rekonstruktion des äußeren Gehörganges;8569;196;43,7194;0,4813;0,6351;0,7563;0,837;0,8949
5-186;Plastische Rekonstruktion von Teilen der Ohrmuschel;2201;288;7,6424;0,5234;0,687;0,781;0,8537;0,9037
5-187;Plastische Rekonstruktion der gesamten Ohrmuschel;338;100;3,38;0,6036;0,6953;0,7604;0,8195;0,8521
5-188;Andere Rekonstruktion des äußeren Ohres;666;206;3,233;0,482;0,6246;0,7192;0,7793;0,8423
5-189;Andere Operationen am äußeren Ohr;11492;234;49,1111;0,4431;0,6722;0,8175;0,912;0,9618
5-192;Revision einer Stapedektomie;321;93;3,4516;0,3551;0,5514;0,6698;0,7539;0,8224
5-193;Andere Operationen an den Gehörknöchelchen;588;64;9,1875;0,7245;0,8384;0,8912;0,9252;0,9456
5-194;Myringoplastik [Tympanoplastik Typ I];7150;190;37,6316;0,3366;0,5408;0,6906;0,7994;0,8736
5-195;Tympanoplastik (Verschluss einer Trommelfellperforation und Rekonstruktion der Gehörknöchelchen);18031;198;91,0657;0,317;0,4995;0,6401;0,7525;0,836
5-197;Stapesplastik;2691;167;16,1138;0,353;0,5225;0,6559;0,7585;0,8343
5-198;Fensterungsoperation des Promotoriums;17;13;1,3077;0,2353;0,4118;0,4706;0,5294;0,6471
5-199;Andere mikrochirurgische Operationen am Mittelohr;403;75;5,3733;0,6476;0,7667;0,8337;0,871;0,9082
5-200;Parazentese [Myringotomie];38256;382;100,1466;0,3917;0,6405;0,8183;0,9293;0,9814
5-201;Entfernung einer Paukendrainage;1260;190;6,6316;0,3175;0,4841;0,6151;0,7246;0,8167
5-202;Inzision an Warzenfortsatz und Mittelohr;4918;178;27,6292;0,4225;0,5923;0,7078;0,8036;0,8774
5-203;Mastoidektomie;5468;200;27,34;0,4192;0,6207;0,748;0,8376;0,8987
5-204;Rekonstruktion des Mittelohres;5286;180;29,3667;0,4661;0,6489;0,7584;0,8343;0,8942
5-205;Andere Exzisionen an Mittel- und Innenohr;5093;175;29,1029;0,5301;0,7283;0,8384;0,902;0,9425
5-208;Inzision [Eröffnung] und Destruktion [Ausschaltung] des Innenohres;362;68;5,3235;0,5552;0,7044;0,7707;0,837;0,884
5-209;Andere Operationen am Mittel- und Innenohr;11904;189;62,9841;0,4269;0,6315;0,7632;0,8501;0,9127
5-210;Operative Behandlung einer Nasenblutung;12350;701;17,6177;0,5538;0,7647;0,8674;0,9194;0,9479
5-211;Inzision der Nase;2825;213;13,2629;0,3575;0,5427;0,6726;0,7773;0,8598
5-212;Exzision und Destruktion von erkranktem Gewebe der Nase;15690;453;34,6358;0,6528;0,8219;0,9059;0,9529;0,9752
5-213;Resektion der Nase;1285;198;6,4899;0,4576;0,6272;0,7354;0,8163;0,8763
5-214;Submuköse Resektion und plastische Rekonstruktion des Nasenseptums;57989;314;184,6783;0,3662;0,5862;0,7391;0,8561;0,934
5-215;Operationen an der unteren Nasenmuschel [Concha nasalis];99350;321;309,5016;0,4551;0,6637;0,8043;0,9005;0,9623
5-216;Reposition einer Nasenfraktur;7478;392;19,0765;0,4741;0,6974;0,828;0,903;0,9482
5-217;Plastische Rekonstruktion der äußeren Nase;7514;334;22,497;0,5699;0,7466;0,847;0,903;0,9392
5-218;Plastische Rekonstruktion der inneren und äußeren Nase [Septorhinoplastik];10993;266;41,3271;0,4416;0,6111;0,7531;0,8501;0,9142
5-219;Andere Operationen an der Nase;805;212;3,7972;0,354;0,5354;0,6696;0,759;0,8298
5-220;Nasennebenhöhlenpunktion;593;127;4,6693;0,5396;0,661;0,7572;0,828;0,8718
5-221;Operationen an der Kieferhöhle;23138;266;86,985;0,412;0,5977;0,7373;0,8374;0,9149
5-222;Operation am Siebbein und an der Keilbeinhöhle;24995;236;105,911;0,3844;0,5654;0,7044;0,8119;0,8952
5-223;Operationen an der Stirnhöhle;6289;198;31,7626;0,5228;0,6963;0,7981;0,8728;0,9219
5-224;Operationen an mehreren Nasennebenhöhlen;25750;247;104,251;0,3382;0,5465;0,6945;0,8052;0,8868
5-225;Plastische Rekonstruktion der Nasennebenhöhlen;3672;168;21,8571;0,4586;0,6895;0,8235;0,906;0,9496
5-229;Andere Operationen an den Nasennebenhöhlen;1424;136;10,4706;0,4235;0,6208;0,7626;0,8434;0,9031
5-230;Zahnextraktion;24487;597;41,0168;0,8465;0,9409;0,9651;0,977;0,9847
5-231;Operative Zahnentfernung (durch Osteotomie);23065;315;73,2222;0,5953;0,8666;0,9632;0,9808;0,9891
5-232;Zahnsanierung durch Füllung;1468;172;8,5349;0,4857;0,6805;0,8127;0,8828;0,9244
5-233;Prothetischer Zahnersatz;165;81;2,037;0,3576;0,503;0,60;0,697;0,7576
5-235;Replantation, Transplantation, Implantation und Stabilisierung eines Zahnes;1289;139;9,2734;0,3763;0,6005;0,7572;0,8611;0,9147
5-236;Entfernung eines transplantierten Zahnes;3;2;1,50;0,6667;0,6667;0,6667;0,6667;0,6667
5-237;Wurzelspitzenresektion und Wurzelkanalbehandlung;1546;180;8,5889;0,4301;0,6384;0,7865;0,881;0,9256
5-240;Inzision des Zahnfleisches und Osteotomie des Alveolarkammes;2813;187;15,0428;0,7373;0,871;0,9218;0,9463;0,9609
5-241;Gingivaplastik;12280;153;80,2614;0,5609;0,8014;0,9173;0,9733;0,9894
5-242;Andere Operationen am Zahnfleisch;9013;276;32,6558;0,721;0,8808;0,9462;0,9693;0,9809
5-243;Exzision einer odontogenen pathologischen Veränderung des Kiefers;5061;173;29,2543;0,3847;0,6208;0,772;0,8842;0,9526
5-244;Alveolarkammplastik und Vestibulumplastik;4329;138;31,3696;0,6674;0,8025;0,8739;0,9245;0,9568
5-245;Zahnfreilegung;224;75;2,9867;0,2902;0,4509;0,5982;0,7054;0,7946
5-249;Andere Operationen und Maßnahmen an Gebiss, Zahnfleisch und Alveolen;7417;231;32,1082;0,5811;0,8129;0,9254;0,9664;0,9794
5-250;Inzision, Exzision und Destruktion von erkranktem Gewebe der Zunge;4637;231;20,0736;0,3349;0,5271;0,6772;0,7891;0,876
5-251;Partielle Glossektomie;2190;182;12,033;0,3005;0,5037;0,6635;0,7689;0,8479
5-252;Glossektomie;233;85;2,7412;0,3219;0,4721;0,6009;0,6953;0,7725
5-253;Rekonstruktion der Zunge;986;257;3,8366;0,3732;0,5639;0,6988;0,787;0,8458
5-259;Andere Operationen an der Zunge;2885;328;8,7957;0,5345;0,7057;0,799;0,8641;0,9081
5-260;Inzision und Schlitzung einer Speicheldrüse und eines Speicheldrüsenausführungsganges;1419;197;7,203;0,3545;0,5356;0,6772;0,7773;0,8534
5-261;Exzision von erkranktem Gewebe einer Speicheldrüse und eines Speicheldrüsenausführungsganges;2387;239;9,9874;0,354;0,5643;0,7093;0,8056;0,8789
5-262;Resektion einer Speicheldrüse;14653;236;62,089;0,3107;0,5075;0,6653;0,7822;0,8696
5-263;Rekonstruktion einer Speicheldrüse und eines Speicheldrüsenausführungsganges;287;95;3,0211;0,4878;0,6132;0,7143;0,777;0,8362
5-269;Andere Operationen an Speicheldrüse und Speicheldrüsenausführungsgang;2041;122;16,7295;0,5468;0,7315;0,8398;0,8991;0,9388
5-270;Äußere Inzision und Drainage im Mund-, Kiefer- und Gesichtsbereich;8494;467;18,1884;0,6533;0,8607;0,9201;0,9486;0,9654
5-271;Inzision des harten und weichen Gaumens;361;130;2,7769;0,3102;0,4709;0,59;0,6953;0,7673
5-272;Exzision und Destruktion des (erkrankten) harten und weichen Gaumens;3134;222;14,1171;0,2792;0,4745;0,6382;0,7556;0,8427
5-273;Inzision, Exzision und Destruktion in der Mundhöhle;12093;343;35,2566;0,5496;0,8102;0,9086;0,9465;0,9704
5-274;Mundbodenplastik;574;134;4,2836;0,3345;0,5401;0,6707;0,7683;0,8362
5-275;Palatoplastik;3382;224;15,0982;0,513;0,7126;0,8223;0,8847;0,9234
5-276;Plastische Rekonstruktion einer (angeborenen) Lippenspalte und Lippen-Kieferspalte;2189;110;19,90;0,5413;0,7035;0,8049;0,8757;0,9265
5-277;Resektion des Mundbodens mit plastischer Rekonstruktion;1779;145;12,269;0,3356;0,5441;0,7055;0,8117;0,8909
5-278;Resektion der Wange mit plastischer Rekonstruktion;902;134;6,7313;0,3293;0,5554;0,6918;0,796;0,8625
5-279;Andere Operationen am Mund;3752;303;12,3828;0,4534;0,6972;0,8217;0,8905;0,9312
5-280;Transorale Inzision und Drainage eines pharyngealen oder parapharyngealen Abszesses;6634;223;29,7489;0,3889;0,6206;0,7617;0,8532;0,9163
5-281;Tonsillektomie (ohne Adenotomie);53066;260;204,10;0,282;0,4667;0,6181;0,748;0,8512
5-282;Tonsillektomie mit Adenotomie;6222;242;25,7107;0,3909;0,5752;0,7117;0,8078;0,874
5-284;Exzision und Destruktion einer Zungengrundtonsille;1035;146;7,089;0,4319;0,6435;0,7565;0,8309;0,8928
5-285;Adenotomie (ohne Tonsillektomie);30530;282;108,2624;0,3183;0,5243;0,6964;0,8247;0,9132
5-289;Andere Operationen an Gaumen- und Rachenmandeln;7130;252;28,2937;0,3617;0,5523;0,6957;0,806;0,8903
5-290;Pharyngotomie;268;102;2,6275;0,2724;0,4813;0,6343;0,7351;0,8097
5-291;Operationen an Kiemengangsresten;1815;275;6,60;0,3157;0,5179;0,6722;0,7851;0,8656
5-292;Exzision und Destruktion von erkranktem Gewebe des Pharynx;5049;195;25,8923;0,4957;0,6532;0,7639;0,8392;0,8998
5-293;Pharyngoplastik;423;114;3,7105;0,4161;0,5887;0,695;0,7801;0,8392
5-294;Andere Rekonstruktionen des Pharynx;2281;201;11,3483;0,3884;0,566;0,6975;0,797;0,872
5-295;Partielle Resektion des Pharynx [Pharynxteilresektion];1900;163;11,6564;0,3005;0,5205;0,6668;0,7684;0,8505
5-296;Radikale Resektion des Pharynx [Pharyngektomie];520;103;5,0485;0,4038;0,5865;0,7038;0,7904;0,8558
5-299;Andere Operationen am Pharynx;1677;298;5,6275;0,4258;0,6237;0,7394;0,8163;0,8718
5-300;Exzision und Destruktion von erkranktem Gewebe des Larynx;19538;249;78,4659;0,3304;0,5456;0,6983;0,8171;0,9042
5-301;Hemilaryngektomie;201;78;2,5769;0,3582;0,5174;0,6219;0,7114;0,791
5-302;Andere partielle Laryngektomie;3449;169;20,4083;0,3265;0,4946;0,6199;0,7176;0,8011
5-303;Laryngektomie;1288;156;8,2564;0,2679;0,4457;0,5862;0,6871;0,7764
5-310;Larynxverengende Eingriffe;935;109;8,578;0,5123;0,6866;0,7936;0,8535;0,9027
5-311;Temporäre Tracheostomie;37328;1032;36,1705;0,4875;0,6559;0,7608;0,8336;0,8886
5-312;Permanente Tracheostomie;16661;839;19,8582;0,6447;0,8112;0,8818;0,922;0,9491
5-313;Inzision des Larynx und andere Inzisionen der Trachea;1202;182;6,6044;0,5083;0,6672;0,7687;0,8369;0,8869
5-314;Exzision, Resektion und Destruktion (von erkranktem Gewebe) der Trachea;2093;306;6,8399;0,4553;0,6364;0,7511;0,8275;0,8858
5-315;Rekonstruktion des Larynx;1078;145;7,4345;0,5863;0,7143;0,7987;0,8581;0,9026
5-316;Rekonstruktion der Trachea;7263;519;13,9942;0,5337;0,7464;0,8565;0,9157;0,9463
5-319;Andere Operationen an Larynx und Trachea;5003;380;13,1658;0,4845;0,7042;0,8317;0,9037;0,941
5-320;Exzision und Destruktion von erkranktem Gewebe eines Bronchus;10648;479;22,2296;0,5658;0,7588;0,8591;0,9179;0,9531
5-321;Andere Exzision und Resektion eines Bronchus (ohne Resektion des Lungenparenchyms);243;98;2,4796;0,284;0,465;0,5926;0,6914;0,7737
5-322;Atypische Lungenresektion;20022;505;39,6475;0,5016;0,7157;0,8411;0,9136;0,9545
5-323;Segmentresektion und Bisegmentresektion der Lunge;3038;311;9,7685;0,4625;0,6517;0,7643;0,8427;0,9013
5-324;Einfache Lobektomie und Bilobektomie der Lunge;10190;334;30,509;0,4331;0,6465;0,7785;0,8707;0,9236
5-325;Erweiterte Lobektomie und Bilobektomie der Lunge;1977;187;10,5722;0,4734;0,6424;0,7521;0,8306;0,8862
5-327;Einfache (Pleuro-)Pneum(on)ektomie;396;149;2,6577;0,2879;0,4596;0,5934;0,6995;0,7753
5-328;Erweiterte (Pleuro-)Pneum(on)ektomie;906;174;5,2069;0,404;0,5762;0,6943;0,7892;0,8554
5-329;Andere Exzisionen an Lunge und Bronchus;52;45;1,1556;0,2308;0,3077;0,4038;0,4808;0,5769
5-330;Inzision eines Bronchus;104;32;3,25;0,5481;0,7019;0,7788;0,8173;0,8462
5-331;Inzision der Lunge;71;37;1,9189;0,4789;0,5634;0,6338;0,6901;0,7465
5-333;Adhäsiolyse an Lunge und Brustwand;18002;491;36,664;0,5892;0,7883;0,8877;0,9405;0,9678
5-334;Rekonstruktion an Lunge und Bronchien;3378;353;9,5694;0,5403;0,7268;0,8224;0,8819;0,921
5-335;Lungentransplantation;318;15;21,20;0,6321;0,7264;0,8176;0,8522;0,9119
5-339;Andere Operationen an Lunge und Bronchien;6014;333;18,0601;0,5057;0,6964;0,8134;0,8846;0,9323
5-340;Inzision von Brustwand und Pleura;31595;934;33,8276;0,5752;0,7654;0,859;0,9147;0,9483
5-341;Inzision des Mediastinums;6048;256;23,625;0,6019;0,8938;0,9481;0,9643;0,9754
5-342;Exzision und Destruktion von erkranktem Gewebe des Mediastinums;2879;355;8,1099;0,4693;0,6596;0,7763;0,8499;0,9014
5-343;Exzision und Destruktion von (erkranktem) Gewebe der Brustwand;6946;664;10,4608;0,5383;0,7203;0,8193;0,8817;0,92
5-344;Pleurektomie;20174;519;38,8709;0,5609;0,7751;0,8726;0,9281;0,96
5-345;Pleurodese [Verödung des Pleuraspaltes];10399;683;15,2255;0,5038;0,6848;0,7962;0,8717;0,9226
5-346;Plastische Rekonstruktion der Brustwand;7605;437;17,4027;0,5636;0,764;0,8663;0,9239;0,9529
5-347;Operationen am Zwerchfell;4885;599;8,1553;0,5245;0,6903;0,7873;0,8553;0,9028
5-349;Andere Operationen am Thorax;16653;568;29,3187;0,5844;0,8149;0,9129;0,9536;0,9715
5-350;Valvulotomie;429;38;11,2895;0,8182;0,8718;0,8974;0,9254;0,9441
5-351;Ersatz von Herzklappen durch Prothese;26466;84;315,0714;0,2418;0,4163;0,5413;0,6567;0,7461
5-352;Wechsel von Herzklappenprothesen;2169;80;27,1125;0,2964;0,4518;0,5722;0,6722;0,7607
5-353;Valvuloplastik;15925;85;187,3529;0,331;0,5043;0,6379;0,7291;0,8149
5-354;Andere Operationen an Herzklappen;10227;80;127,8375;0,3797;0,5338;0,6467;0,7379;0,8117
5-355;Herstellung und Vergrößerung eines Septumdefektes des Herzens;328;27;12,1481;0,372;0,5579;0,75;0,8476;0,9299
5-356;Plastische Rekonstruktion des Herzseptums bei angeborenen Herzfehlern;4639;79;58,7215;0,4451;0,6667;0,7847;0,8493;0,8955
5-357;Operationen bei kongenitalen Gefäßanomalien;2026;110;18,4182;0,7419;0,9003;0,9348;0,9541;0,9669
5-358;Operationen bei kongenitalen Klappenanomalien des Herzens;1639;60;27,3167;0,4362;0,6925;0,842;0,9042;0,9469
5-359;Andere Operationen am Herzen bei kongenitalen Anomalien;1693;49;34,551;0,4944;0,7395;0,9019;0,9722;0,9858
5-35a;Minimalinvasive Operationen an Herzklappen;25293;153;165,3137;0,3408;0,5736;0,7315;0,8514;0,9335
5-360;Desobliteration (Endarteriektomie) der Koronararterien;469;62;7,5645;0,3433;0,5458;0,7015;0,8038;0,8763
5-361;Anlegen eines aortokoronaren Bypass;72761;79;921,0253;0,2206;0,3818;0,5193;0,6353;0,7341
5-362;Anlegen eines aortokoronaren Bypass durch minimalinvasive Technik;10208;76;134,3158;0,5497;0,762;0,8659;0,9058;0,9383
5-363;Andere Revaskularisation des Herzens;3219;79;40,7468;0,5005;0,6834;0,8034;0,8723;0,9183
5-364;Anwendung eines mechanischen Anastomosensystems bei Operationen an den Koronargefäßen;874;10;87,40;0,7746;0,8673;0,9542;0,9725;0,9828
5-369;Andere Operationen an den Koronargefäßen;542;77;7,039;0,5424;0,6827;0,7823;0,8542;0,9022
5-370;Perikardiotomie und Kardiotomie;5511;324;17,0093;0,6598;0,8632;0,9231;0,9481;0,9624
5-371;Chirurgische ablative Maßnahmen bei Tachyarrhythmie;4692;80;58,65;0,3964;0,5757;0,7076;0,8116;0,887
5-372;Exzision und Destruktion von erkranktem Gewebe des Perikardes und Perikardektomie;2319;236;9,8263;0,589;0,7275;0,8133;0,8698;0,9146
5-373;Exzision und Destruktion von erkranktem Gewebe des Herzens;4731;82;57,6951;0,4686;0,6221;0,7282;0,8096;0,8757
5-374;Rekonstruktion des Perikardes und des Herzens;3020;199;15,1759;0,5964;0,7623;0,8662;0,9225;0,9503
5-375;Herz- und Herz-Lungen-Transplantation;283;22;12,8636;0,3428;0,4876;0,6678;0,7562;0,8339
5-376;Implantation und Entfernung eines herzunterstützenden Systems, offen chirurgisch;2017;84;24,0119;0,5032;0,6961;0,8076;0,885;0,9271
5-377;Implantation eines Herzschrittmachers, Defibrillators und Ereignis-Rekorders;138539;964;143,7127;0,3815;0,5662;0,6987;0,8004;0,8748
5-378;Entfernung, Wechsel und Korrektur eines Herzschrittmachers und Defibrillators;65132;910;71,5736;0,4422;0,6205;0,7379;0,8245;0,8892
5-379;Andere Operationen an Herz und Perikard;17154;254;67,5354;0,5791;0,8377;0,975;0,988;0,9915
5-37a;Minimalinvasive Rekonstruktion des Perikardes und des Herzens;55;15;3,6667;0,5091;0,6364;0,7455;0,7818;0,8545
5-37b;Offen chirurgische Implantation und Entfernung von Kanülen für die Anwendung eines extrakorporalen (herz- und) lungenunterstützenden Systems mit Gasaustausch;4565;104;43,8942;0,4944;0,7124;0,8353;0,9135;0,9549
5-380;Inzision, Embolektomie und Thrombektomie von Blutgefäßen;71020;785;90,4713;0,3831;0,5966;0,7487;0,8535;0,9294
5-381;Endarteriektomie;118020;622;189,7428;0,341;0,5342;0,6805;0,7871;0,8671
5-382;Resektion von Blutgefäßen mit Reanastomosierung;8102;610;13,282;0,5135;0,6913;0,7989;0,8702;0,9167
5-383;Resektion und Ersatz (Interposition) von (Teilen von) Blutgefäßen;7735;595;13,00;0,4078;0,5991;0,7294;0,8209;0,8865
5-384;Resektion und Ersatz (Interposition) an der Aorta;13208;475;27,8063;0,6304;0,7892;0,8657;0,9101;0,9406
5-385;Unterbindung, Exzision und Stripping von Varizen;131386;896;146,6362;0,6904;0,8049;0,8797;0,9262;0,956
5-386;Andere Exzision von (erkrankten) Blutgefäßen und Transplantatentnahme;18875;660;28,5985;0,4509;0,6601;0,7877;0,8732;0,9287
5-387;Ligatur und Teilverschluss der Vena cava;36;32;1,125;0,1667;0,2778;0,3889;0,4722;0,5556
5-388;Naht von Blutgefäßen;34260;996;34,3976;0,5394;0,7133;0,8236;0,8928;0,9374
5-389;Anderer operativer Verschluss an Blutgefäßen;11445;918;12,4673;0,5073;0,6715;0,7775;0,8519;0,9033
5-38a;Endovaskuläre Implantation von Stent-Prothesen;18069;460;39,2804;0,4337;0,6107;0,7261;0,8108;0,8752
5-38b;Endoskopische Entnahme von Blutgefäßen zur Transplantation;3725;76;49,0132;0,6038;0,8647;0,949;0,9715;0,9836
5-38c;Offen chirurgische Implantation von nicht großlumigen ungecoverten Stents;7406;429;17,2634;0,4022;0,6068;0,7441;0,8366;0,8977
5-38d;Offen chirurgische Implantation von nicht großlumigen gecoverten Stents;2665;325;8,20;0,5223;0,678;0,7839;0,8495;0,8987
5-38e;Offen chirurgische Implantation von großlumigen ungecoverten Stents;2300;364;6,3187;0,403;0,5939;0,7083;0,7952;0,8613
5-38f;Offen chirurgische Angioplastie (Ballon);17938;527;34,038;0,444;0,6442;0,7681;0,8524;0,912
5-38g;Selektive offene intravasale Lyse;999;210;4,7571;0,4324;0,6226;0,7377;0,8168;0,8719
5-390;Shuntoperationen zwischen großem und kleinem Kreislauf [Links-Rechts-Shunt];748;58;12,8966;0,5561;0,7981;0,8997;0,9492;0,9612
5-391;Anlegen eines intraabdominalen venösen Shuntes;94;40;2,35;0,4255;0,6064;0,6915;0,7447;0,7872
5-392;Anlegen eines arteriovenösen Shuntes;21936;571;38,4168;0,4134;0,5961;0,7238;0,8147;0,8835
5-393;Anlegen eines anderen Shuntes und Bypasses an Blutgefäßen;46251;617;74,9611;0,3209;0,5098;0,653;0,7632;0,8509
5-394;Revision einer Blutgefäßoperation;50551;704;71,8054;0,3962;0,5961;0,7383;0,8414;0,9138
5-395;Patchplastik an Blutgefäßen;30602;625;48,9632;0,384;0,5785;0,7138;0,8087;0,8795
5-396;Transposition von Blutgefäßen;1499;289;5,1869;0,5397;0,6918;0,7805;0,8386;0,8779
5-397;Andere plastische Rekonstruktion von Blutgefäßen;5341;459;11,6362;0,683;0,8148;0,8761;0,9144;0,9403
5-398;Operationen am Glomus caroticum und anderen Paraganglien;341;105;3,2476;0,4956;0,6217;0,7185;0,7859;0,8475
5-399;Andere Operationen an Blutgefäßen;144143;1145;125,8891;0,4476;0,6435;0,7702;0,8554;0,9142
5-400;Inzision von Lymphknoten und Lymphgefäßen;420;216;1,9444;0,3262;0,4905;0,60;0,6905;0,7429
5-401;Exzision einzelner Lymphknoten und Lymphgefäße;87423;1036;84,3851;0,4379;0,6542;0,7983;0,8876;0,9409
5-402;Regionale Lymphadenektomie (Ausräumung mehrerer Lymphknoten einer Region) als selbständiger Eingriff;13384;821;16,3021;0,4076;0,5929;0,7234;0,8194;0,8871
5-403;Radikale zervikale Lymphadenektomie [Neck dissection];21351;466;45,8176;0,5124;0,7485;0,8816;0,9519;0,9773
5-404;Radikale (systematische) Lymphadenektomie als selbständiger Eingriff;8174;664;12,3102;0,4835;0,6645;0,7683;0,8435;0,8972
5-405;Operationen am Ductus thoracicus;331;132;2,5076;0,3988;0,5529;0,6616;0,7402;0,8006
5-406;Regionale Lymphadenektomie (Ausräumung mehrerer Lymphknoten einer Region) im Rahmen einer anderen Operation;23470;813;28,8684;0,4617;0,6666;0,7944;0,8767;0,9299
5-407;Radikale (systematische) Lymphadenektomie im Rahmen einer anderen Operation;13478;658;20,4833;0,4944;0,6784;0,7911;0,8659;0,917
5-408;Andere Operationen am Lymphgefäßsystem;2994;519;5,7688;0,4743;0,6456;0,7555;0,8313;0,8831
5-410;Entnahme von hämatopoetischen Stammzellen aus Knochenmark und peripherem Blut zur Transplantation;4878;129;37,814;0,3852;0,5914;0,7355;0,837;0,9057
5-411;Transplantation von hämatopoetischen Stammzellen aus dem Knochenmark;672;52;12,9231;0,3929;0,622;0,7753;0,8527;0,9092
5-412;Inzision der Milz;34;34;1,00;0,0882;0,2059;0,2941;0,4118;0,50
5-413;Splenektomie;7496;842;8,9026;0,409;0,5842;0,709;0,7986;0,8654
5-418;Andere Operationen am Knochenmark;17;12;1,4167;0,3529;0,4118;0,5294;0,5882;0,6471
5-419;Andere Operationen an der Milz;2261;610;3,7066;0,3171;0,4976;0,6289;0,7293;0,808
5-420;Inzision des Ösophagus;994;231;4,303;0,6177;0,7465;0,8058;0,8521;0,8843
5-421;Ösophagostomie als selbständiger Eingriff;92;64;1,4375;0,2283;0,3804;0,5109;0,587;0,6522
5-422;Lokale Exzision und Destruktion von erkranktem Gewebe des Ösophagus;7684;744;10,328;0,5579;0,7034;0,7931;0,8592;0,905
5-423;Partielle Ösophagusresektion ohne Wiederherstellung der Kontinuität;156;104;1,50;0,2628;0,4038;0,5321;0,6026;0,6667
5-424;Partielle Ösophagusresektion mit Wiederherstellung der Kontinuität;1468;318;4,6164;0,3174;0,5082;0,6485;0,7575;0,8338
5-425;(Totale) Ösophagektomie ohne Wiederherstellung der Kontinuität;66;43;1,5349;0,2576;0,4394;0,5455;0,6061;0,6818
5-426;(Totale) Ösophagektomie mit Wiederherstellung der Kontinuität;2025;230;8,8043;0,5057;0,6598;0,7605;0,836;0,8899
5-427;Rekonstruktion der Ösophaguspassage (als selbständiger Eingriff);168;106;1,5849;0,2738;0,4107;0,5417;0,619;0,6845
5-428;Rekonstruktion der Ösophaguspassage bei Atresie und Versorgung einer kongenitalen ösophagotrachealen Fistel;249;78;3,1923;0,3092;0,4819;0,5944;0,7028;0,7952
5-429;Andere Operationen am Ösophagus;57751;1019;56,6742;0,4223;0,6029;0,7299;0,8194;0,8826
5-430;Gastrotomie;540;309;1,7476;0,2796;0,4278;0,5426;0,6574;0,7148
5-431;Gastrostomie;52894;1203;43,9684;0,4182;0,6045;0,7234;0,8079;0,872
5-432;Operationen am Pylorus;2282;560;4,075;0,3839;0,5657;0,6884;0,7761;0,8431
5-433;Lokale Exzision und Destruktion von erkranktem Gewebe des Magens;25110;1025;24,4976;0,3164;0,5024;0,6431;0,7494;0,8323
5-434;Atypische partielle Magenresektion;9029;716;12,6103;0,609;0,7779;0,8509;0,8952;0,9286
5-435;Partielle Magenresektion (2/3-Resektion);2003;664;3,0166;0,2986;0,4693;0,5976;0,698;0,7808
5-436;Subtotale Magenresektion (4/5-Resektion);1698;576;2,9479;0,3157;0,4729;0,6037;0,7044;0,7803
5-437;(Totale) Gastrektomie;4170;720;5,7917;0,3439;0,5165;0,6429;0,7408;0,8156
5-438;(Totale) Gastrektomie mit Ösophagusresektion;613;258;2,376;0,3426;0,5041;0,6134;0,6982;0,783
5-439;Andere Inzision, Exzision und Resektion am Magen;248;189;1,3122;0,2097;0,3629;0,4677;0,5444;0,621
5-444;Vagotomie;74;41;1,8049;0,3919;0,527;0,6081;0,6622;0,7297
5-445;Gastroenterostomie ohne Magenresektion [Bypassverfahren];8303;700;11,8614;0,6515;0,7807;0,8485;0,8946;0,9269
5-447;Revision nach Magenresektion;744;295;2,522;0,4516;0,5901;0,6841;0,7621;0,8024
5-448;Andere Rekonstruktion am Magen;14636;888;16,482;0,4554;0,6224;0,7342;0,8168;0,88
5-449;Andere Operationen am Magen;50864;1069;47,5809;0,3069;0,4873;0,6271;0,739;0,827
5-450;Inzision des Darmes;4526;866;5,2263;0,3668;0,5418;0,6653;0,7576;0,8299
5-451;Lokale Exzision und Destruktion von erkranktem Gewebe des Dünndarmes;15675;967;16,2099;0,3848;0,5698;0,7044;0,8007;0,8682
5-452;Lokale Exzision und Destruktion von erkranktem Gewebe des Dickdarmes;174890;1091;160,3025;0,322;0,5039;0,6383;0,745;0,8297
5-453;Ausschaltung eines Darmsegmentes als selbständiger Eingriff (z.B. bei zweizeitigen plastischen Operationen);62;39;1,5897;0,4032;0,50;0,5645;0,629;0,6935
5-454;Resektion des Dünndarmes;34341;993;34,5831;0,3276;0,5022;0,6335;0,7371;0,8182
5-455;Partielle Resektion des Dickdarmes;89514;1008;88,8036;0,2669;0,4408;0,5773;0,6893;0,7816
5-456;(Totale) Kolektomie und Proktokolektomie;3452;659;5,2382;0,4887;0,637;0,7349;0,8079;0,8653
5-459;Bypass-Anastomose des Darmes;4991;805;6,20;0,4027;0,5708;0,6918;0,7794;0,8461
5-460;Anlegen eines Enterostomas, doppelläufig, als selbständiger Eingriff;10476;930;11,2645;0,3267;0,501;0,6355;0,7416;0,8225
5-461;Anlegen eines Enterostomas, endständig, als selbständiger Eingriff;4281;799;5,3579;0,3495;0,5251;0,6491;0,747;0,8218
5-462;Anlegen eines Enterostomas (als protektive Maßnahme) im Rahmen eines anderen Eingriffes;14867;917;16,2126;0,3806;0,5651;0,6931;0,7869;0,8583
5-463;Anlegen anderer Enterostomata;3667;665;5,5143;0,451;0,619;0,7259;0,805;0,8645
5-464;Revision und andere Eingriffe an einem Enterostoma;9335;912;10,2357;0,3475;0,5214;0,6506;0,7487;0,8274
5-465;Rückverlagerung eines doppelläufigen Enterostomas;15090;920;16,4022;0,3557;0,5374;0,6682;0,7691;0,8454
5-466;Wiederherstellung der Kontinuität des Darmes bei endständigen Enterostomata;5332;851;6,2656;0,3348;0,5051;0,6311;0,7318;0,8134
5-467;Andere Rekonstruktion des Darmes;25772;984;26,1911;0,382;0,5592;0,6823;0,7757;0,8476
5-468;Intraabdominale Manipulation am Darm;1745;586;2,9778;0,3639;0,5284;0,6424;0,7295;0,7971
5-469;Andere Operationen am Darm;390235;1117;349,3599;0,3033;0,4922;0,6336;0,7445;0,8314
5-470;Appendektomie;110070;1000;110,07;0,2473;0,4082;0,5384;0,649;0,7446
5-471;Simultane Appendektomie;16640;937;17,7588;0,3588;0,5422;0,6725;0,7719;0,8483
5-479;Andere Operationen an der Appendix;455;304;1,4967;0,2703;0,4066;0,5319;0,60;0,6659
5-480;Inzision des Rektums;403;244;1,6516;0,3524;0,4864;0,5757;0,6377;0,6973
5-482;Peranale lokale Exzision und Destruktion von erkranktem Gewebe des Rektums;23927;1027;23,298;0,3576;0,5519;0,6872;0,7875;0,863
5-484;Rektumresektion unter Sphinktererhaltung;29199;954;30,6069;0,3335;0,5138;0,6446;0,7491;0,8306
5-485;Rektumresektion ohne Sphinktererhaltung;4105;785;5,2293;0,3048;0,4862;0,6197;0,7223;0,8051
5-486;Rekonstruktion des Rektums;5785;796;7,2676;0,4923;0,6525;0,7537;0,8245;0,8773
5-489;Andere Operation am Rektum;14705;890;16,5225;0,3705;0,571;0,706;0,8038;0,8751
5-490;Inzision und Exzision von Gewebe der Perianalregion;51791;1023;50,6266;0,3191;0,4836;0,6075;0,7073;0,7928
5-491;Operative Behandlung von Analfisteln;29230;973;30,0411;0,4351;0,599;0,7106;0,7965;0,8633
5-492;Exzision und Destruktion von erkranktem Gewebe des Analkanals;21962;956;22,9728;0,4447;0,61;0,7201;0,8012;0,8652
5-493;Operative Behandlung von Hämorrhoiden;47509;1009;47,0852;0,3565;0,5278;0,655;0,7534;0,83
5-494;Durchtrennung des Sphincter ani [Sphinkterotomie];274;124;2,2097;0,4307;0,573;0,6606;0,7299;0,7737
5-495;Primäre plastische Rekonstruktion bei anorektalen Anomalien;519;159;3,2642;0,3584;0,5414;0,6782;0,7726;0,8343
5-496;Rekonstruktion des Anus und des Sphinkterapparates;3824;549;6,9654;0,5426;0,6899;0,7879;0,857;0,9035
5-499;Andere Operationen am Anus;5135;716;7,1718;0,5404;0,6919;0,784;0,8442;0,8902
5-500;Inzision der Leber;1034;477;2,1677;0,3104;0,4652;0,5841;0,677;0,7698
5-501;Lokale Exzision und Destruktion von erkranktem Gewebe der Leber (atypische Leberresektion);17631;903;19,5249;0,4791;0,6417;0,7518;0,8305;0,8874
5-502;Anatomische (typische) Leberresektion;7306;574;12,7282;0,5356;0,6927;0,7917;0,8607;0,909
5-503;Leberteilresektion und Hepatektomie (zur Transplantation);81;29;2,7931;0,358;0,5802;0,716;0,7901;0,8272
5-504;Lebertransplantation;863;22;39,2273;0,2167;0,3905;0,5782;0,6883;0,7706
5-505;Rekonstruktion der Leber;4196;695;6,0374;0,5052;0,6523;0,7521;0,8244;0,8756
5-506;Implantation, Wechsel und Entfernung eines Katheterverweilsystems in Leberarterie und Pfortader (zur Chemotherapie) und offen chirurgische intrahepatische Chemoperfusion;88;25;3,52;0,6591;0,7386;0,8068;0,8295;0,8636
5-509;Andere Operationen an der Leber;1119;334;3,3503;0,546;0,6658;0,7391;0,7998;0,8508
5-510;Cholezystotomie und Cholezystostomie;521;260;2,0038;0,4203;0,5374;0,6372;0,7006;0,7505
5-511;Cholezystektomie;201693;1015;198,7123;0,2408;0,4014;0,5348;0,6461;0,7419
5-512;Biliodigestive Anastomose (von Ductus hepaticus, Ductus choledochus und Leberparenchym);3448;541;6,3734;0,4614;0,6154;0,7169;0,7987;0,8622
5-513;Endoskopische Operationen an den Gallengängen;267406;1005;266,0756;0,3302;0,5108;0,6477;0,7542;0,8369
5-514;Andere Operationen an den Gallengängen;14237;772;18,4417;0,6256;0,765;0,8465;0,8982;0,9338
5-515;Exzision und Resektion von erkranktem Gewebe der Gallengänge;1157;345;3,3536;0,5125;0,6543;0,7424;0,8012;0,8513
5-516;Andere Rekonstruktion der Gallengänge;1289;493;2,6146;0,3569;0,5213;0,6354;0,7184;0,796
5-517;Einlegen oder Wechseln von selbstexpandierenden Stents und Stent-Prothesen in die Gallengänge;779;244;3,1926;0,3838;0,5712;0,6868;0,7702;0,8318
5-518;Operationen an Sphincter Oddi und Papilla duodeni major;384;195;1,9692;0,3385;0,4974;0,6016;0,6953;0,7474
5-519;Andere Operationen an Gallenblase und Gallengängen;653;331;1,9728;0,34;0,4931;0,5942;0,6953;0,7473
5-520;Inzision des Pankreas;255;175;1,4571;0,2784;0,4118;0,5216;0,5882;0,6588
5-521;Lokale Exzision und Destruktion von erkranktem Gewebe des Pankreas;1370;440;3,1136;0,4219;0,5664;0,6715;0,7504;0,8146
5-522;Marsupialisation einer Pankreaszyste;34;33;1,0303;0,1176;0,2353;0,3235;0,4118;0,5294
5-523;Innere Drainage des Pankreas;823;294;2,7993;0,4216;0,5772;0,678;0,7509;0,8214
5-524;Partielle Resektion des Pankreas;10311;589;17,5059;0,4032;0,5738;0,6932;0,7837;0,8577
5-525;(Totale) Pankreatektomie;1378;345;3,9942;0,4013;0,5566;0,6684;0,7554;0,8266
5-526;Endoskopische Operationen am Pankreasgang;16901;761;22,2089;0,5253;0,711;0,812;0,8772;0,9225
5-527;Anastomose des Ductus pancreaticus;219;103;2,1262;0,4566;0,5662;0,6575;0,7169;0,7671
5-528;Transplantation von Pankreas(gewebe);92;21;4,381;0,3261;0,4674;0,5761;0,663;0,7826
5-529;Andere Operationen am Pankreas und am Pankreasgang;4392;580;7,5724;0,444;0,63;0,7464;0,8245;0,8821
5-530;Verschluss einer Hernia inguinalis;168826;1029;164,068;0,2475;0,4051;0,5321;0,641;0,7356
5-531;Verschluss einer Hernia femoralis;5777;939;6,1523;0,2761;0,4364;0,5693;0,6779;0,7696
5-534;Verschluss einer Hernia umbilicalis;55055;1024;53,7646;0,2594;0,4185;0,549;0,6605;0,7535
5-535;Verschluss einer Hernia epigastrica;10151;987;10,2847;0,2682;0,4335;0,5665;0,6742;0,7659
5-536;Verschluss einer Narbenhernie;49366;1026;48,115;0,2644;0,4297;0,5625;0,6716;0,7647
5-537;Verschluss kongenitaler Bauchwanddefekte (Omphalozele, Laparoschisis);334;111;3,009;0,3653;0,5389;0,6557;0,7515;0,8234
5-538;Verschluss einer Hernia diaphragmatica;8271;766;10,7977;0,499;0,6583;0,7563;0,8278;0,8849
5-539;Verschluss anderer abdominaler Hernien;3879;868;4,4689;0,3086;0,4751;0,5999;0,7033;0,7876
5-540;Inzision der Bauchwand;4068;810;5,0222;0,4061;0,5674;0,679;0,7647;0,8306
5-541;Laparotomie und Eröffnung des Retroperitoneums;82572;1040;79,3962;0,4089;0,5902;0,7134;0,8041;0,871
5-542;Exzision und Destruktion von erkranktem Gewebe der Bauchwand;9413;957;9,8359;0,3555;0,5225;0,6498;0,7475;0,8246
5-543;Exzision und Destruktion von peritonealem Gewebe;41155;990;41,5707;0,4245;0,5993;0,7202;0,8095;0,8775
5-545;Verschluss von Bauchwand und Peritoneum;17572;972;18,0782;0,3876;0,5672;0,6905;0,7814;0,8525
5-546;Plastische Rekonstruktion von Bauchwand und Peritoneum;11111;878;12,6549;0,4764;0,6484;0,7567;0,8377;0,8944
5-547;Resektion von Gewebe in der Bauchregion ohne sichere Organzuordnung;4364;688;6,343;0,4746;0,6494;0,7537;0,8261;0,8811
5-549;Andere Bauchoperationen;28002;1002;27,9461;0,412;0,5809;0,7017;0,7928;0,8616
5-550;Perkutan-transrenale Nephrotomie, Nephrostomie, Steinentfernung, Pyeloplastik und ureterorenoskopische Steinentfernung;50609;528;95,8504;0,3538;0,5607;0,7172;0,8392;0,928
5-551;Offen chirurgische Nephrotomie, Nephrostomie, Pyelotomie und Pyelostomie;999;292;3,4212;0,3353;0,4945;0,6226;0,7157;0,7998
5-552;Exzision und Destruktion von (erkranktem) Gewebe der Niere;4267;426;10,0164;0,3792;0,5533;0,6871;0,7863;0,8613
5-553;Partielle Resektion der Niere;9075;403;22,5186;0,371;0,5564;0,6905;0,7889;0,8681
5-554;Nephrektomie;15168;534;28,4045;0,3599;0,5581;0,6973;0,8083;0,895
5-555;Nierentransplantation;2094;40;52,35;0,2412;0,3997;0,5396;0,6652;0,7555
5-557;Rekonstruktion der Niere;4112;381;10,7927;0,3769;0,5513;0,6756;0,7663;0,8419
5-559;Andere Operationen an der Niere;1788;340;5,2588;0,4575;0,6286;0,7315;0,8098;0,8674
5-560;Transurethrale und perkutan-transrenale Erweiterung des Ureters;21723;555;39,1405;0,7051;0,8428;0,9085;0,9449;0,9673
5-561;Inzision, Resektion und (andere) Erweiterung des Ureterostiums;4992;364;13,7143;0,5942;0,7318;0,8101;0,8656;0,9075
5-562;Ureterotomie, perkutan-transrenale und transurethrale Steinbehandlung;70355;435;161,7356;0,2927;0,4692;0,6136;0,7279;0,8239
5-563;Exzision und Destruktion von erkranktem Gewebe des Ureters, Ureterresektion und Ureterektomie;3514;454;7,7401;0,3876;0,576;0,7032;0,7977;0,866
5-564;Kutane Harnableitung durch Ureterokutaneostomie (nicht kontinentes Stoma);1859;322;5,7733;0,3389;0,5358;0,6703;0,7644;0,8359
5-565;Kutane Harnableitung mit Darminterponat [Conduit] (nicht kontinentes Stoma);5905;383;15,4178;0,324;0,5041;0,6317;0,739;0,8269
5-566;Kutane Harnableitung mit Darmreservoir (kontinentes Stoma);513;150;3,42;0,4308;0,5965;0,6959;0,7817;0,8402
5-567;Interne Harnableitung über den Darm;67;44;1,5227;0,2388;0,403;0,5224;0,6119;0,6716
5-568;Rekonstruktion des Ureters;4556;604;7,543;0,4936;0,6679;0,7728;0,8477;0,8962
5-569;Andere Operationen am Ureter;22703;777;29,2188;0,5235;0,7086;0,8166;0,8861;0,9319
5-570;Endoskopische Entfernung von Steinen, Fremdkörpern und Tamponaden der Harnblase;24871;501;49,6427;0,2876;0,4755;0,6265;0,7522;0,8579
5-571;Zystotomie [Sectio alta];1130;348;3,2471;0,2805;0,4575;0,5947;0,7027;0,7885
5-572;Zystostomie;67061;1153;58,1622;0,4604;0,6907;0,8208;0,8965;0,9406
5-573;Transurethrale Inzision, Exzision, Destruktion und Resektion von (erkranktem) Gewebe der Harnblase;111074;478;232,3724;0,2613;0,4363;0,5804;0,7067;0,8173
5-574;Offen chirurgische und laparoskopische Exzision und Destruktion von (erkranktem) Gewebe der Harnblase;1460;485;3,0103;0,363;0,5288;0,6432;0,7336;0,8007
5-575;Partielle Harnblasenresektion;3147;570;5,5211;0,4334;0,6034;0,7188;0,8004;0,8595
5-576;Zystektomie;8117;408;19,8946;0,3044;0,487;0,6235;0,7345;0,8246
5-577;Ersatz der Harnblase;1932;318;6,0755;0,3406;0,5155;0,646;0,7495;0,8271
5-578;Andere plastische Rekonstruktion der Harnblase;6649;866;7,6778;0,3963;0,565;0,6821;0,7723;0,8442
5-579;Andere Operationen an der Harnblase;16781;623;26,9358;0,4674;0,656;0,7808;0,8696;0,9309
5-580;Offen chirurgische Urethrotomie und Urethrostomie;390;172;2,2674;0,3897;0,5282;0,6359;0,7231;0,7795
5-581;Plastische Meatotomie der Urethra;5179;405;12,7877;0,4271;0,5858;0,7007;0,7863;0,8571
5-582;Exzision, Destruktion und Resektion von (erkranktem) Gewebe der Urethra;4986;530;9,4075;0,363;0,5431;0,6799;0,7858;0,8648
5-583;Urethrektomie als selbständiger Eingriff;222;142;1,5634;0,2342;0,3739;0,509;0,6171;0,6802
5-584;Rekonstruktion der Urethra;4269;386;11,0596;0,6456;0,7651;0,8416;0,8908;0,9281
5-585;Transurethrale Inzision von (erkranktem) Gewebe der Urethra;26876;444;60,5315;0,2912;0,4758;0,6158;0,7302;0,8198
5-589;Andere Operationen an Urethra und periurethralem Gewebe;2378;442;5,3801;0,5875;0,7124;0,791;0,8465;0,8886
5-590;Inzision und Exzision von retroperitonealem Gewebe;11700;924;12,6623;0,4981;0,6421;0,7409;0,8162;0,8753
5-591;Inzision und Exzision von perivesikalem Gewebe;980;344;2,8488;0,452;0,5918;0,6878;0,7592;0,8245
5-592;Raffung des urethrovesikalen Überganges;161;23;7,00;0,6646;0,8509;0,882;0,9068;0,9317
5-593;Transvaginale Suspensionsoperation [Zügeloperation];13620;688;19,7965;0,3855;0,5623;0,6851;0,7806;0,8543
5-594;Suprapubische (urethrovesikale) Zügeloperation [Schlingenoperation];1135;168;6,756;0,5885;0,7374;0,8106;0,8661;0,904
5-595;Abdominale retropubische und paraurethrale Suspensionsoperation;2823;356;7,9298;0,5175;0,6872;0,7935;0,8583;0,904
5-596;Andere Harninkontinenzoperationen;1743;323;5,3963;0,4309;0,6087;0,7217;0,8032;0,8635
5-597;Eingriffe bei artifiziellem Harnblasensphinkter;1865;237;7,8692;0,4252;0,5946;0,7201;0,8145;0,8777
5-598;Suspensionsoperation [Zügeloperation] bei Harninkontinenz des Mannes;429;117;3,6667;0,3986;0,5571;0,6737;0,7576;0,8252
5-599;Andere Operationen am Harntrakt;2413;429;5,6247;0,4704;0,6341;0,7414;0,8201;0,8761
5-600;Inzision der Prostata;549;154;3,5649;0,5829;0,7086;0,776;0,8324;0,8597
5-601;Transurethrale Exzision und Destruktion von Prostatagewebe;66005;411;160,5961;0,2429;0,4092;0,5473;0,663;0,7613
5-602;Transrektale und perkutane Destruktion von Prostatagewebe;1183;66;17,9242;0,4607;0,6323;0,7515;0,8267;0,8994
5-603;Exzision und Destruktion von Prostatagewebe;4221;369;11,439;0,3321;0,5134;0,6487;0,7557;0,8384
5-604;Radikale Prostatovesikulektomie;22018;366;60,1585;0,4791;0,6372;0,7411;0,8196;0,8803
5-605;Andere Exzision und Destruktion von Prostatagewebe;56;49;1,1429;0,2143;0,3036;0,3929;0,4821;0,5714
5-606;Operationen an den Vesiculae seminales;145;88;1,6477;0,3034;0,4483;0,5586;0,6345;0,6966
5-607;Inzision und Exzision von periprostatischem Gewebe;367;192;1,9115;0,3542;0,4959;0,6049;0,6866;0,7384
5-609;Andere Operationen an der Prostata;5852;388;15,0825;0,3484;0,5362;0,6647;0,7676;0,8452
5-610;Inzision an Skrotum und Tunica vaginalis testis;3742;593;6,3103;0,3886;0,5887;0,7258;0,8148;0,876
5-611;Operation einer Hydrocele testis;8772;750;11,696;0,381;0,6021;0,7555;0,8575;0,9171
5-612;Exzision und Destruktion von erkranktem Skrotumgewebe;2695;599;4,4992;0,3822;0,5607;0,6865;0,7796;0,8508
5-613;Plastische Rekonstruktion von Skrotum und Tunica vaginalis testis;490;226;2,1681;0,3612;0,5102;0,6163;0,7061;0,7694
5-619;Andere Operationen an Skrotum und Tunica vaginalis testis;385;223;1,7265;0,2701;0,4208;0,5351;0,6494;0,7117
5-620;Inzision des Hodens;138;93;1,4839;0,2609;0,4058;0,529;0,5942;0,6667
5-621;Exzision und Destruktion von erkranktem Gewebe des Hodens;1255;340;3,6912;0,3259;0,5044;0,6311;0,7299;0,8112
5-622;Orchidektomie;10925;671;16,2817;0,344;0,5539;0,7152;0,8412;0,9232
5-624;Orchidopexie;12636;481;26,2703;0,4085;0,6026;0,7368;0,8302;0,8962
5-625;Exploration bei Kryptorchismus;461;129;3,5736;0,3818;0,5705;0,7115;0,7961;0,8525
5-626;Operative Verlagerung eines Abdominalhodens;398;113;3,5221;0,3769;0,5553;0,6709;0,7538;0,8191
5-627;Rekonstruktion des Hodens;156;102;1,5294;0,2436;0,4103;0,5449;0,609;0,6731
5-628;Implantation, Wechsel und Entfernung einer Hodenprothese;986;196;5,0306;0,4848;0,6582;0,7586;0,8245;0,8773
5-629;Andere Operationen am Hoden;4726;415;11,388;0,3658;0,5565;0,7002;0,8007;0,8741
5-630;Operative Behandlung einer Varikozele und einer Hydrocele funiculi spermatici;2226;407;5,4693;0,363;0,5539;0,6842;0,7857;0,8585
5-631;Exzision im Bereich der Epididymis;9740;551;17,677;0,3991;0,5948;0,7306;0,8258;0,8943
5-633;Epididymektomie;1088;309;3,521;0,3051;0,4779;0,6112;0,7123;0,796
5-634;Rekonstruktion des Funiculus spermaticus;2046;389;5,2596;0,3196;0,499;0,6339;0,74;0,8231
5-635;Vasotomie des Ductus deferens;150;24;6,25;0,7667;0,86;0,8867;0,9067;0,92
5-636;Destruktion, Ligatur und Resektion des Ductus deferens;1781;404;4,4084;0,571;0,6951;0,7681;0,8237;0,8686
5-637;Rekonstruktion von Ductus deferens und Epididymis;111;67;1,6567;0,3243;0,4685;0,5766;0,6396;0,7027
5-639;Andere Operationen an Funiculus spermaticus, Epididymis und Ductus deferens;1458;384;3,7969;0,5158;0,6578;0,7455;0,8038;0,856
5-640;Operationen am Präputium;20201;700;28,8586;0,432;0,6357;0,7744;0,8723;0,938
5-641;Lokale Exzision und Destruktion von erkranktem Gewebe des Penis;3548;413;8,5908;0,5431;0,6908;0,7833;0,8484;0,8963
5-642;Amputation des Penis;1208;306;3,9477;0,4048;0,5497;0,6565;0,7368;0,8137
5-643;Plastische Rekonstruktion des Penis;2780;337;8,2493;0,5101;0,6734;0,7788;0,8489;0,8971
5-644;Plastische Rekonstruktion bei männlicher Epispadie;98;26;3,7692;0,50;0,6327;0,7347;0,7755;0,8367
5-645;Plastische Rekonstruktion bei männlicher Hypospadie;4811;206;23,3544;0,5959;0,7477;0,8472;0,9081;0,9476
5-646;Operationen zur Geschlechtsumwandlung;1528;42;36,381;0,6492;0,8364;0,947;0,9719;0,981
5-649;Andere Operationen am Penis;1927;338;5,7012;0,5148;0,6549;0,7473;0,8184;0,8713
5-650;Inzision des Ovars;2438;585;4,1675;0,3757;0,5402;0,6661;0,7564;0,829
5-651;Lokale Exzision und Destruktion von Ovarialgewebe;51410;913;56,3089;0,3387;0,5279;0,6663;0,7759;0,8648
5-652;Ovariektomie;5961;798;7,4699;0,3671;0,5429;0,6675;0,7658;0,84
5-653;Salpingoovariektomie;45614;838;54,432;0,3139;0,4981;0,6397;0,7518;0,8424
5-656;Plastische Rekonstruktion des Ovars;3335;482;6,9191;0,5202;0,678;0,7772;0,8447;0,8915
5-657;Adhäsiolyse an Ovar und Tuba uterina ohne mikrochirurgische Versorgung;44010;781;56,3508;0,3789;0,5581;0,6844;0,781;0,8589
5-658;Adhäsiolyse an Ovar und Tuba uterina mit mikrochirurgischer Versorgung;2733;419;6,5227;0,4449;0,6165;0,7311;0,813;0,8752
5-659;Andere Operationen am Ovar;1987;587;3,385;0,3372;0,5133;0,6422;0,7378;0,8098
5-660;Salpingotomie;2714;578;4,6955;0,3489;0,5184;0,6371;0,7347;0,8139
5-661;Salpingektomie;42990;732;58,7295;0,3226;0,5038;0,6479;0,7579;0,8425
5-663;Destruktion und Verschluss der Tubae uterinae [Sterilisationsoperation];11042;633;17,4439;0,3617;0,5563;0,6892;0,7905;0,8652
5-665;Exzision und Destruktion von erkranktem Gewebe der Tuba uterina;3567;655;5,4458;0,4298;0,5935;0,7065;0,7909;0,8525
5-666;Plastische Rekonstruktion der Tuba uterina;812;247;3,2874;0,4397;0,5825;0,686;0,7586;0,8202
5-667;Insufflation der Tubae uterinae;12600;641;19,6568;0,582;0,7206;0,806;0,865;0,9076
5-669;Andere Operationen an der Tuba uterina;370;246;1,5041;0,2378;0,3676;0,5027;0,60;0,6676
5-670;Dilatation des Zervikalkanals;5911;498;11,8695;0,697;0,807;0,8664;0,9048;0,9337
5-671;Konisation der Cervix uteri;5801;600;9,6683;0,4922;0,6547;0,7576;0,8302;0,8833
5-672;Andere Exzision und Destruktion von erkranktem Gewebe der Cervix uteri;3324;596;5,5772;0,4859;0,6252;0,7238;0,7993;0,8559
5-673;Amputation der Cervix uteri;166;107;1,5514;0,3253;0,4639;0,5482;0,6145;0,6807
5-674;Rekonstruktion der Cervix uteri in der Gravidität;4145;373;11,1126;0,4786;0,6729;0,7853;0,8644;0,9146
5-675;Andere Rekonstruktion der Cervix uteri;679;332;2,0452;0,3196;0,4742;0,5832;0,6804;0,7555
5-679;Andere Operationen an der Cervix uteri;1576;373;4,2252;0,467;0,6332;0,7386;0,809;0,8604
5-680;Inzision des Uterus [Hysterotomie];123;90;1,3667;0,2602;0,4065;0,4878;0,561;0,6341
5-681;Exzision und Destruktion von erkranktem Gewebe des Uterus;45060;746;60,4021;0,4125;0,5934;0,7178;0,8079;0,876
5-682;Subtotale Uterusexstirpation;20745;630;32,9286;0,4158;0,6054;0,7355;0,8263;0,8913
5-683;Uterusexstirpation [Hysterektomie];76642;771;99,406;0,2587;0,429;0,5696;0,685;0,7821
5-684;Zervixstumpfexstirpation;705;343;2,0554;0,305;0,4652;0,5872;0,6837;0,7574
5-685;Radikale Uterusexstirpation;5990;596;10,0503;0,3798;0,5487;0,6706;0,7649;0,8406
5-686;Radikale Zervixstumpfexstirpation;70;53;1,3208;0,30;0,40;0,4714;0,5429;0,6286
5-687;Exenteration [Eviszeration] des weiblichen kleinen Beckens;1410;315;4,4762;0,3589;0,5298;0,6603;0,7574;0,8369
5-689;Andere Inzision und Exzision des Uterus;242;49;4,9388;0,7769;0,8264;0,8595;0,8802;0,9008
5-690;Therapeutische Kürettage [Abrasio uteri];47980;698;68,7393;0,2694;0,4315;0,559;0,6649;0,7549
5-691;Entfernung eines intrauterinen Fremdkörpers;4238;657;6,4505;0,3018;0,4658;0,5934;0,6973;0,7846
5-692;Exzision und Destruktion von erkranktem Gewebe der Parametrien;1079;310;3,4806;0,5579;0,683;0,7553;0,8128;0,8563
5-693;Plastische Rekonstruktion der Parametrien (bei Lagekorrektur des Uterus);179;69;2,5942;0,5251;0,6257;0,7039;0,7709;0,8101
5-694;Parazervikale Uterusdenervation;0;0;0;0;0;0;0;0
5-695;Rekonstruktion des Uterus;1886;479;3,9374;0,4343;0,6002;0,7025;0,7789;0,834
5-699;Andere Operationen an Uterus und Parametrien;303;197;1,5381;0,2607;0,4092;0,5413;0,6106;0,6766
5-700;Kuldotomie;640;323;1,9814;0,3828;0,5141;0,6141;0,6969;0,7484
5-701;Inzision der Vagina;1479;509;2,9057;0,3678;0,5213;0,6315;0,7214;0,7904
5-702;Lokale Exzision und Destruktion von erkranktem Gewebe der Vagina und des Douglasraumes;22401;783;28,6092;0,5284;0,6806;0,7778;0,8481;0,9013
5-703;Verschluss und (sub-)totale Exstirpation der Vagina;2105;487;4,3224;0,4428;0,5971;0,7083;0,79;0,8489
5-704;Vaginale Kolporrhaphie und Beckenbodenplastik;79170;743;106,5545;0,3433;0,5131;0,6393;0,7392;0,823
5-705;Konstruktion und Rekonstruktion der Vagina;1073;231;4,645;0,6822;0,767;0,8211;0,8639;0,8928
5-706;Andere plastische Rekonstruktion der Vagina;3825;705;5,4255;0,389;0,5595;0,6782;0,7673;0,8379
5-707;Plastische Rekonstruktion des kleinen Beckens und des Douglasraumes;6088;518;11,7529;0,4939;0,6736;0,7778;0,853;0,9056
5-709;Andere Operationen an Vagina und Douglasraum;643;332;1,9367;0,3126;0,4728;0,5785;0,6812;0,7418
5-710;Inzision der Vulva;2423;588;4,1207;0,3331;0,5159;0,6442;0,7429;0,8196
5-711;Operationen an der Bartholin-Drüse (Zyste);3253;633;5,139;0,3136;0,4888;0,6167;0,7181;0,8002
5-712;Andere Exzision und Destruktion von erkranktem Gewebe der Vulva;7979;729;10,9451;0,4152;0,5873;0,7076;0,7986;0,8668
5-713;Operationen an der Klitoris;981;164;5,9817;0,7859;0,843;0,8756;0,9001;0,9164
5-714;Vulvektomie;2964;544;5,4485;0,3553;0,528;0,6535;0,7537;0,831
5-715;Radikale Vulvektomie;821;303;2,7096;0,3837;0,5518;0,6577;0,7308;0,8063
5-716;Konstruktion und Rekonstruktion der Vulva (und des Perineums);3431;552;6,2156;0,5611;0,6911;0,7776;0,8374;0,8852
5-718;Andere Operationen an der Vulva;383;218;1,7569;0,3185;0,4674;0,577;0,658;0,7154
5-719;Andere Operationen an den weiblichen Geschlechtsorganen;98;56;1,75;0,4388;0,5408;0,602;0,6531;0,7143
5-720;Zangenentbindung;2591;331;7,8278;0,5342;0,6704;0,765;0,8402;0,8962
5-724;Drehung des kindlichen Kopfes mit Zange;32;10;3,20;0,6875;0,75;0,7813;0,8125;0,8438
5-725;Extraktion bei Beckenendlage;287;115;2,4957;0,5366;0,6272;0,7108;0,7596;0,8014
5-727;Spontane und vaginale operative Entbindung bei Beckenendlage;2301;316;7,2816;0,5754;0,7166;0,8083;0,8644;0,907
5-728;Vakuumentbindung;47841;629;76,0588;0,3169;0,4916;0,6222;0,7225;0,8035
5-729;Andere instrumentelle Entbindung;10;9;1,1111;0,20;0,30;0,40;0,50;0,60
5-730;Künstliche Fruchtblasensprengung [Amniotomie];73469;604;121,6374;0,4034;0,598;0,7226;0,8146;0,8821
5-731;Andere operative Geburtseinleitung;648;24;27,00;0,8488;0,9444;0,963;0,9784;0,9815
5-732;Innere und kombinierte Wendung ohne und mit Extraktion;263;62;4,2419;0,6806;0,7567;0,8175;0,8593;0,8821
5-733;Misslungene vaginale operative Entbindung;676;259;2,61;0,3609;0,5296;0,645;0,7263;0,8033
5-734;Operative Maßnahmen am Feten zur Geburtserleichterung;17;9;1,8889;0,2941;0,4706;0,5882;0,7059;0,7647
5-738;Episiotomie und Naht;81196;636;127,6667;0,2754;0,4395;0,5712;0,6797;0,7711
5-739;Andere Operationen zur Unterstützung der Geburt;73;31;2,3548;0,4521;0,6301;0,6986;0,7397;0,7945
5-740;Klassische Sectio caesarea;46273;598;77,3796;0,4792;0,6786;0,8016;0,877;0,9292
5-741;Sectio caesarea, suprazervikal und korporal;8514;358;23,7821;0,7882;0,8833;0,9249;0,9506;0,9659
5-742;Sectio caesarea extraperitonealis;86;57;1,5088;0,2674;0,3953;0,5349;0,6047;0,6744
5-743;Entfernung eines intraperitonealen Embryos;40;39;1,0256;0,125;0,225;0,325;0,425;0,525
5-744;Operationen bei Extrauteringravidität;8351;662;12,6148;0,2856;0,4591;0,5918;0,6982;0,7861
5-749;Andere Sectio caesarea;240327;636;377,8726;0,2927;0,468;0,5986;0,6975;0,7806
5-750;Intraamniale Injektion zur Beendigung der Schwangerschaft;17;10;1,70;0,3529;0,4706;0,5882;0,6471;0,7059
5-751;Kürettage zur Beendigung der Schwangerschaft [Abruptio];1116;269;4,1487;0,448;0,595;0,6989;0,7751;0,8369
5-752;Andere Operationen zur Beendigung einer Schwangerschaft;45;37;1,2162;0,2444;0,3333;0,4222;0,5111;0,60
5-753;Therapeutische Amniozentese [Amnionpunktion];901;87;10,3563;0,5472;0,7469;0,8546;0,9068;0,9367
5-754;Intrauterine Therapie des Feten;774;75;10,32;0,7028;0,8437;0,8966;0,9212;0,9419
5-755;Andere intrauterine Operationen am Feten;56;9;6,2222;0,5536;0,8214;0,875;0,9107;0,9286
5-756;Entfernung zurückgebliebener Plazenta (postpartal);32301;640;50,4703;0,3332;0,5134;0,6416;0,7373;0,8126
5-757;Uterusexstirpation, geburtshilflich;352;184;1,913;0,3097;0,4801;0,5824;0,6875;0,7386
5-758;Rekonstruktion weiblicher Geschlechtsorgane nach Ruptur, post partum [Dammriss];328813;644;510,5792;0,2915;0,4727;0,6018;0,7075;0,7923
5-759;Andere geburtshilfliche Operationen;2350;453;5,1876;0,4613;0,6298;0,7311;0,8077;0,8664
5-760;Reposition einer lateralen Mittelgesichtsfraktur;5311;249;21,3293;0,4329;0,6818;0,8268;0,8961;0,9369
5-761;Reposition einer zentralen Mittelgesichtsfraktur;1365;176;7,7557;0,3941;0,5985;0,7465;0,833;0,8945
5-762;Reposition einer zentrolateralen Mittelgesichtsfraktur;794;142;5,5915;0,4232;0,6058;0,7431;0,8212;0,8741
5-763;Reposition anderer kombinierter Mittelgesichtsfrakturen (Mehrfachfraktur);861;143;6,021;0,4181;0,6283;0,7468;0,8269;0,8839
5-764;Reposition einer Fraktur des Corpus mandibulae und des Processus alveolaris mandibulae;3361;162;20,7469;0,3811;0,6055;0,7822;0,8852;0,9408
5-765;Reposition einer Fraktur des Ramus mandibulae und des Processus articularis mandibulae;2635;155;17,00;0,3947;0,6004;0,7624;0,8611;0,9294
5-766;Reposition einer Orbitafraktur;6348;259;24,5097;0,452;0,6813;0,8138;0,8886;0,936
5-767;Reposition einer Stirnhöhlenwandfraktur;485;130;3,7308;0,2948;0,4887;0,6351;0,7361;0,8103
5-768;Reosteotomien disloziert verheilter Gesichtsschädelfrakturen;73;42;1,7381;0,2329;0,3836;0,5205;0,6301;0,7123
5-769;Andere Operationen bei Gesichtsschädelfrakturen;7699;186;41,3925;0,4316;0,6705;0,828;0,921;0,9622
5-770;Inzision (Osteotomie), lokale Exzision und Destruktion (von erkranktem Gewebe) eines Gesichtsschädelknochens;13665;246;55,5488;0,5652;0,8223;0,9476;0,9792;0,988
5-771;Partielle und totale Resektion eines Gesichtsschädelknochens;3001;173;17,3468;0,5462;0,7318;0,8401;0,9064;0,9497
5-772;Partielle und totale Resektion der Mandibula;2858;142;20,1268;0,3985;0,6134;0,7736;0,8726;0,9332
5-773;Arthroplastik am Kiefergelenk;567;121;4,686;0,4868;0,6508;0,7637;0,8377;0,8854
5-774;Plastische Rekonstruktion und Augmentation der Maxilla;1598;119;13,4286;0,378;0,5889;0,7353;0,8373;0,9055
5-775;Plastische Rekonstruktion und Augmentation der Mandibula;1910;110;17,3636;0,3157;0,5251;0,6921;0,8131;0,8932
5-776;Osteotomie zur Verlagerung des Untergesichtes;3729;124;30,0726;0,3282;0,5361;0,672;0,7825;0,8589
5-777;Osteotomie zur Verlagerung des Mittelgesichtes;3102;120;25,85;0,3756;0,5693;0,7092;0,8059;0,8752
5-778;Rekonstruktion der Weichteile im Gesicht;5680;478;11,8828;0,6134;0,7833;0,8634;0,9093;0,9394
5-779;Andere Operationen an Kiefergelenk und Gesichtsschädelknochen;8380;216;38,7963;0,4628;0,697;0,8548;0,9428;0,9747
5-77a;Implantatversorgung für die Rekonstruktion mit Gesichtsepithesen;460;104;4,4231;0,4565;0,6109;0,7043;0,7891;0,8457
5-77b;Knochentransplantation und -transposition an Kiefer- und Gesichtsschädelknochen;1807;115;15,713;0,4189;0,6331;0,7914;0,8816;0,9347
5-780;Inzision am Knochen, septisch und aseptisch;72487;1099;65,9572;0,5163;0,6799;0,7834;0,855;0,9067
5-781;Osteotomie und Korrekturosteotomie;31788;1034;30,7427;0,5341;0,6982;0,7974;0,8656;0,9124
5-782;Exzision und Resektion von erkranktem Knochengewebe;83611;1098;76,1485;0,5017;0,6688;0,776;0,8506;0,9033
5-783;Entnahme eines Knochentransplantates;51631;1031;50,0786;0,5128;0,6948;0,804;0,875;0,9222
5-784;Knochentransplantation und -transposition;79881;1055;75,7166;0,4767;0,6496;0,7653;0,8436;0,9012
5-785;Implantation von alloplastischem Knochenersatz;22160;943;23,4995;0,469;0,6477;0,7616;0,8421;0,8989
5-786;Osteosyntheseverfahren;129522;1099;117,8544;0,4794;0,6717;0,7877;0,861;0,912
5-787;Entfernung von Osteosynthesematerial;171922;1120;153,5018;0,3528;0,5197;0,6432;0,7424;0,8215
5-788;Operationen an Metatarsale und Phalangen des Fußes;143137;1076;133,027;0,5396;0,7142;0,8143;0,8793;0,9249
5-789;Andere Operationen am Knochen;8599;790;10,8848;0,6473;0,7778;0,8472;0,893;0,9251
5-790;Geschlossene Reposition einer Fraktur oder Epiphysenlösung mit Osteosynthese;160774;1055;152,3924;0,3044;0,4794;0,613;0,7195;0,8079
5-791;Offene Reposition einer einfachen Fraktur im Schaftbereich eines langen Röhrenknochens;17417;1026;16,9756;0,3119;0,4881;0,6196;0,7252;0,8104
5-792;Offene Reposition einer Mehrfragment-Fraktur im Schaftbereich eines langen Röhrenknochens;30389;1005;30,2378;0,3075;0,4854;0,6207;0,7275;0,8131
5-793;Offene Reposition einer einfachen Fraktur im Gelenkbereich eines langen Röhrenknochens;116721;1065;109,5972;0,2723;0,446;0,5838;0,6933;0,7865
5-794;Offene Reposition einer Mehrfragment-Fraktur im Gelenkbereich eines langen Röhrenknochens;213267;1056;201,9574;0,2894;0,4607;0,5949;0,7046;0,7958
5-795;Offene Reposition einer einfachen Fraktur an kleinen Knochen;21950;1044;21,0249;0,3518;0,5297;0,654;0,753;0,8306
5-796;Offene Reposition einer Mehrfragment-Fraktur an kleinen Knochen;35087;1028;34,1313;0,355;0,5321;0,6568;0,7549;0,8306
5-797;Offene Reposition einer Fraktur an Talus und Kalkaneus;5687;795;7,1535;0,3747;0,5542;0,6761;0,767;0,8407
5-798;Offene Reposition einer Beckenrand- und Beckenringfraktur;3624;455;7,9648;0,4487;0,638;0,7586;0,8353;0,8905
5-799;Offene Reposition einer Azetabulum- und Hüftkopffraktur mit Osteosynthese;2644;398;6,6432;0,4232;0,6293;0,7387;0,8207;0,8767
5-79a;Geschlossene Reposition einer Gelenkluxation mit Osteosynthese;10323;920;11,2207;0,4194;0,603;0,7268;0,8144;0,8759
5-79b;Offene Reposition einer Gelenkluxation;16268;1014;16,0434;0,3949;0,573;0,6925;0,7836;0,8521
5-79c;Andere Reposition von Fraktur und Luxation;430;66;6,5152;0,7116;0,8465;0,8884;0,907;0,9233
5-800;Offen chirurgische Operation eines Gelenkes;172369;1092;157,8471;0,5368;0,6963;0,7946;0,8632;0,912
5-801;Offen chirurgische Operation am Gelenkknorpel und an den Menisken;18942;995;19,0372;0,5266;0,6864;0,79;0,8566;0,9055
5-802;Offen chirurgische Refixation und Naht am Kapselbandapparat des Kniegelenkes;4839;801;6,0412;0,4348;0,6007;0,7111;0,7933;0,8553
5-803;Offen chirurgische Bandplastik am Kniegelenk;2868;575;4,9878;0,5356;0,6803;0,7681;0,8278;0,8755
5-804;Offen chirurgische Operationen an der Patella und ihrem Halteapparat;30844;972;31,7325;0,6041;0,7502;0,8309;0,8854;0,9247
5-805;Offen chirurgische Refixation und Plastik am Kapselbandapparat des Schultergelenkes;38833;1010;38,4485;0,4515;0,627;0,7423;0,8257;0,8867
5-806;Offen chirurgische Refixation und Plastik am Kapselbandapparat des Sprunggelenkes;15357;969;15,8483;0,4513;0,6201;0,7383;0,8233;0,8847
5-807;Offen chirurgische Refixation am Kapselbandapparat anderer Gelenke;10095;938;10,7623;0,4233;0,5934;0,71;0,7993;0,8668
5-808;Arthrodese;42026;1011;41,5687;0,5217;0,7066;0,8114;0,8752;0,9202
5-809;Andere offen chirurgische Gelenkoperationen;10178;849;11,9882;0,5419;0,713;0,81;0,877;0,9194
5-810;Arthroskopische Gelenkoperation;131220;1056;124,2614;0,4857;0,6566;0,7646;0,8383;0,8935
5-811;Arthroskopische Operation an der Synovialis;174852;1064;164,3346;0,5136;0,6789;0,7826;0,8562;0,9083
5-812;Arthroskopische Operation am Gelenkknorpel und an den Menisken;212890;1063;200,2728;0,4418;0,6112;0,7261;0,8078;0,87
5-813;Arthroskopische Refixation und Plastik am Kapselbandapparat des Kniegelenkes;38544;984;39,1707;0,4927;0,6566;0,7595;0,8356;0,8915
5-814;Arthroskopische Refixation und Plastik am Kapselbandapparat des Schultergelenkes;156266;1009;154,8722;0,4591;0,6426;0,7585;0,8409;0,9006
5-815;Arthroskopische Entfernung und arthroskopischer Wechsel eines Bandersatzes am Kniegelenk;2466;407;6,059;0,5953;0,7409;0,8167;0,8666;0,9015
5-816;Arthroskopische Operationen am Labrum acetabulare;3993;375;10,648;0,6709;0,8114;0,8778;0,9171;0,9434
5-819;Andere arthroskopische Operationen;22990;908;25,3194;0,6184;0,7686;0,8509;0,9023;0,937
5-820;Implantation einer Endoprothese am Hüftgelenk;224656;1044;215,1877;0,3166;0,4791;0,5997;0,6982;0,7802
5-821;Revision, Wechsel und Entfernung einer Endoprothese am Hüftgelenk;34732;1001;34,6973;0,3725;0,5506;0,6762;0,7708;0,8446
5-822;Implantation einer Endoprothese am Kniegelenk;175267;941;186,2561;0,3562;0,5256;0,6483;0,7423;0,8172
5-823;Revision, Wechsel und Entfernung einer Endoprothese am Kniegelenk;23983;934;25,6777;0,3783;0,5596;0,6842;0,7779;0,8505
5-824;Implantation einer Endoprothese an Gelenken der oberen Extremität;23645;977;24,2016;0,3537;0,5228;0,6464;0,7449;0,8251
5-825;Revision, Wechsel und Entfernung einer Endoprothese an Gelenken der oberen Extremität;3664;687;5,3333;0,4219;0,5843;0,6979;0,7836;0,8496
5-826;Implantation einer Endoprothese an Gelenken der unteren Extremität;1196;277;4,3177;0,4657;0,6254;0,7274;0,8043;0,862
5-827;Revision, Wechsel und Entfernung einer Endoprothese an Gelenken der unteren Extremität;671;269;2,4944;0,4024;0,5604;0,6602;0,7407;0,8003
5-828;Implantation, Revision, Wechsel und Entfernung eines Knochenteilersatzes und Knochentotalersatzes;1583;336;4,7113;0,6159;0,734;0,8067;0,8503;0,8932
5-829;Andere gelenkplastische Eingriffe;75498;1015;74,3823;0,4826;0,6625;0,7721;0,8478;0,9042
5-830;Inzision von erkranktem Knochen- und Gelenkgewebe der Wirbelsäule;35257;738;47,7737;0,6334;0,8015;0,8858;0,9324;0,9603
5-831;Exzision von erkranktem Bandscheibengewebe;148946;771;193,1855;0,3572;0,5503;0,6885;0,7952;0,8769
5-832;Exzision von erkranktem Knochen- und Gelenkgewebe der Wirbelsäule;107796;787;136,9708;0,4625;0,6613;0,7934;0,8811;0,9375
5-835;Knochenersatz an der Wirbelsäule;46047;623;73,9117;0,5175;0,7202;0,838;0,9064;0,9492
5-836;Spondylodese;69762;758;92,0343;0,4318;0,626;0,753;0,8455;0,9106
5-837;Wirbelkörperersatz und komplexe Rekonstruktion der Wirbelsäule;10372;523;19,8317;0,485;0,667;0,7809;0,8571;0,9128
5-838;Andere komplexe Rekonstruktionen der Wirbelsäule;3938;314;12,5414;0,5518;0,74;0,8342;0,8954;0,9325
5-839;Andere Operationen an der Wirbelsäule;188198;955;197,066;0,384;0,5818;0,7205;0,8224;0,8973
5-83a;Minimalinvasive Behandlungsverfahren an der Wirbelsäule (zur Schmerztherapie);28812;510;56,4941;0,5474;0,7489;0,8561;0,92;0,9567
5-83b;Osteosynthese (dynamische Stabilisierung) an der Wirbelsäule;137662;837;164,4707;0,4224;0,6229;0,7626;0,8601;0,921
5-83w;Zusatzinformationen zu Operationen an der Wirbelsäule;12800;599;21,3689;0,4616;0,6409;0,7643;0,8461;0,9056
5-840;Operationen an Sehnen der Hand;47496;943;50,3669;0,5402;0,7339;0,834;0,896;0,9378
5-841;Operationen an Bändern der Hand;17471;901;19,3907;0,5407;0,7274;0,8278;0,8878;0,9281
5-842;Operationen an Faszien der Hohlhand und der Finger;13450;763;17,6278;0,4917;0,6919;0,8135;0,8879;0,9336
5-843;Operationen an Muskeln der Hand;1550;411;3,7713;0,4503;0,6265;0,7271;0,7981;0,8523
5-844;Operation an Gelenken der Hand;11308;773;14,6287;0,494;0,6953;0,8056;0,8759;0,9203
5-845;Synovialektomie an der Hand;12488;574;21,7561;0,5782;0,7593;0,8496;0,9068;0,9432
5-846;Arthrodese an Gelenken der Hand;5379;672;8,0045;0,4618;0,654;0,771;0,8481;0,8998
5-847;Resektionsarthroplastik an Gelenken der Hand;9434;572;16,493;0,4613;0,6579;0,782;0,859;0,9112
5-848;Operationen bei kongenitalen Anomalien der Hand;83;39;2,1282;0,5422;0,6265;0,6747;0,7229;0,7711
5-849;Andere Operationen an der Hand;12975;840;15,4464;0,5649;0,7299;0,8261;0,8887;0,9299
5-850;Inzision an Muskel, Sehne und Faszie;69773;1132;61,6369;0,4399;0,622;0,7394;0,8215;0,8827
5-851;Durchtrennung von Muskel, Sehne und Faszie;29034;1057;27,4683;0,5282;0,6899;0,793;0,8643;0,9144
5-852;Exzision an Muskel, Sehne und Faszie;46009;1098;41,9026;0,5312;0,6946;0,789;0,8543;0,9028
5-853;Rekonstruktion von Muskeln;11033;990;11,1444;0,5182;0,6815;0,7797;0,8494;0,8989
5-854;Rekonstruktion von Sehnen;30610;984;31,1077;0,6166;0,7751;0,8592;0,9097;0,942
5-855;Naht und andere Operationen an Sehnen und Sehnenscheide;52204;1074;48,6071;0,3862;0,5492;0,6667;0,7575;0,828
5-856;Rekonstruktion von Faszien;9836;982;10,0163;0,4793;0,6361;0,7417;0,8184;0,8736
5-857;Plastische Rekonstruktion mit lokalen Lappen an Muskeln und Faszien;10409;732;14,2199;0,5036;0,7163;0,8301;0,8909;0,9306
5-858;Entnahme und Transplantation von Muskel, Sehne und Faszie mit mikrovaskulärer Anastomosierung;6487;263;24,6654;0,5969;0,7899;0,877;0,9277;0,9584
5-859;Andere Operationen an Muskeln, Sehnen, Faszien und Schleimbeuteln;43336;1102;39,3249;0,4003;0,5518;0,666;0,7554;0,828
5-860;Replantation obere Extremität;555;171;3,2456;0,3712;0,5586;0,6739;0,7604;0,8252
5-861;Replantation untere Extremität;18;15;1,20;0,2222;0,3333;0,4444;0,50;0,6111
5-862;Amputation und Exartikulation obere Extremität;227;138;1,6449;0,2907;0,4449;0,5595;0,6344;0,696
5-863;Amputation und Exartikulation Hand;5671;741;7,6532;0,4967;0,6715;0,7759;0,8441;0,8926
5-864;Amputation und Exartikulation untere Extremität;17511;959;18,2596;0,3406;0,5437;0,6883;0,7983;0,8773
5-865;Amputation und Exartikulation Fuß;46910;1053;44,5489;0,335;0,5364;0,684;0,7959;0,8749
5-866;Revision eines Amputationsgebietes;8388;793;10,5776;0,3916;0,5908;0,7211;0,8159;0,8828
5-867;Operationen bei kongenitalen Anomalien des Fußes;24;18;1,3333;0,3333;0,4167;0,4583;0,5417;0,625
5-868;Operationen bei anderen kongenitalen Anomalien des Bewegungsapparates;-999;-999;-999,00;-9,99;-9,99;-9,99;-9,99;-9,99
5-869;Andere Operationen an den Bewegungsorganen;49575;1056;46,946;0,4353;0,6203;0,7431;0,8273;0,8892
5-86a;Zusatzinformationen zu Operationen an den Bewegungsorganen;24645;627;39,3062;0,5604;0,756;0,8624;0,9229;0,9592
5-870;Partielle (brusterhaltende) Exzision der Mamma und Destruktion von Mammagewebe;79103;737;107,3311;0,3616;0,5679;0,7221;0,839;0,9177
5-872;(Modifizierte radikale) Mastektomie;18494;682;27,1173;0,3414;0,5323;0,6798;0,7883;0,8696
5-874;Erweiterte (radikale) Mastektomie mit Resektion an den Mm. pectorales majores et minores und Thoraxwandteilresektion;1162;366;3,1749;0,4182;0,5611;0,6747;0,7556;0,8193
5-877;Subkutane Mastektomie und hautsparende Mastektomieverfahren;6815;583;11,6895;0,4883;0,672;0,7881;0,8635;0,9147
5-879;Andere Exzision und Resektion der Mamma;2866;641;4,4711;0,3859;0,5488;0,6682;0,7627;0,8325
5-881;Inzision der Mamma;11306;774;14,6072;0,52;0,6552;0,7533;0,8276;0,8846
5-882;Operationen an der Brustwarze;4828;481;10,0374;0,4824;0,6624;0,7819;0,8596;0,9105
5-883;Plastische Operationen zur Vergrößerung der Mamma;2353;389;6,0488;0,4144;0,5963;0,7136;0,8003;0,8619
5-884;Mammareduktionsplastik;7625;541;14,0943;0,434;0,6174;0,738;0,8257;0,8911
5-885;Plastische Rekonstruktion der Mamma mit Haut- und Muskeltransplantation;3375;352;9,5881;0,5381;0,7087;0,8083;0,8723;0,9159
5-886;Andere plastische Rekonstruktion der Mamma;8609;529;16,2741;0,4798;0,6642;0,7813;0,8622;0,9157
5-889;Andere Operationen an der Mamma;10459;575;18,1896;0,488;0,6687;0,7824;0,8604;0,9156
5-890;Tätowieren und Einbringen von Fremdmaterial in Haut und Unterhaut;1353;166;8,1506;0,6268;0,7827;0,8647;0,9032;0,9305
5-891;Inzision eines Sinus pilonidalis;1434;425;3,3741;0,4393;0,6004;0,7022;0,7748;0,8347
5-892;Andere Inzision an Haut und Unterhaut;145575;1223;119,0311;0,3911;0,5609;0,6851;0,7807;0,8553
5-894;Lokale Exzision von erkranktem Gewebe an Haut und Unterhaut;107627;1191;90,3669;0,4008;0,5679;0,686;0,7785;0,8522
5-895;Radikale und ausgedehnte Exzision von erkranktem Gewebe an Haut und Unterhaut;154629;1148;134,6943;0,6767;0,7974;0,8656;0,9097;0,9429
5-896;Chirurgische Wundtoilette [Wunddebridement] mit Entfernung von erkranktem Gewebe an Haut und Unterhaut;231182;1218;189,8046;0,4014;0,589;0,7152;0,8058;0,8735
5-897;Exzision und Rekonstruktion eines Sinus pilonidalis;27203;1004;27,0946;0,2674;0,4347;0,5696;0,6797;0,7716
5-898;Operationen am Nagelorgan;12999;998;13,0251;0,5039;0,6683;0,7727;0,8435;0,8935
5-899;Andere Exzision an Haut und Unterhaut;792;373;2,1233;0,3977;0,5189;0,6124;0,7058;0,7652
5-900;Einfache Wiederherstellung der Oberflächenkontinuität an Haut und Unterhaut;169969;1211;140,3543;0,3525;0,543;0,6782;0,78;0,8601
5-901;Freie Hauttransplantation, Entnahmestelle;17553;917;19,1418;0,5531;0,711;0,8077;0,8739;0,9193
5-902;Freie Hauttransplantation, Empfängerstelle;52753;1056;49,9555;0,553;0,7277;0,8202;0,8797;0,9229
5-903;Lokale Lappenplastik an Haut und Unterhaut;97241;964;100,8724;0,7486;0,8909;0,9457;0,9703;0,9831
5-904;Lappenplastik an Haut und Unterhaut, Entnahmestelle;1723;309;5,5761;0,4469;0,6425;0,758;0,8328;0,8828
5-905;Lappenplastik an Haut und Unterhaut, Empfängerstelle;5306;459;11,5599;0,5249;0,7314;0,8375;0,896;0,9325
5-906;Kombinierte plastische Eingriffe an Haut und Unterhaut;3208;411;7,8054;0,6163;0,7625;0,837;0,884;0,9183
5-907;Revision einer Hautplastik;7254;643;11,2815;0,5806;0,7805;0,8686;0,9133;0,9424
5-908;Plastische Operation an Lippe und Mundwinkel;4942;480;10,2958;0,5698;0,7825;0,8648;0,9087;0,9381
5-909;Andere Wiederherstellung und Rekonstruktion von Haut und Unterhaut;3466;508;6,8228;0,5822;0,7259;0,8093;0,8679;0,9074
5-910;Straffungsoperation am Gesicht;326;115;2,8348;0,4202;0,5521;0,6626;0,7423;0,816
5-911;Gewebereduktion an Haut und Unterhaut;17147;698;24,5659;0,608;0,8036;0,8853;0,9328;0,958
5-912;Haartransplantation und Haartransposition;9;8;1,125;0,2222;0,3333;0,3333;0,4444;0,5556
5-913;Entfernung oberflächlicher Hautschichten;26965;565;47,7257;0,8163;0,9229;0,9592;0,9753;0,9844
5-914;Chemochirurgie der Haut;1581;96;16,4688;0,8773;0,9159;0,9405;0,9551;0,9677
5-915;Destruktion von erkranktem Gewebe an Haut und Unterhaut;11246;454;24,7709;0,7974;0,9114;0,9506;0,9659;0,9755
5-916;Temporäre Weichteildeckung;185522;1166;159,1098;0,445;0,6172;0,7335;0,8166;0,8781
5-917;Syndaktylie- und Polydaktyliekorrektur der Finger;828;160;5,175;0,5845;0,7029;0,7802;0,8382;0,878
5-918;Syndaktylie- und Polydaktyliekorrektur der Zehen;350;126;2,7778;0,5057;0,62;0,6943;0,7629;0,82
5-919;Operative Versorgung von Mehrfachtumoren an einer Lokalisation der Haut in einer Sitzung;3674;199;18,4623;0,6053;0,8204;0,8968;0,942;0,9635
5-91a;Andere Operationen an Haut und Unterhaut;700;341;2,0528;0,3586;0,52;0,6186;0,7071;0,7571
5-920;Inzision an Haut und Unterhaut bei Verbrennungen und Verätzungen;474;97;4,8866;0,5696;0,7532;0,827;0,8692;0,8987
5-921;Chirurgische Wundtoilette [Wunddebridement] und Entfernung von erkranktem Gewebe an Haut und Unterhaut bei Verbrennungen und Verätzungen;28497;713;39,9677;0,8217;0,9034;0,94;0,9614;0,9756
5-922;Wunddebridement an Muskel, Sehne und Faszie bei Verbrennungen und Verätzungen;581;227;2,5595;0,4682;0,5972;0,6816;0,7608;0,8055
5-923;Temporäre Weichteildeckung bei Verbrennungen und Verätzungen;11234;256;43,8828;0,7447;0,8661;0,9286;0,9641;0,9816
5-924;Freie Hauttransplantation und Lappenplastik an Haut und Unterhaut bei Verbrennungen und Verätzungen, Entnahmestelle;507;174;2,9138;0,4773;0,6331;0,7199;0,7909;0,8284
5-925;Freie Hauttransplantation und Lappenplastik an Haut und Unterhaut bei Verbrennungen und Verätzungen, Empfängerstelle;5405;361;14,9723;0,797;0,8818;0,9201;0,9426;0,9599
5-926;Lokale Lappenplastik an Haut und Unterhaut bei Verbrennungen und Verätzungen;707;176;4,017;0,5134;0,6605;0,7525;0,8218;0,8727
5-927;Kombinierte plastische Eingriffe an Haut und Unterhaut bei Verbrennungen und Verätzungen;92;48;1,9167;0,2717;0,4348;0,5543;0,663;0,7391
5-928;Primärer Wundverschluss der Haut und Revision einer Hautplastik bei Verbrennungen und Verätzungen;806;231;3,4892;0,5757;0,6873;0,7568;0,8139;0,8573
5-929;Andere Operationen bei Verbrennungen und Verätzungen;174;54;3,2222;0,477;0,6897;0,7586;0,8161;0,8448
5-930;Art des Transplantates;68511;712;96,2233;0,405;0,615;0,7655;0,8635;0,9275
5-931;Art des verwendeten Knochenersatz- und Osteosynthesematerials;39881;656;60,7942;0,6428;0,8379;0,9263;0,9627;0,9799
5-932;Art des verwendeten Materials für Gewebeersatz und Gewebeverstärkung;225342;1056;213,392;0,2869;0,453;0,5849;0,6943;0,786
5-933;Verwendung einer Kunststoff- oder biologischen Membran zur Prophylaxe von Adhäsionen;4699;280;16,7821;0,7921;0,88;0,921;0,9474;0,9634
5-934;Verwendung von MRT-fähigem Material;30919;598;51,704;0,4865;0,6946;0,8136;0,8926;0,9404
5-935;Verwendung von beschichtetem Osteosynthesematerial;1114;143;7,7902;0,7765;0,8528;0,8923;0,9183;0,9363
5-936;Verwendung von Arzneimitteln für neuartige Therapien;138;13;10,6154;0,2899;0,7246;0,7971;0,8406;0,9275
5-937;Verwendung von thermomechanischem Osteosynthesematerial;234;33;7,0909;0,5043;0,7607;0,859;0,906;0,9316
5-981;Versorgung bei Mehrfachverletzung;1604;294;5,4558;0,4888;0,6633;0,7706;0,8435;0,8934
5-982;Versorgung bei Polytrauma;1736;248;7,00;0,591;0,7506;0,8306;0,8808;0,9153
5-983;Reoperation;181205;1102;164,4328;0,5642;0,7398;0,8399;0,9031;0,9442
5-984;Mikrochirurgische Technik;406650;970;419,2268;0,5497;0,7342;0,8431;0,908;0,9493
5-985;Lasertechnik;55199;651;84,7911;0,529;0,7097;0,8275;0,9034;0,9498
5-986;Minimalinvasive Technik;79682;868;91,7995;0,5765;0,759;0,8573;0,9184;0,9565
5-987;Anwendung eines OP-Roboters;14238;98;145,2857;0,3312;0,5181;0,6516;0,7628;0,8536
5-988;Anwendung eines Navigationssystems;45987;492;93,4695;0,4522;0,647;0,7707;0,8557;0,918
5-989;Fluoreszenzgestützte Therapieverfahren;9607;224;42,8884;0,5241;0,7213;0,8388;0,9118;0,9508
5-98a;Hybridtherapie;5253;238;22,0714;0,4548;0,6592;0,7856;0,8736;0,9269
5-98b;Anwendung eines flexiblen Ureterorenoskops;20367;295;69,0407;0,3276;0,5178;0,6632;0,7723;0,8628
5-98c;Anwendung eines Klammernahtgerätes;100647;849;118,5477;0,4243;0,6227;0,7543;0,8466;0,9118
5-98d;Verwendung von patientenindividuell hergestelltem Instrumentarium;1608;106;15,1698;0,4285;0,6654;0,8078;0,8825;0,9328
5-98e;Intraoperative Blutflussmessung in Gefäßen;14786;169;87,4911;0,6509;0,8496;0,9332;0,972;0,9874
5-98f;Einsatz von Shavertechnik zur Weichteil- und Knochenabtragung bei Operationen an Nase, Nasennebenhöhlen und Gesichtsschädelknochen;709;56;12,6607;0,6079;0,7433;0,8392;0,8886;0,9252
5-995;Vorzeitiger Abbruch einer Operation (Eingriff nicht komplett durchgeführt);24485;1075;22,7767;0,4922;0,6829;0,7974;0,8682;0,9155
