﻿mdc;Name;SummeHA;SummeHAw;SummeHAm;SummeHAu;Anteilw;Anteilm;Anteilu
00;Prä-MDC;146007;55561;90446;0;0,3805;0,6195;0,00
01;MDC 01 Krankheiten und Störungen des Nervensystems;1617916;818688;799226;2;0,506;0,494;0,00
02;MDC 02 Krankheiten und Störungen des Auges;337792;176632;161158;2;0,5229;0,4771;0,00
03;MDC 03 Krankheiten und Störungen des Ohres, der Nase, des Mundes und des Halses;721137;330921;390214;2;0,4589;0,5411;0,00
04;MDC 04 Krankheiten und Störungen der Atmungsorgane;1421883;607015;814860;8;0,4269;0,5731;0,00
05;MDC 05 Krankheiten und Störungen des Kreislaufsystems;2906446;1329255;1577181;10;0,4573;0,5426;0,00
06;MDC 06 Krankheiten und Störungen der Verdauungsorgane;2145625;1047775;1097847;3;0,4883;0,5117;0,00
07;MDC 07 Krankheiten und Störungen an hepatobiliärem System und Pankreas;584974;296305;288666;3;0,5065;0,4935;0,00
08;MDC 08 Krankheiten und Störungen an Muskel-Skelett-System und Bindegewebe;2701543;1531218;1170320;5;0,5668;0,4332;0,00
09;MDC 09 Krankheiten und Störungen an Haut, Unterhaut und Mamma;853874;498174;355696;4;0,5834;0,4166;0,00
10;MDC 10 Endokrine, Ernährungs- und Stoffwechselkrankheiten;482151;289825;192325;1;0,6011;0,3989;0,00
11;MDC 11 Krankheiten und Störungen der Harnorgane;858118;364365;493753;0;0,4246;0,5754;0,00
12;MDC 12 Krankheiten und Störungen der männlichen Geschlechtsorgane;214480;9;214471;0;0,00;1,00;0,00
13;MDC 13 Krankheiten und Störungen der weiblichen Geschlechtsorgane;370611;370570;41;0;0,9999;0,0001;0,00
14;MDC 14 Schwangerschaft, Geburt und Wochenbett;1020666;1020666;0;0;1,00;0,00;0,00
15;MDC 15 Neugeborene;771690;374219;397465;6;0,4849;0,5151;0,00
16;MDC 16 Krankheiten des Blutes, der blutbildenden Organe und des Immunsystems;146239;80204;66035;0;0,5484;0,4516;0,00
17;MDC 17 Hämatologische und solide Neubildungen;194648;87630;107018;0;0,4502;0,5498;0,00
18A;MDC 18A HIV;3930;740;3188;2;0,1883;0,8112;0,0005
18B;MDC 18B Infektiöse und parasitäre Krankheiten;263575;121174;142400;1;0,4597;0,5403;0,00
19;MDC 19 Psychische Krankheiten und Störungen;98281;60133;38148;0;0,6118;0,3882;0,00
20;MDC 20 Alkohol- und Drogengebrauch und alkohol- und drogeninduzierte psychische Störungen;164390;48349;116038;3;0,2941;0,7059;0,00
21A;MDC 21A Polytrauma;11825;4340;7485;0;0,367;0,633;0,00
21B;MDC 21B Verletzungen, Vergiftungen und toxische Wirkungen von Drogen und Medikamenten;208209;97981;110228;0;0,4706;0,5294;0,00
22;MDC 22 Verbrennungen;15744;6525;9219;0;0,4144;0,5856;0,00
23;MDC 23 Faktoren, die den Gesundheitszustand beeinflussen, und andere Inanspruchnahme des Gesundheitswesens;101079;53601;47478;0;0,5303;0,4697;0,00
FE;Fehler-DRGs und sonstige DRGs;43718;20523;23081;114;0,4694;0,528;0,0026
