﻿gruppe;gruppename;Anzahl KH;AnzahlTS
1-10 ... 1-10;Klinische Untersuchung;27;2040
1-20 ... 1-33;Untersuchung einzelner Körpersysteme;231;41504
1-40 ... 1-49;Biopsie ohne Inzision;221;13795
1-50 ... 1-58;Biopsie durch Inzision;45;314
1-61 ... 1-69;Diagnostische Endoskopie;244;15923
1-70 ... 1-79;Funktionstests;217;48134
1-84 ... 1-85;Explorative diagnostische Maßnahmen;79;2131
1-90 ... 1-99;Andere diagnostische Maßnahmen;110;12516
3-03 ... 3-05;Ultraschalluntersuchungen;140;5540
3-10 ... 3-13;Projektionsradiographie;110;3015
3-20 ... 3-26;Computertomographie (CT);303;73953
3-30 ... 3-31;Optische Verfahren;8;53
3-60 ... 3-69;Darstellung des Gefäßsystems;79;513
3-70 ... 3-76;Nuklearmedizinische diagnostische Verfahren;120;10430
3-80 ... 3-84;Magnetresonanztomographie (MRT);225;39060
3-90 ... 3-90;Andere bildgebende Verfahren;73;2169
3-99 ... 3-99;Zusatzinformationen zu bildgebenden Verfahren;157;33036
5-01 ... 5-05;Operationen am Nervensystem;13;737
5-06 ... 5-07;Operationen an endokrinen Drüsen;0;0
5-08 ... 5-16;Operationen an den Augen;25;11040
5-18 ... 5-20;Operationen an den Ohren;29;1219
5-21 ... 5-22;Operationen an Nase und Nasennebenhöhlen;26;700
5-23 ... 5-28;Operationen an Mundhöhle und Gesicht;31;1741
5-29 ... 5-31;Operationen an Pharynx, Larynx und Trachea;9;288
5-32 ... 5-34;Operationen an Lunge und Bronchus;8;14
5-35 ... 5-37;Operationen am Herzen;7;49
5-38 ... 5-39;Operationen an den Blutgefäßen;60;695
5-40 ... 5-41;Operationen am hämatopoetischen und Lymphgefäßsystem;23;147
5-42 ... 5-54;Operationen am Verdauungstrakt;90;1215
5-55 ... 5-59;Operationen an den Harnorganen;24;194
5-60 ... 5-64;Operationen an den männlichen Geschlechtsorganen;26;131
5-65 ... 5-71;Operationen an den weiblichen Geschlechtsorganen;19;392
5-72 ... 5-75;Geburtshilfliche Operationen;-999;-999
5-76 ... 5-77;Operationen an Kiefer- und Gesichtsschädelknochen;7;126
5-78 ... 5-86;Operationen an den Bewegungsorganen;33;427
5-87 ... 5-88;Operationen an der Mamma;12;217
5-89 ... 5-92;Operationen an Haut und Unterhaut;89;14537
5-93 ... 5-99;Zusatzinformationen zu Operationen;52;12716
6-00 ... 6-00;Applikation von Medikamenten;153;32731
8-01 ... 8-02;Applikation von Medikamenten und Nahrung und therapeutische Injektion;90;3863
8-03 ... 8-03;Immuntherapie;16;317
8-10 ... 8-11;Entfernung von Fremdmaterial und Konkrementen;33;404
8-12 ... 8-13;Manipulationen an Verdauungstrakt und Harntrakt;105;2428
8-14 ... 8-17;Therapeutische Katheterisierung, Aspiration, Punktion und Spülung;131;4173
8-19 ... 8-19;Verbände;72;3956
8-20 ... 8-22;Geschlossene Reposition und Korrektur von Deformitäten;11;26
8-31 ... 8-39;Immobilisation und spezielle Lagerung;17;279
8-40 ... 8-41;Knochenextension und andere Extensionsverfahren;2;4
8-50 ... 8-51;Tamponade von Blutungen und Manipulation an Fetus oder Uterus;9;307
8-52 ... 8-54;Strahlentherapie, nuklearmedizinische Therapie und Chemotherapie;150;115805
8-55 ... 8-60;Frührehabilitative und physikalische Therapie;81;13872
8-63 ... 8-66;Elektrostimulation, Elektrotherapie und Dauer der Behandlung durch fokussierten Ultraschall;42;2381
8-70 ... 8-72;Maßnahmen für das Atmungssystem;48;17314
8-77 ... 8-77;Maßnahmen im Rahmen der Reanimation;3;3
8-80 ... 8-85;Maßnahmen für den Blutkreislauf;262;60381
8-86 ... 8-86;Therapie mit besonderen Zellen und Blutbestandteilen;2;9
8-90 ... 8-91;Anästhesie und Schmerztherapie;157;32202
8-92 ... 8-93;Patientenmonitoring;70;5650
8-97 ... 8-98;Komplexbehandlung;198;56432
8-99 ... 8-99;Zusatzinformationen zu nicht operativen therapeutischen Maßnahmen;-999;-999
9-20 ... 9-20;Pflege und Versorgung von Patienten;0;0
9-26 ... 9-28;Geburtsbegleitende Maßnahmen und Behandlung wegen Infertilität;3;4
9-31 ... 9-32;Phoniatrische und pädaudiologische Therapie;51;7844
9-40 ... 9-41;Psychosoziale, psychosomatische, neuropsychologische und psychotherapeutische Therapie;115;9047
9-50 ... 9-51;Präventive und ergänzende kommunikative Maßnahmen;68;4653
9-60 ... 9-64;Behandlung bei psychischen und psychosomatischen Störungen und Verhaltensstörungen bei Erwachsenen;4;1276
9-65 ... 9-69;Behandlung bei psychischen und psychosomatischen Störungen und Verhaltensstörungen bei Kindern und Jugendlichen;-999;-999
9-98 ... 9-99;Andere ergänzende Maßnahmen und Informationen;160;6584
