﻿DRG;name;Relativgewicht;AnzahlHA;AntAnGesFallzahl
P67D;Neugeborener Einling, Aufnahmegewicht > 2499 g ohne OR-Prozedur, ohne Beatmung > 95 Stunden, ohne schweres Problem, ohne anderes Problem oder ein Belegungstag;0,249;602293;0,0327
G67C;Ösophagitis, Gastroenteritis, gastrointestinale Blutung, Ulkuserkrankung und verschiedene Erkrankungen der Verdauungsorgane ohne bestimmte oder andere komplizierende Faktoren, ohne äußerst schwere CC;0,459;490674;0,0267
O60D;Vaginale Entbindung ohne komplizierende Diagnose, Schwangerschaftsdauer mehr als 33 vollendete Wochen;0,545;361390;0,0196
F62B;Herzinsuffizienz und Schock ohne äußerst schwere CC oder ohne Dialyse, ohne komplizierende Diagnose, ohne komplizierende Konstellation, mehr als ein Belegungstag;0,885;328437;0,0178
I68D;Nicht operativ behandelte Erkrankungen und Verletzungen im Wirbelsäulenbereich, mehr als ein Belegungstag, oder andere Femurfraktur, außer bei Diszitis oder infektiöser Spondylopathie, ohne Kreuzbeinfraktur;0,595;322328;0,0175
F71B;Nicht schwere kardiale Arrhythmie und Erregungsleitungsstörungen ohne äußerst schweren CC bei mehr als ein Belegungstag, ohne kathetergestützte elektrophysiologische Untersuchung des Herzens;0,503;276968;0,015
G67B;Ösophagitis, Gastroenteritis, gastrointestinale Blutung, Ulkuserkrankung und verschiedene Erkrankungen der Verdauungsorgane mit anderen komplizierenden Faktoren oder mit äußerst schweren CC;0,573;254122;0,0138
E77I;Infektionen und Entzündungen der Atmungsorgane ohne komplexe Diagnose, ohne äußerst schwere CC oder ein Belegungstag, Alter > 0 Jahre, außer bei Para- / Tetraplegie, ohne Komplexbehandlung bei multiresistenten Erregern;0,763;241376;0,0131
B80Z;Andere Kopfverletzungen;0,342;230501;0,0125
F67D;Hypertonie ohne komplizierende Diagnose, ohne äußerst schwere oder schwere CC, Alter > 15 Jahre;0,474;222581;0,0121
F49G;Invasive kardiologische Diagnostik außer bei akutem Myokardinfarkt, ohne äußerst schwere CC, Alter > 14 Jahre, ohne kardiales Mapping, ohne schwere CC bei mehr als einem Belegungstag, ohne komplexe Diagnose, ohne bestimmten Eingriff;0,649;209202;0,0114
F73Z;Synkope und Kollaps;0,52;183689;0,01
I47B;Revision oder Ersatz des Hüftgelenkes ohne komplizierende Diagnose, ohne Arthrodese, ohne äußerst schwere CC, Alter > 15 Jahre, ohne komplizierenden Eingriff;2,217;176026;0,0096
G24B;Eingriffe bei Hernien, ohne plastische Rekonstruktion der Bauchwand;0,816;175066;0,0095
J65Z;Verletzung der Haut, Unterhaut und Mamma;0,401;162127;0,0088
H08B;Laparoskopische Cholezystektomie ohne komplexe Diagnose, ohne komplizierende Konstellation;0,914;150817;0,0082
K62B;Verschiedene Stoffwechselerkrankungen außer bei Para- / Tetraplegie, ohne komplizierende Diagnose, ohne endoskopische Einlage eines Magenballons, ohne äußerst schwere CC, ein Belegungstag;0,631;149839;0,0081
E65C;Chronisch-obstruktive Atemwegserkrankung ohne äußerst schwere CC, ohne starre Bronchoskopie, ohne komplizierende Diagnose, ohne FEV1 < 35% oder ein Belegungstag, Alter > 0 Jahre;0,721;140360;0,0076
E71C;Neubildungen der Atmungsorgane, ohne äußerst schwere CC oder ein Belegungstag, ohne Bronchoskopie, ohne bestimmte Lungenbiopsie;0,647;138507;0,0075
J64B;Infektion / Entzündung der Haut und Unterhaut oder Hautulkus ohne äußerst schwere CC;0,598;135976;0,0074
