﻿Bettenstufe;Summe KH;Anteil KH;BettenstufeSort
bis 49 Betten;168;0,112;b0049
50 bis 99 Betten;194;0,1293;b0099
100 bis 149 Betten;202;0,1347;b0149
150 bis 199 Betten;164;0,1093;b0199
200 bis 249 Betten;124;0,0827;b0249
250 bis 299 Betten;104;0,0693;b0299
300 bis 399 Betten;175;0,1167;b0399
400 bis 499 Betten;120;0,08;b0499
500 bis 599 Betten;78;0,052;b0599
600 bis 799 Betten;73;0,0487;b0799
800 bis 999 Betten;31;0,0207;b0999
1000 Betten und mehr;52;0,0347;b1000+
Ohne Angabe;15;0,01;oA
