﻿gruppebereich;gruppename;Anzahl KH;AnzahlTS
A00-A09;Infektiöse Darmkrankheiten;62;230
A15-A19;Tuberkulose;21;114
A20-A28;Bestimmte bakterielle Zoonosen;6;7
A30-A49;Sonstige bakterielle Krankheiten;74;367
A50-A64;Infektionen, die vorwiegend durch Geschlechtsverkehr übertragen werden;31;249
A65-A69;Sonstige Spirochätenkrankheiten;52;202
A70-A74;Sonstige Krankheiten durch Chlamydien;-999;-999
A75-A79;Rickettsiosen;-999;-999
A80-A89;Virusinfektionen des Zentralnervensystems;19;37
A92-A99;Durch Arthropoden übertragene Viruskrankheiten und virale hämorrhagische Fieber;-999;-999
B00-B09;Virusinfektionen, die durch Haut- und Schleimhautläsionen gekennzeichnet sind;73;671
B15-B19;Virushepatitis;17;281
B20-B24;HIV-Krankheit [Humane Immundefizienz-Viruskrankheit];16;2265
B25-B34;Sonstige Viruskrankheiten;34;107
B35-B49;Mykosen;34;153
B50-B64;Protozoenkrankheiten;13;19
B65-B83;Helminthosen;7;30
B85-B89;Pedikulose [Läusebefall], Akarinose [Milbenbefall] und sonstiger Parasitenbefall der Haut;14;57
B90-B94;Folgezustände von infektiösen und parasitären Krankheiten;3;3
B95-B98;Bakterien, Viren und sonstige Infektionserreger als Ursache von Krankheiten, die in anderen Kapiteln klassifiziert sind;0;0
B99-B99;Sonstige Infektionskrankheiten;26;81
C00-C14;Bösartige Neubildungen der Lippe, der Mundhöhle und des Pharynx;80;3178
C15-C26;Bösartige Neubildungen der Verdauungsorgane;158;24941
C30-C39;Bösartige Neubildungen der Atmungsorgane und sonstiger intrathorakaler Organe;128;15037
C40-C41;Bösartige Neubildungen des Knochens und des Gelenkknorpels;60;1248
C43-C44;Melanom und sonstige bösartige Neubildungen der Haut;80;8873
C45-C49;Bösartige Neubildungen des mesothelialen Gewebes und des Weichteilgewebes;104;3637
C50-C50;Bösartige Neubildungen der Brustdrüse [Mamma];114;21477
C51-C58;Bösartige Neubildungen der weiblichen Genitalorgane;113;7107
C60-C63;Bösartige Neubildungen der männlichen Genitalorgane;105;4768
C64-C68;Bösartige Neubildungen der Harnorgane;111;2750
C69-C72;Bösartige Neubildungen des Auges, des Gehirns und sonstiger Teile des Zentralnervensystems;88;4164
C73-C75;Bösartige Neubildungen der Schilddrüse und sonstiger endokriner Drüsen;63;1139
C76-C80;Bösartige Neubildungen ungenau bezeichneter, sekundärer und nicht näher bezeichneter Lokalisationen;128;4937
C81-C96;Bösartige Neubildungen des lymphatischen, blutbildenden und verwandten Gewebes, als primär festgestellt oder vermutet;131;33846
C97-C97;Bösartige Neubildungen als Primärtumoren an mehreren Lokalisationen;0;0
D00-D09;In-situ-Neubildungen;45;684
D10-D36;Gutartige Neubildungen;112;4850
D37-D48;Neubildungen unsicheren oder unbekannten Verhaltens;137;6899
D50-D53;Alimentäre Anämien;91;448
D55-D59;Hämolytische Anämien;72;2130
D60-D64;Aplastische und sonstige Anämien;99;1666
D65-D69;Koagulopathien, Purpura und sonstige hämorrhagische Diathesen;94;1290
D70-D77;Sonstige Krankheiten des Blutes und der blutbildenden Organe;73;463
D80-D90;Bestimmte Störungen mit Beteiligung des Immunsystems;97;1451
E00-E07;Krankheiten der Schilddrüse;58;1065
E10-E14;Diabetes mellitus;158;5276
E15-E16;Sonstige Störungen der Blutglukose-Regulation und der inneren Sekretion des Pankreas;21;81
E20-E35;Krankheiten sonstiger endokriner Drüsen;62;2466
E40-E46;Mangelernährung;16;53
E50-E64;Sonstige alimentäre Mangelzustände;51;119
E65-E68;Adipositas und sonstige Überernährung;63;1953
E70-E90;Stoffwechselstörungen;136;4198
F00-F09;Organische, einschließlich symptomatischer psychischer Störungen;130;1550
F10-F19;Psychische und Verhaltensstörungen durch psychotrope Substanzen;22;86
F20-F29;Schizophrenie, schizotype und wahnhafte Störungen;15;18
F30-F39;Affektive Störungen;111;668
F40-F48;Neurotische, Belastungs- und somatoforme Störungen;152;11317
F50-F59;Verhaltensauffälligkeiten mit körperlichen Störungen und Faktoren;37;561
F60-F69;Persönlichkeits- und Verhaltensstörungen;24;77
F70-F79;Intelligenzstörung;18;42
F80-F89;Entwicklungsstörungen;46;3352
F90-F98;Verhaltens- und emotionale Störungen mit Beginn in der Kindheit und Jugend;53;1392
F99-F99;Nicht näher bezeichnete psychische Störungen;4;5
G00-G09;Entzündliche Krankheiten des Zentralnervensystems;46;494
G10-G14;Systematrophien, die vorwiegend das Zentralnervensystem betreffen;56;290
G20-G26;Extrapyramidale Krankheiten und Bewegungsstörungen;183;2085
G30-G32;Sonstige degenerative Krankheiten des Nervensystems;113;1026
G35-G37;Demyelinisierende Krankheiten des Zentralnervensystems;75;3701
G40-G47;Episodische und paroxysmale Krankheiten des Nervensystems;178;24658
G50-G59;Krankheiten von Nerven, Nervenwurzeln und Nervenplexus;110;1240
G60-G64;Polyneuropathien und sonstige Krankheiten des peripheren Nervensystems;133;2705
G70-G73;Krankheiten im Bereich der neuromuskulären Synapse und des Muskels;73;595
G80-G83;Zerebrale Lähmung und sonstige Lähmungssyndrome;131;1182
G90-G99;Sonstige Krankheiten des Nervensystems;113;1094
H00-H06;Affektionen des Augenlides, des Tränenapparates und der Orbita;31;680
H10-H13;Affektionen der Konjunktiva;11;47
H15-H22;Affektionen der Sklera, der Hornhaut, der Iris und des Ziliarkörpers;21;105
H25-H28;Affektionen der Linse;9;3506
H30-H36;Affektionen der Aderhaut und der Netzhaut;16;2535
H40-H42;Glaukom;7;37
H43-H45;Affektionen des Glaskörpers und des Augapfels;9;20
H46-H48;Affektionen des N. opticus und der Sehbahn;34;163
H49-H52;Affektionen der Augenmuskeln, Störungen der Blickbewegungen sowie Akkommodationsstörungen und Refraktionsfehler;43;192
H53-H54;Sehstörungen und Blindheit;44;216
H55-H59;Sonstige Affektionen des Auges und der Augenanhangsgebilde;34;84
H60-H62;Krankheiten des äußeren Ohres;15;78
H65-H75;Krankheiten des Mittelohres und des Warzenfortsatzes;24;260
H80-H83;Krankheiten des Innenohres;79;1152
H90-H95;Sonstige Krankheiten des Ohres;42;7067
I00-I02;Akutes rheumatisches Fieber;0;0
I05-I09;Chronische rheumatische Herzkrankheiten;9;21
I10-I15;Hypertonie [Hochdruckkrankheit];109;725
I20-I25;Ischämische Herzkrankheiten;111;1290
I26-I28;Pulmonale Herzkrankheit und Krankheiten des Lungenkreislaufes;61;129
I30-I52;Sonstige Formen der Herzkrankheit;164;3539
I60-I69;Zerebrovaskuläre Krankheiten;175;3359
I70-I79;Krankheiten der Arterien, Arteriolen und Kapillaren;141;1711
I80-I89;Krankheiten der Venen, der Lymphgefäße und der Lymphknoten, anderenorts nicht klassifiziert;92;1128
I95-I99;Sonstige und nicht näher bezeichnete Krankheiten des Kreislaufsystems;48;154
J00-J06;Akute Infektionen der oberen Atemwege;30;131
J09-J18;Grippe und Pneumonie;79;317
J20-J22;Sonstige akute Infektionen der unteren Atemwege;42;191
J30-J39;Sonstige Krankheiten der oberen Atemwege;49;790
J40-J47;Chronische Krankheiten der unteren Atemwege;144;2986
J60-J70;Lungenkrankheiten durch exogene Substanzen;15;36
J80-J84;Sonstige Krankheiten der Atmungsorgane, die hauptsächlich das Interstitium betreffen;27;141
J85-J86;Purulente und nekrotisierende Krankheitszustände der unteren Atemwege;12;16
J90-J94;Sonstige Krankheiten der Pleura;23;62
J95-J99;Sonstige Krankheiten des Atmungssystems;57;855
K00-K14;Krankheiten der Mundhöhle, der Speicheldrüsen und der Kiefer;47;1148
K20-K31;Krankheiten des Ösophagus, des Magens und des Duodenums;109;2668
K35-K38;Krankheiten der Appendix;7;9
K40-K46;Hernien;37;101
K50-K52;Nichtinfektiöse Enteritis und Kolitis;90;4555
K55-K64;Sonstige Krankheiten des Darmes;126;2463
K65-K67;Krankheiten des Peritoneums;11;19
K70-K77;Krankheiten der Leber;67;628
K80-K87;Krankheiten der Gallenblase, der Gallenwege und des Pankreas;80;586
K90-K93;Sonstige Krankheiten des Verdauungssystems;70;1554
L00-L08;Infektionen der Haut und der Unterhaut;53;213
L10-L14;Bullöse Dermatosen;35;301
L20-L30;Dermatitis und Ekzem;67;6231
L40-L45;Papulosquamöse Hautkrankheiten;75;5824
L50-L54;Urtikaria und Erythem;50;736
L55-L59;Krankheiten der Haut und der Unterhaut durch Strahleneinwirkung;35;1873
L60-L75;Krankheiten der Hautanhangsgebilde;53;1135
L80-L99;Sonstige Krankheiten der Haut und der Unterhaut;82;3162
M00-M03;Infektiöse Arthropathien;36;75
M05-M14;Entzündliche Polyarthropathien;138;3855
M15-M19;Arthrose;189;2329
M20-M25;Sonstige Gelenkkrankheiten;139;1250
M30-M36;Systemkrankheiten des Bindegewebes;118;3150
M40-M43;Deformitäten der Wirbelsäule und des Rückens;96;846
M45-M49;Spondylopathien;191;3736
M50-M54;Sonstige Krankheiten der Wirbelsäule und des Rückens;212;7549
M60-M63;Krankheiten der Muskeln;91;448
M65-M68;Krankheiten der Synovialis und der Sehnen;36;88
M70-M79;Sonstige Krankheiten des Weichteilgewebes;160;3279
M80-M85;Veränderungen der Knochendichte und -struktur;144;759
M86-M90;Sonstige Osteopathien;88;1011
M91-M94;Chondropathien;22;46
M95-M99;Sonstige Krankheiten des Muskel-Skelett-Systems und des Bindegewebes;66;550
N00-N08;Glomeruläre Krankheiten;36;154
N10-N16;Tubulointerstitielle Nierenkrankheiten;59;1111
N17-N19;Niereninsuffizienz;145;6424
N20-N23;Urolithiasis;19;263
N25-N29;Sonstige Krankheiten der Niere und des Ureters;34;313
N30-N39;Sonstige Krankheiten des Harnsystems;77;3781
N40-N51;Krankheiten der männlichen Genitalorgane;50;272
N60-N64;Krankheiten der Mamma [Brustdrüse];22;389
N70-N77;Entzündliche Krankheiten der weiblichen Beckenorgane;6;22
N80-N98;Nichtentzündliche Krankheiten des weiblichen Genitaltraktes;43;453
N99-N99;Sonstige Krankheiten des Urogenitalsystems;8;19
O00-O08;Schwangerschaft mit abortivem Ausgang;7;32
O09-O09;Schwangerschaftsdauer;0;0
O10-O16;Ödeme, Proteinurie und Hypertonie während der Schwangerschaft, der Geburt und des Wochenbettes;-999;-999
O20-O29;Sonstige Krankheiten der Mutter, die vorwiegend mit der Schwangerschaft verbunden sind;15;343
O30-O48;Betreuung der Mutter im Hinblick auf den Fetus und die Amnionhöhle sowie mögliche Entbindungskomplikationen;7;492
O60-O75;Komplikationen bei Wehentätigkeit und Entbindung;3;18
O80-O82;Entbindung;0;0
O85-O92;Komplikationen, die vorwiegend im Wochenbett auftreten;3;11
O94-O99;Sonstige Krankheitszustände während der Gestationsperiode, die anderenorts nicht klassifiziert sind;6;27
P00-P04;Schädigung des Fetus und Neugeborenen durch mütterliche Faktoren und durch Komplikationen bei Schwangerschaft, Wehentätigkeit und Entbindung;-999;-999
P05-P08;Störungen im Zusammenhang mit der Schwangerschaftsdauer und dem fetalen Wachstum;5;11
P10-P15;Geburtstrauma;3;3
P20-P29;Krankheiten des Atmungs- und Herz-Kreislaufsystems, die für die Perinatalperiode spezifisch sind;12;62
P35-P39;Infektionen, die für die Perinatalperiode spezifisch sind;10;14
P50-P61;Hämorrhagische und hämatologische Krankheiten beim Fetus und Neugeborenen;11;32
P70-P74;Transitorische endokrine und Stoffwechselstörungen, die für den Fetus und das Neugeborene spezifisch sind;3;3
P75-P78;Krankheiten des Verdauungssystems beim Fetus und Neugeborenen;-999;-999
P80-P83;Krankheitszustände mit Beteiligung der Haut und der Temperaturregulation beim Fetus und Neugeborenen;-999;-999
P90-P96;Sonstige Störungen, die ihren Ursprung in der Perinatalperiode haben;15;38
Q00-Q07;Angeborene Fehlbildungen des Nervensystems;50;602
Q10-Q18;Angeborene Fehlbildungen des Auges, des Ohres, des Gesichtes und des Halses;25;167
Q20-Q28;Angeborene Fehlbildungen des Kreislaufsystems;38;760
Q30-Q34;Angeborene Fehlbildungen des Atmungssystems;24;50
Q35-Q37;Lippen-, Kiefer- und Gaumenspalte;5;59
Q38-Q45;Sonstige angeborene Fehlbildungen des Verdauungssystems;34;308
Q50-Q56;Angeborene Fehlbildungen der Genitalorgane;31;90
Q60-Q64;Angeborene Fehlbildungen des Harnsystems;46;1810
Q65-Q79;Angeborene Fehlbildungen und Deformitäten des Muskel-Skelett-Systems;57;515
Q80-Q89;Sonstige angeborene Fehlbildungen;72;1236
Q90-Q99;Chromosomenanomalien, anderenorts nicht klassifiziert;38;142
R00-R09;Symptome, die das Kreislaufsystem und das Atmungssystem betreffen;109;1737
R10-R19;Symptome, die das Verdauungssystem und das Abdomen betreffen;115;4234
R20-R23;Symptome, die die Haut und das Unterhautgewebe betreffen;68;630
R25-R29;Symptome, die das Nervensystem und das Muskel-Skelett-System betreffen;204;13103
R30-R39;Symptome, die das Harnsystem betreffen;46;1195
R40-R46;Symptome, die das Erkennungs- und Wahrnehmungsvermögen, die Stimmung und das Verhalten betreffen;124;2032
R47-R49;Symptome, die die Sprache und die Stimme betreffen;46;257
R50-R69;Allgemeinsymptome;213;4316
R70-R79;Abnorme Blutuntersuchungsbefunde ohne Vorliegen einer Diagnose;51;302
R80-R82;Abnorme Urinuntersuchungsbefunde ohne Vorliegen einer Diagnose;14;19
R83-R89;Abnorme Befunde ohne Vorliegen einer Diagnose bei der Untersuchung anderer Körperflüssigkeiten, Substanzen und Gewebe;6;10
R90-R94;Abnorme Befunde ohne Vorliegen einer Diagnose bei bildgebender Diagnostik und Funktionsprüfungen;60;304
R95-R99;Ungenau bezeichnete und unbekannte Todesursachen;0;0
S00-S09;Verletzungen des Kopfes;99;1298
S10-S19;Verletzungen des Halses;34;83
S20-S29;Verletzungen des Thorax;92;319
S30-S39;Verletzungen des Abdomens, der Lumbosakralgegend, der Lendenwirbelsäule und des Beckens;125;879
S40-S49;Verletzungen der Schulter und des Oberarmes;128;848
S50-S59;Verletzungen des Ellenbogens und des Unterarmes;74;199
S60-S69;Verletzungen des Handgelenkes und der Hand;21;61
S70-S79;Verletzungen der Hüfte und des Oberschenkels;127;1779
S80-S89;Verletzungen des Knies und des Unterschenkels;105;392
S90-S99;Verletzungen der Knöchelregion und des Fußes;41;86
T00-T07;Verletzungen mit Beteiligung mehrerer Körperregionen;7;9
T08-T14;Verletzungen nicht näher bezeichneter Teile des Rumpfes, der Extremitäten oder anderer Körperregionen;20;66
T15-T19;Folgen des Eindringens eines Fremdkörpers durch eine natürliche Körperöffnung;27;163
T20-T25;Verbrennungen oder Verätzungen der äußeren Körperoberfläche, Lokalisation bezeichnet;20;77
T26-T28;Verbrennungen oder Verätzungen, die auf das Auge und auf innere Organe begrenzt sind;3;4
T29-T32;Verbrennungen oder Verätzungen mehrerer und nicht näher bezeichneter Körperregionen;3;4
T33-T35;Erfrierungen;0;0
T36-T50;Vergiftungen durch Arzneimittel, Drogen und biologisch aktive Substanzen;11;15
T51-T65;Toxische Wirkungen von vorwiegend nicht medizinisch verwendeten Substanzen;24;214
T66-T78;Sonstige und nicht näher bezeichnete Schäden durch äußere Ursachen;48;1183
T79-T79;Bestimmte Frühkomplikationen eines Traumas;7;8
T80-T88;Komplikationen bei chirurgischen Eingriffen und medizinischer Behandlung, anderenorts nicht klassifiziert;141;1924
T89-T89;Sonstige Komplikationen eines Traumas, anderenorts nicht klassifiziert;14;52
T90-T98;Folgen von Verletzungen, Vergiftungen und sonstigen Auswirkungen äußerer Ursachen;9;17
U00-U49;Vorläufige Zuordnungen für Krankheiten mit unklarer Ätiologie und nicht belegte Schlüsselnummern;0;0
U50-U52;Funktionseinschränkung;4;6
U55-U55;Erfolgte Registrierung zur Organtransplantation;-999;-999
U60-U61;Stadieneinteilung der HIV-Infektion;0;0
U69-U69;Sonstige sekundäre Schlüsselnummern für besondere Zwecke;0;0
U80-U85;Infektionserreger mit Resistenzen gegen bestimmte Antibiotika oder Chemotherapeutika;0;0
U99-U99;Nicht belegte Schlüsselnummern;0;0
V01-X59;Unfälle;0;0
X60-X84;Vorsätzliche Selbstbeschädigung;0;0
X85-Y09;Tätlicher Angriff;0;0
Y10-Y34;Ereignis, dessen nähere Umstände unbestimmt sind;0;0
Y35-Y36;Gesetzliche Maßnahmen und Kriegshandlungen;0;0
Y40-Y84;Komplikationen bei der medizinischen und chirurgischen Behandlung;0;0
Z00-Z13;Personen, die das Gesundheitswesen zur Untersuchung und Abklärung in Anspruch nehmen;99;8676
Z20-Z29;Personen mit potentiellen Gesundheitsrisiken hinsichtlich übertragbarer Krankheiten;30;442
Z30-Z39;Personen, die das Gesundheitswesen im Zusammenhang mit Problemen der Reproduktion in Anspruch nehmen;8;12
Z40-Z54;Personen, die das Gesundheitswesen zum Zwecke spezifischer Maßnahmen und zur medizinischen Betreuung in Anspruch nehmen;166;28914
Z55-Z65;Personen mit potentiellen Gesundheitsrisiken aufgrund sozioökonomischer oder psychosozialer Umstände;3;20
Z70-Z76;Personen, die das Gesundheitswesen aus sonstigen Gründen in Anspruch nehmen;16;92
Z80-Z99;Personen mit potentiellen Gesundheitsrisiken aufgrund der Familien- oder Eigenanamnese und bestimmte Zustände, die den Gesundheitszustand beeinflussen;70;1011
