﻿DRG;name;Relativgewicht;AnzahlBA;AntAnGesFallzahl
A09C;Beatmung > 499 Stunden oder > 249 Stunden mit int. Komplexbeh. > 2352 / 1932 / 2208 P., mit komplexer OR-Prozedur oder Polytrauma oder int. Komplexbeh. > 1754 / 1656 / 2208 P. oder mit komplizierender Konstellation oder Alter < 16 Jahre;18,015;1;0,00
A09D;Beatmung > 499 Stunden, ohne komplexe OR-Prozedur, ohne Polytrauma, Alter > 15 Jahre, ohne komplizierende Konstellation, mit intensivmedizinischer Komplexbehandlung > 1470 / 1380 / 1656 und < 1765 / 1657 / 2209 Aufwandspunkte;17,333;3;0,00
A09E;Beatmung > 499 Stunden, ohne komplexe OR-Prozedur, ohne Polytrauma, Alter > 15 Jahre, ohne komplizierende Konstellation, mit intensivmedizinischer Komplexbehandlung > 1176 / 1104 / 1380 u. < 1471 / 1381 / 1657 Punkte, mit komplexer Diagnose oder Prozedur;15,127;2;0,00
A09F;Beatmung > 499 Stunden, ohne komplexe OR-Prozedur, ohne Polytrauma, Alter > 15 Jahre, ohne komplizierende Konstellation, ohne intensivmedizinische Komplexbehandlung > 1176 / 1104 / 1380 Aufwandspunkte, ohne komplexe Diagnose oder Prozedur;13,258;6;0,00
A11E;Beatmung > 249 Stunden, mit komplexer OR-Prozedur, ohne hochkomplexen Eingriff, ohne int. Komplexbeh. > 1764 / 1656 / 1656 P., ohne kompliz. Konstellation, Alter > 15 Jahre oder mit intensivmedizinischer Komplexbehandlung > 588 / 828 / - Aufwandspunkte;11,304;4;0,00
A11F;Beatmung > 249 Stunden oder > 95 Stunden mit intensivmedizinischer Komplexbehandlung > 1764 / 1656 / 1656 Aufwandspunkte, mit bestimmter OR-Prozedur oder kompliz. Konstellation oder intensivmed. Komplexbehandlung > - / - / 1104 P. oder Alter < 6 Jahre;9,991;4;0,00
D01B;Kochleaimplantation, unilateral;8,778;14;0,00
A11H;Beatmung > 249 Stunden, ohne komplexe oder bestimmte OR-Prozedur, ohne IntK > 588 / 828 / 1104 Punkte, ohne komplizierende Konstellation, Alter > 15 Jahre, ohne komplexe Diagnose oder Prozedur, ohne schwerste CC, mit äußerst schweren CC;8,48;2;0,00
A13D;Beatmung > 95 Stunden mit komplexer OR-Prozedur, ohne hochkompl. od. sehr kompl. Eingriff, ohne intensivmed. Komplexbeh. > 1176 / 1104 / 1104 Punkte, ohne kompliz. Konst., ohne Eingr. bei angeb. Fehlbild. od. mit intensivmed. Komplexbeh. > - / 828 / - P.;7,903;13;0,00
A15C;Knochenmarktransplantation / Stammzelltransfusion, autogen, außer bei Plasmozytom, Alter > 15 Jahre, ohne bestimmte Entnahme, ohne Stammzellboost oder bei Plasmozytom, mit bestimmter Entnahme oder Stammzellboost oder IntK > 392 / 368 / 368 Punkte;7,287;5;0,00
A13E;Beatmung > 95 Stunden, ohne komplexe OR-Prozedur, mit bestimmter OR-Prozedur oder komplizierender Konstellation oder mit intensivmedizinischer Komplexbehandlung > 588 / 552 / 552 Aufwandspunkte und < 1177 / 829 / 1105 Aufwandspunkte od. Alter < 16 Jahre;6,785;8;0,00
A11I;Beatmung > 249 Stunden, ohne komplexe oder bestimmte OR-Prozedur, ohne IntK > 588 / 828 / 1104 Punkte, ohne komplizierende Konstellation, Alter > 15 Jahre, ohne komplexe Diagnose oder Prozedur, ohne schwerste CC, ohne äußerst schwere CC;6,65;5;0,00
D02A;Komplexe Resektionen mit Rekonstruktionen an Kopf und Hals mit komplexem Eingriff oder mit Kombinationseingriff mit äußerst schweren CC;6,023;10;0,00
I06C;Komplexe Eingriffe an der Wirbelsäule mit bestimmtem Eingriff an Wirbelsäule ohne schwere entzündliche Erkrankung oder ohne bestimmten Eingriff an Wirbelsäule;5,743;10;0,00
I98Z;Komplexe Vakuumbehandlung bei Krankheiten und Störungen an Muskel-Skelett-System und Bindegewebe;5,294;12;0,00
F01D;Implantation Kardioverter / Defibrillator (AICD), Ein-Kammer-Stimulation, mit zusätzlichem Herz- oder Gefäßeingriff oder intensmed. Kompl. > 392 / 368 / - Aufwandspunkte;5,288;7;0,00
R05Z;Strahlentherapie bei hämatologischen und soliden Neubildungen, mehr als 9 Bestrahlungen oder bei akuter myeloischer Leukämie, Alter < 19 Jahre oder mit äußerst schweren CC;5,229;17;0,00
A13F;Beatmung > 95 Stunden, ohne bestimmte OR-Prozedur, ohne komplizierende Konstellation, ohne intensivmed. Komplexbeh. > 588 / 552 / 552 Aufwandspunkte, Alter > 15 Jahre, mit komplexer Diagnose oder Prozedur od. intensivmed. Komplexbeh. > - / 368 / - Punkte;5,228;4;0,00
I09A;Bestimmte Eingriffe an der Wirbelsäule, mit sehr komplexer Osteosynthese und äußerst schweren CC oder mehrzeitiger komplexer Eingriff oder komplexer Eingriff mit Wirbelkörperersatz oder verschiedene komplexe Eingriffe an mehreren Segmenten;5,197;35;0,0001
I01Z;Beidseitige Eingriffe oder mehrere große Eingriffe an Gelenken der unteren Extremität mit komplexer Diagnose;5,047;64;0,0001
