﻿DRG;name;Relativgewicht;AnzahlBA;AntAnGesFallzahl
P60C;Neugeborenes, verlegt < 5 Tage nach Aufnahme ohne signifikante OR-Prozedur, nicht zuverlegt, ohne Beatmung > 24 Stunden (Mindestverweildauer 24 Stunden für das Krankenhaus, in dem die Geburt stattfindet);0,103;1060;0,002
C64Z;Glaukom, Katarakt und Erkrankungen des Augenlides;0,197;1570;0,0029
P67D;Neugeborener Einling, Aufnahmegewicht > 2499 g ohne OR-Prozedur, ohne Beatmung > 95 Stunden, ohne schweres Problem, ohne anderes Problem oder ein Belegungstag;0,225;37515;0,0701
D62Z;Blutung aus Nase und Rachen oder Otitis media oder Infektionen der oberen Atemwege, Alter > 2 Jahre;0,239;2407;0,0045
E63B;Schlafapnoesyndrom oder kardiorespiratorische Polysomnographie oder Polygraphie bis 2 Belegungstage, Alter > 15 Jahre;0,239;2328;0,0044
E78Z;Kontrolle oder Optimierung einer bestehenden häuslichen Beatmung, bis 2 Belegungstage;0,243;78;0,0001
L64C;Harnsteine und Harnwegsobstruktion ohne äußerst schwere oder schwere CC oder Urethrastriktur, andere leichte bis moderate Erkrankung der Harnorgane, bestimmte Beschwerden und Symptome der Harnorgane, ein Belegungstag, Alter > 13 Jahre;0,245;4167;0,0078
G67C;Ösophagitis, Gastroenteritis, gastrointestinale Blutung, Ulkuserkrankung und verschiedene Erkrankungen der Verdauungsorgane ohne bestimmte oder andere komplizierende Faktoren, ohne äußerst schwere CC;0,271;4183;0,0078
N62B;Menstruationsstörungen und andere Erkrankungen der weiblichen Geschlechtsorgane ohne komplexe Diagnose;0,275;286;0,0005
O65B;Andere vorgeburtliche stationäre Aufnahme ohne äußerst schwere oder schwere CC, ohne komplexe Diagnose, ohne komplizierenden Eingriff, mehr als ein Belegungstag;0,277;5312;0,0099
O63Z;Abort ohne Dilatation und Kürettage, Aspirationskürettage oder Hysterotomie;0,281;171;0,0003
B80Z;Andere Kopfverletzungen;0,294;396;0,0007
C07B;Andere Eingriffe bei Glaukom ohne extrakapsuläre Extraktion der Linse (ECCE);0,298;1078;0,002
P66D;Neugeborenes, Aufnahmegewicht 2000 - 2499 g ohne signifikante OR-Prozedur, ohne Beatmung > 95 Stunden, ohne Problem oder neugeborener Mehrling, Aufnahmegewicht > 2499 g ohne OR-Prozedur, ohne Beatmung > 95 Stunden, ohne Problem oder ein Belegungstag;0,302;700;0,0013
O61Z;Stationäre Aufnahme nach Entbindung oder Abort ohne OR-Prozedur, ohne bestimmten Eingriff an der Mamma;0,31;399;0,0007
Z64D;Andere Faktoren, die den Gesundheitszustand beeinflussen und Nachbehandlung nach abgeschlossener Behandlung ohne Radiojoddiagnostik, ohne bestimmten Kontaktanlass;0,314;773;0,0014
G72B;Andere leichte bis moderate Erkrankungen der Verdauungsorgane, Alter > 2 Jahre oder Abdominalschmerz oder mesenteriale Lymphadenitis, Alter > 2 Jahre und Alter < 56 Jahre oder ohne CC;0,315;1837;0,0034
X64Z;Andere Krankheit verursacht durch Verletzung, Vergiftung oder toxische Wirkung;0,321;156;0,0003
P67C;Neugeborenes, Aufnahmegewicht > 2499 g ohne signifikante OR-Prozedur, ohne Beatmung > 95 Stunden, mit anderem Problem, mehr als ein Belegungstag oder mit nicht signifikanter OR-Prozedur, ohne komplizierende Diagnose;0,325;1340;0,0025
D66Z;Andere Krankheiten an Ohr, Nase, Mund und Hals;0,326;713;0,0013
