﻿EntlGrdName;Anzahl BA;sortnr
Behandlung beendet (01, 03, 04);510589;9
Behandlung beendet, nachstat. Beh. vorgesehen (02, 14, 15);3442;10
Tod;1489;11
Verlegung (E) in ein anderes Krankenhaus;6989;12
Verlegung (E) in ein anderes Krankenhaus im Rahmen einer Kooperation;313;13
Externe Verlegung (E) zur psych. Behandlung;14;14
Fallabschluss (interne Verlegung) mit Wechsel zwischen voll- und teilstationärer Behandlung;2;15
Entlassung in andere Versorgungseinrichtung (099, 109, 119);12191;16
Interne Verlegung zwischen den Entgeltbereichen der DRG-Fallpauschalen, nach der BPflV oder für besondere Einrichtungen nach § 17 Abs. 1 Satz 15 KHG;21;17
Zuständigkeitswechsel des Kostenträgers;5;18
Entlassungen/Verlegungen gesamt;535055;20
