﻿viersteller;vierstellername;AnzahlBA;Anzahl KH;mwNennungenKH;antKHTop10Prozent;antKHTop20Prozent;antKHTop30Prozent;antKHTop40Prozent;antKHTop50Prozent
5-010;Schädeleröffnung über die Kalotte;139;7;19,8571;0,7482;0,7482;0,9209;0,9496;0,9712
5-011;Zugang durch die Schädelbasis;77;10;7,70;0,6623;0,8442;0,8831;0,9091;0,9351
5-012;Inzision der Schädelknochen [Kraniotomie und Kraniektomie];7;5;1,40;0,4286;0,4286;0,5714;0,5714;0,7143
5-013;Inzision von Gehirn und Hirnhäuten;61;2;30,50;0,6885;0,6885;0,6885;0,6885;0,6885
5-014;Stereotaktische Operationen an Schädel, Gehirn und Hirnhäuten;0;0;0;0;0;0;0;0
5-015;Exzision und Destruktion von erkranktem intrakraniellem Gewebe;50;4;12,50;0,82;0,82;0,82;0,94;0,94
5-016;Exzision und Destruktion von erkranktem Gewebe der Schädelknochen;20;13;1,5385;0,15;0,40;0,50;0,60;0,70
5-017;Inzision, Resektion und Destruktion an intrakraniellen Anteilen von Hirnnerven und Ganglien;69;3;23,00;0,7826;0,7826;0,7826;0,7826;0,9855
5-018;Mikrovaskuläre Dekompression von intrakraniellen Nerven;-999;-999;-999,00;-9,99;-9,99;-9,99;-9,99;-9,99
5-020;Kranioplastik;27;8;3,375;0,4074;0,7407;0,7407;0,8148;0,8519
5-021;Rekonstruktion der Hirnhäute;114;31;3,6774;0,6667;0,7544;0,807;0,8333;0,8684
5-022;Inzision am Liquorsystem;11;3;3,6667;0,6364;0,6364;0,6364;0,6364;0,9091
5-023;Anlegen eines Liquorshuntes [Shunt-Implantation];20;3;6,6667;0,80;0,80;0,80;0,80;0,95
5-024;Revision und Entfernung von Liquorableitungen;18;7;2,5714;0,50;0,50;0,7222;0,7778;0,8333
5-025;Inzision, Exzision, Destruktion und Verschluss von intrakraniellen Blutgefäßen;0;0;0;0;0;0;0;0
5-026;Rekonstruktion von intrakraniellen Blutgefäßen;0;0;0;0;0;0;0;0
5-027;Anlegen eines Bypasses und Transposition von intrakraniellen Blutgefäßen;0;0;0;0;0;0;0;0
5-028;Funktionelle Eingriffe an Schädel, Gehirn und Hirnhäuten;2;2;1,00;0,50;0,50;0,50;0,50;0,50
5-029;Andere Operationen an Schädel, Gehirn und Hirnhäuten;0;0;0;0;0;0;0;0
5-030;Zugang zum kraniozervikalen Übergang und zur Halswirbelsäule;1145;32;35,7813;0,3109;0,4795;0,6541;0,7485;0,821
5-031;Zugang zur Brustwirbelsäule;109;17;6,4118;0,5872;0,6789;0,8165;0,8716;0,9083
5-032;Zugang zur Lendenwirbelsäule, zum Os sacrum und zum Os coccygis;8039;48;167,4792;0,4339;0,6259;0,7419;0,8429;0,9042
5-033;Inzision des Spinalkanals;700;34;20,5882;0,4029;0,7414;0,8471;0,9014;0,9286
5-034;Inzision von Rückenmark und Rückenmarkhäuten;4;3;1,3333;0,50;0,50;0,50;0,50;0,75
5-035;Exzision und Destruktion von erkranktem Gewebe des Rückenmarkes und der Rückenmarkhäute;179;20;8,95;0,5084;0,7318;0,8268;0,8939;0,933
5-036;Plastische Operationen an Rückenmark und Rückenmarkhäuten;447;27;16,5556;0,4855;0,6085;0,7517;0,8568;0,9172
5-037;Operationen an intraspinalen Blutgefäßen;167;3;55,6667;0,988;0,988;0,988;0,988;0,994
5-038;Operationen am spinalen Liquorsystem;664;15;44,2667;0,7184;0,8208;0,9187;0,9428;0,9669
5-039;Andere Operationen an Rückenmark und Rückenmarkstrukturen;317;11;28,8182;0,429;0,7256;0,8675;0,9306;0,9842
5-040;Inzision von Nerven;12;9;1,3333;0,1667;0,3333;0,50;0,5833;0,6667
5-041;Exzision und Destruktion von (erkranktem) Gewebe von Nerven;234;61;3,8361;0,4573;0,6282;0,7308;0,8077;0,8675
5-042;Exzision eines Nerven zur Transplantation;3;3;1,00;0,3333;0,3333;0,3333;0,3333;0,6667
5-043;Sympathektomie;-999;-999;-999,00;-9,99;-9,99;-9,99;-9,99;-9,99
5-044;Epineurale Naht eines Nerven und Nervenplexus, primär;10;10;1,00;0,10;0,20;0,30;0,40;0,50
5-045;Interfaszikuläre Naht eines Nerven und Nervenplexus, primär;4;3;1,3333;0,50;0,50;0,50;0,50;0,75
5-046;Epineurale Naht eines Nerven und Nervenplexus, sekundär;3;2;1,50;0,6667;0,6667;0,6667;0,6667;0,6667
5-047;Interfaszikuläre Naht eines Nerven und Nervenplexus, sekundär;3;3;1,00;0,3333;0,3333;0,3333;0,3333;0,6667
5-048;Epineurale Naht eines Nerven und Nervenplexus mit Transplantation;0;0;0;0;0;0;0;0
5-049;Interfaszikuläre Naht eines Nerven und Nervenplexus mit Transplantation;0;0;0;0;0;0;0;0
5-04a;Perkutane Sympathikolyse mit Steuerung durch bildgebende Verfahren;3;3;1,00;0,3333;0,3333;0,3333;0,3333;0,6667
5-050;Epineurale Naht eines Nerven und Nervenplexus mit Transposition, primär;-999;-999;-999,00;-9,99;-9,99;-9,99;-9,99;-9,99
5-051;Interfaszikuläre Naht eines Nerven und Nervenplexus mit Transposition, primär;-999;-999;-999,00;-9,99;-9,99;-9,99;-9,99;-9,99
5-052;Epineurale Naht eines Nerven und Nervenplexus mit Transposition, sekundär;0;0;0;0;0;0;0;0
5-053;Interfaszikuläre Naht eines Nerven und Nervenplexus mit Transposition, sekundär;-999;-999;-999,00;-9,99;-9,99;-9,99;-9,99;-9,99
5-054;Epineurale Naht eines Nerven und Nervenplexus mit Transplantation und Transposition;3;3;1,00;0,3333;0,3333;0,3333;0,3333;0,6667
5-055;Interfaszikuläre Naht eines Nerven und Nervenplexus mit Transplantation und Transposition;4;3;1,3333;0,50;0,50;0,50;0,50;0,75
5-056;Neurolyse und Dekompression eines Nerven;2171;165;13,1576;0,5546;0,7421;0,8425;0,8987;0,9332
5-057;Neurolyse und Dekompression eines Nerven mit Transposition;408;52;7,8462;0,5809;0,7721;0,8627;0,9044;0,9314
5-058;Andere Rekonstruktion eines Nerven und Nervenplexus;2;2;1,00;0,50;0,50;0,50;0,50;0,50
5-059;Andere Operationen an Nerven und Ganglien;185;15;12,3333;0,4432;0,5459;0,6973;0,7676;0,8865
5-060;Inzision im Gebiet der Schilddrüse;20;12;1,6667;0,25;0,35;0,55;0,65;0,70
5-061;Hemithyreoidektomie;421;32;13,1563;0,4798;0,6817;0,8504;0,9026;0,943
5-062;Andere partielle Schilddrüsenresektion;369;49;7,5306;0,6043;0,7371;0,8211;0,8808;0,9241
5-063;Thyreoidektomie;648;30;21,60;0,4429;0,6744;0,8056;0,8935;0,9398
5-064;Operationen an der Schilddrüse durch Sternotomie;0;0;0;0;0;0;0;0
5-065;Exzision des Ductus thyreoglossus;195;91;2,1429;0,2974;0,4615;0,5897;0,6821;0,7692
5-066;Partielle Nebenschilddrüsenresektion;15;4;3,75;0,7333;0,7333;0,7333;0,8667;0,8667
5-067;Parathyreoidektomie;33;7;4,7143;0,5152;0,5152;0,6364;0,7576;0,8485
5-068;Operationen an der Nebenschilddrüse durch Sternotomie;0;0;0;0;0;0;0;0
5-069;Andere Operationen an Schilddrüse und Nebenschilddrüsen;1345;36;37,3611;0,5859;0,7428;0,858;0,9093;0,9539
5-070;Exploration der (Umgebung der) Nebenniere;0;0;0;0;0;0;0;0
5-071;Partielle Adrenalektomie;4;3;1,3333;0,50;0,50;0,50;0,50;0,75
5-072;Adrenalektomie;24;15;1,60;0,375;0,50;0,5833;0,625;0,7083
5-073;Andere Operationen an der Nebenniere;-999;-999;-999,00;-9,99;-9,99;-9,99;-9,99;-9,99
5-074;Exzision und Resektion von erkranktem Gewebe des Corpus pineale;0;0;0;0;0;0;0;0
5-075;Exzision und Resektion von erkranktem Gewebe der Hypophyse;2;2;1,00;0,50;0,50;0,50;0,50;0,50
5-076;Andere Operationen an der Hypophyse;0;0;0;0;0;0;0;0
5-077;Exzision und Resektion des Thymus;-999;-999;-999,00;-9,99;-9,99;-9,99;-9,99;-9,99
5-078;Andere Operationen am Thymus;0;0;0;0;0;0;0;0
5-079;Operationen an anderen endokrinen Drüsen;0;0;0;0;0;0;0;0
5-080;Inzision der Tränendrüse;0;0;0;0;0;0;0;0
5-081;Exzision von (erkranktem) Gewebe der Tränendrüse;3;3;1,00;0,3333;0,3333;0,3333;0,3333;0,6667
5-082;Andere Operationen an der Tränendrüse;10;2;5,00;0,90;0,90;0,90;0,90;0,90
5-084;Inzision von Tränensack und sonstigen Tränenwegen;60;14;4,2857;0,7333;0,8167;0,8333;0,8667;0,8833
5-085;Exzision von erkranktem Gewebe an Tränensack und sonstigen Tränenwegen;73;12;6,0833;0,589;0,6986;0,8219;0,863;0,8904
5-086;Rekonstruktion des Tränenkanals und Tränenpunktes;436;14;31,1429;0,5092;0,9564;0,9679;0,9794;0,9839
5-087;Dakryozystorhinostomie;386;59;6,5424;0,6114;0,7306;0,8031;0,8575;0,9016
5-088;Andere Rekonstruktion der Tränenwege;179;12;14,9167;0,8939;0,933;0,9553;0,9609;0,9665
5-089;Andere Operationen an den Tränenwegen;11;7;1,5714;0,2727;0,2727;0,4545;0,6364;0,7273
5-090;Inzision des (erkrankten) Augenlides;18;6;3,00;0,7222;0,7222;0,7778;0,7778;0,8333
5-091;Exzision und Destruktion von (erkranktem) Gewebe des Augenlides;656;60;10,9333;0,7363;0,8582;0,9101;0,9345;0,9527
5-092;Operationen an Kanthus und Epikanthus;395;26;15,1923;0,838;0,9013;0,9392;0,9519;0,9671
5-093;Korrekturoperation bei Entropium und Ektropium;857;53;16,1698;0,8238;0,8985;0,9312;0,9557;0,9697
5-094;Korrekturoperation bei Blepharoptosis;569;26;21,8846;0,7979;0,8401;0,8963;0,9227;0,9473
5-095;Naht des Augenlides;377;24;15,7083;0,8912;0,9337;0,9469;0,9629;0,9682
5-096;Andere Rekonstruktion der Augenlider;1029;51;20,1765;0,8571;0,9067;0,9397;0,9582;0,9728
5-097;Blepharoplastik;1025;50;20,50;0,9083;0,9385;0,9541;0,9668;0,9756
5-098;Vertikale Lidverlängerung;25;8;3,125;0,44;0,68;0,68;0,80;0,84
5-099;Andere Operationen am Augenlid;10;8;1,25;0,20;0,40;0,40;0,50;0,60
5-10a;Verstärkende Eingriffe an einem geraden Augenmuskel;77;14;5,50;0,3247;0,5325;0,6104;0,7403;0,7922
5-10b;Schwächende Eingriffe an einem geraden Augenmuskel;65;18;3,6111;0,3692;0,5538;0,6308;0,7538;0,8154
5-10c;Chirurgie der Abrollstrecke (Faden-Operation, Myopexie);35;7;5,00;0,7429;0,7429;0,8571;0,8857;0,9143
5-10d;Transposition eines geraden Augenmuskels;15;5;3,00;0,60;0,60;0,80;0,80;0,8667
5-10e;Andere Operationen an den geraden Augenmuskeln;30;12;2,50;0,3333;0,60;0,7333;0,7667;0,80
5-10f;Verstärkende Eingriffe an einem schrägen Augenmuskel;11;8;1,375;0,1818;0,3636;0,3636;0,5455;0,6364
5-10g;Schwächende Eingriffe an einem schrägen Augenmuskel;40;8;5,00;0,675;0,775;0,775;0,85;0,90
5-10h;Transposition eines schrägen Augenmuskels;-999;-999;-999,00;-9,99;-9,99;-9,99;-9,99;-9,99
5-10j;Andere Operationen an den schrägen Augenmuskeln;6;3;2,00;0,50;0,50;0,50;0,50;0,8333
5-10k;Kombinierte Operationen an den Augenmuskeln;520;31;16,7742;0,3769;0,6231;0,7788;0,8635;0,9385
5-10m;Andere Operationen an den Augenmuskeln;0;0;0;0;0;0;0;0
5-110;Operative Entfernung eines Fremdkörpers aus der Konjunktiva;0;0;0;0;0;0;0;0
5-112;Exzision und Destruktion von (erkranktem) Gewebe der Konjunktiva;66;19;3,4737;0,4697;0,697;0,7727;0,8333;0,8636
5-113;Konjunktivaplastik;96;19;5,0526;0,4583;0,6458;0,7604;0,8333;0,8854
5-114;Lösung von Adhäsionen zwischen Konjunktiva und Augenlid;6;4;1,50;0,3333;0,3333;0,3333;0,6667;0,6667
5-115;Naht der Konjunktiva;678;20;33,90;0,7242;0,8982;0,9499;0,9676;0,9794
5-119;Andere Operationen an der Konjunktiva;12;7;1,7143;0,4167;0,4167;0,5833;0,6667;0,75
5-120;Operative Entfernung eines Fremdkörpers aus der Kornea;8;2;4,00;0,75;0,75;0,75;0,75;0,75
5-121;Inzision der Kornea;-999;-999;-999,00;-9,99;-9,99;-9,99;-9,99;-9,99
5-122;Operationen bei Pterygium;338;33;10,2424;0,5592;0,7722;0,8462;0,8994;0,9408
5-123;Exzision und Destruktion von (erkranktem) Gewebe der Kornea;196;24;8,1667;0,3469;0,6327;0,7449;0,8622;0,898
5-124;Naht der Kornea;296;29;10,2069;0,5236;0,7939;0,8885;0,9291;0,9493
5-125;Hornhauttransplantation und Keratoprothetik;877;31;28,2903;0,488;0,6727;0,8153;0,8928;0,9567
5-126;Refraktive Keratoplastik und andere Rekonstruktion der Kornea;48;7;6,8571;0,375;0,375;0,5625;0,7292;0,8542
5-129;Andere Operationen an der Kornea;301;28;10,75;0,691;0,8106;0,8571;0,9037;0,9402
5-130;Operative Entfernung eines Fremdkörpers aus der vorderen Augenkammer;4;2;2,00;0,75;0,75;0,75;0,75;0,75
5-131;Senkung des Augeninnendruckes durch filtrierende Operationen;1580;51;30,9804;0,7006;0,8114;0,8684;0,9063;0,943
5-132;Senkung des Augeninnendruckes durch Operationen am Corpus ciliare;900;50;18,00;0,5322;0,7311;0,8289;0,8889;0,9344
5-133;Senkung des Augeninnendruckes durch Verbesserung der Kammerwasserzirkulation;1839;45;40,8667;0,6667;0,8673;0,9222;0,9532;0,9744
5-134;Senkung des Augeninnendruckes durch nicht filtrierende Operationen;667;24;27,7917;0,5622;0,8156;0,8786;0,934;0,955
5-135;Exzision und Destruktion von erkranktem Gewebe an Iris, Corpus ciliare und Sklera;25;9;2,7778;0,52;0,68;0,76;0,80;0,84
5-136;Andere Iridektomie und Iridotomie;63;22;2,8636;0,2698;0,4762;0,6508;0,7143;0,7778
5-137;Andere Operationen an der Iris;589;45;13,0889;0,4482;0,6655;0,7861;0,8557;0,9134
5-138;Operationen an der Sklera;575;17;33,8235;0,793;0,8626;0,9426;0,9739;0,9843
5-139;Andere Operationen an Sklera, vorderer Augenkammer, Iris und Corpus ciliare;2582;52;49,6538;0,5724;0,8211;0,9225;0,9504;0,9694
5-140;Entfernung eines Fremdkörpers aus der Augenlinse;-999;-999;-999,00;-9,99;-9,99;-9,99;-9,99;-9,99
5-142;Kapsulotomie der Linse;708;35;20,2286;0,654;0,8107;0,9096;0,9407;0,9605
5-143;Intrakapsuläre Extraktion der Linse;46;28;1,6429;0,2826;0,4348;0,5217;0,6304;0,6957
5-144;Extrakapsuläre Extraktion der Linse [ECCE];25161;128;196,5703;0,4363;0,6271;0,7584;0,8509;0,9161
5-145;Andere Linsenextraktionen;314;44;7,1364;0,4522;0,6497;0,758;0,8439;0,8885
5-146;(Sekundäre) Einführung und Wechsel einer alloplastischen Linse;643;59;10,8983;0,5179;0,647;0,7512;0,8289;0,8927
5-147;Revision und Entfernung einer alloplastischen Linse;272;47;5,7872;0,5221;0,6654;0,7647;0,8456;0,8897
5-149;Andere Operationen an der Linse;2992;43;69,5814;0,7747;0,9215;0,9549;0,9686;0,9813
5-150;Entfernung eines Fremdkörpers aus dem hinteren Augenabschnitt;6;4;1,50;0,3333;0,3333;0,3333;0,6667;0,6667
5-152;Fixation der Netzhaut durch eindellende Operationen;232;31;7,4839;0,5216;0,6767;0,7716;0,8362;0,8922
5-153;Revision, Wechsel und Entfernung einer Cerclage oder Plombe, die zur Fixation der Netzhaut angelegt wurde;26;14;1,8571;0,1538;0,3846;0,50;0,6538;0,7308
5-154;Andere Operationen zur Fixation der Netzhaut;3731;53;70,3962;0,4267;0,6939;0,7979;0,8724;0,9279
5-155;Destruktion von erkranktem Gewebe an Retina und Choroidea;2630;50;52,60;0,7856;0,8722;0,916;0,9471;0,9681
5-156;Andere Operationen an der Retina;1650;46;35,8696;0,4848;0,6388;0,7933;0,8752;0,9327
5-157;Andere Operationen an der Choroidea;32;7;4,5714;0,4063;0,4063;0,7188;0,8125;0,875
5-158;Pars-plana-Vitrektomie;10427;63;165,5079;0,4709;0,6697;0,7581;0,8333;0,9028
5-159;Vitrektomie über anderen Zugang und andere Operationen am Corpus vitreum;4883;68;71,8088;0,6279;0,8003;0,8921;0,949;0,9787
5-160;Orbitotomie;215;19;11,3158;0,693;0,8093;0,8744;0,9163;0,9395
5-161;Entfernung eines Fremdkörpers aus Orbita und Augapfel, n.n.bez.;11;7;1,5714;0,2727;0,2727;0,5455;0,6364;0,7273
5-162;Entfernung des Augeninhaltes [Eviszeration];2;2;1,00;0,50;0,50;0,50;0,50;0,50
5-163;Entfernung des Augapfels [Enukleation];46;16;2,875;0,3261;0,4565;0,6304;0,6739;0,7609
5-164;Andere Exzision, Destruktion und Exenteration der Orbita und Orbitainnenhaut;21;11;1,9091;0,1429;0,2857;0,4286;0,5714;0,7619
5-165;Sekundäre Einführung, Revision und Entfernung eines Orbitaimplantates;10;4;2,50;0,40;0,40;0,40;0,70;0,70
5-166;Revision und Rekonstruktion von Orbita und Augapfel;18;10;1,80;0,3333;0,50;0,6111;0,6667;0,7222
5-167;Rekonstruktion der Orbitawand;18;10;1,80;0,1667;0,3333;0,50;0,6111;0,7222
5-168;Operationen am N. opticus;-999;-999;-999,00;-9,99;-9,99;-9,99;-9,99;-9,99
5-169;Andere Operationen an Orbita, Auge und Augapfel;124;16;7,75;0,6129;0,7177;0,8629;0,9032;0,9355
5-180;Inzision am äußeren Ohr;43;22;1,9545;0,4186;0,5116;0,6512;0,6977;0,7442
5-181;Exzision und Destruktion von erkranktem Gewebe des äußeren Ohres;556;141;3,9433;0,4892;0,6421;0,7392;0,8058;0,8597
5-182;Resektion der Ohrmuschel;157;73;2,1507;0,2548;0,465;0,5987;0,6879;0,7707
5-183;Wundversorgung am äußeren Ohr;20;12;1,6667;0,25;0,40;0,60;0,65;0,70
5-184;Plastische Korrektur abstehender Ohren;370;118;3,1356;0,4054;0,5676;0,6649;0,7486;0,8135
5-185;Konstruktion und Rekonstruktion des äußeren Gehörganges;1678;124;13,5323;0,6234;0,7729;0,8546;0,907;0,938
5-186;Plastische Rekonstruktion von Teilen der Ohrmuschel;115;51;2,2549;0,2957;0,4522;0,5826;0,6696;0,7739
5-187;Plastische Rekonstruktion der gesamten Ohrmuschel;11;5;2,20;0,6364;0,6364;0,7273;0,7273;0,8182
5-188;Andere Rekonstruktion des äußeren Ohres;33;21;1,5714;0,2727;0,4545;0,5455;0,6061;0,697
5-189;Andere Operationen am äußeren Ohr;711;77;9,2338;0,5345;0,7201;0,8298;0,8959;0,9353
5-192;Revision einer Stapedektomie;62;22;2,8182;0,4032;0,5645;0,7097;0,7742;0,8226
5-193;Andere Operationen an den Gehörknöchelchen;19;7;2,7143;0,6842;0,6842;0,7368;0,7895;0,8421
5-194;Myringoplastik [Tympanoplastik Typ I];603;132;4,5682;0,476;0,6418;0,7446;0,8126;0,8723
5-195;Tympanoplastik (Verschluss einer Trommelfellperforation und Rekonstruktion der Gehörknöchelchen);3638;153;23,7778;0,4582;0,6473;0,7653;0,8436;0,9027
5-197;Stapesplastik;449;75;5,9867;0,4187;0,5947;0,7171;0,7973;0,853
5-198;Fensterungsoperation des Promotoriums;69;3;23,00;0,8696;0,8696;0,8696;0,8696;0,942
5-199;Andere mikrochirurgische Operationen am Mittelohr;51;15;3,40;0,7255;0,7647;0,8039;0,8235;0,8627
5-200;Parazentese [Myringotomie];6841;338;20,2396;0,5102;0,6907;0,7926;0,8619;0,913
5-201;Entfernung einer Paukendrainage;107;57;1,8772;0,3178;0,4673;0,5888;0,6822;0,7383
5-202;Inzision an Warzenfortsatz und Mittelohr;394;76;5,1842;0,4289;0,6269;0,7538;0,8274;0,8858
5-203;Mastoidektomie;437;70;6,2429;0,5126;0,7002;0,7895;0,8581;0,8993
5-204;Rekonstruktion des Mittelohres;830;70;11,8571;0,5747;0,7566;0,8506;0,8988;0,9361
5-205;Andere Exzisionen an Mittel- und Innenohr;472;46;10,2609;0,6419;0,7797;0,8729;0,9131;0,9428
5-208;Inzision [Eröffnung] und Destruktion [Ausschaltung] des Innenohres;21;8;2,625;0,4286;0,6667;0,6667;0,7619;0,8095
5-209;Andere Operationen am Mittel- und Innenohr;366;53;6,9057;0,4699;0,6913;0,7896;0,8634;0,9071
5-210;Operative Behandlung einer Nasenblutung;1351;176;7,6761;0,7158;0,8016;0,8586;0,8979;0,9282
5-211;Inzision der Nase;565;135;4,1852;0,6124;0,7239;0,7929;0,8389;0,8814
5-212;Exzision und Destruktion von erkranktem Gewebe der Nase;1367;192;7,1198;0,7235;0,804;0,8537;0,8932;0,921
5-213;Resektion der Nase;78;49;1,5918;0,2949;0,4231;0,5513;0,6282;0,6923
5-214;Submuköse Resektion und plastische Rekonstruktion des Nasenseptums;43557;413;105,4649;0,3991;0,5971;0,7249;0,8131;0,8779
5-215;Operationen an der unteren Nasenmuschel [Concha nasalis];59122;418;141,4402;0,4547;0,6483;0,7672;0,8481;0,9043
5-216;Reposition einer Nasenfraktur;566;145;3,9034;0,4081;0,5813;0,7032;0,7809;0,841
5-217;Plastische Rekonstruktion der äußeren Nase;1100;143;7,6923;0,6091;0,7673;0,8355;0,8764;0,9127
5-218;Plastische Rekonstruktion der inneren und äußeren Nase [Septorhinoplastik];3702;220;16,8273;0,5592;0,7131;0,8069;0,8701;0,9179
5-219;Andere Operationen an der Nase;29;27;1,0741;0,1724;0,2414;0,3448;0,4483;0,5517
5-220;Nasennebenhöhlenpunktion;101;30;3,3667;0,4653;0,6634;0,7327;0,7921;0,8515
5-221;Operationen an der Kieferhöhle;6562;333;19,7057;0,4599;0,6495;0,7653;0,8436;0,9003
5-222;Operation am Siebbein und an der Keilbeinhöhle;5468;294;18,5986;0,5115;0,6896;0,8016;0,8771;0,9234
5-223;Operationen an der Stirnhöhle;733;95;7,7158;0,5921;0,7531;0,8513;0,895;0,9291
5-224;Operationen an mehreren Nasennebenhöhlen;20098;329;61,0881;0,4278;0,6213;0,7473;0,8314;0,8939
5-225;Plastische Rekonstruktion der Nasennebenhöhlen;199;36;5,5278;0,6181;0,7387;0,8241;0,8693;0,9095
5-229;Andere Operationen an den Nasennebenhöhlen;225;49;4,5918;0,6844;0,7867;0,8356;0,8711;0,8933
5-230;Zahnextraktion;1052;75;14,0267;0,6065;0,7633;0,8688;0,9183;0,9506
5-231;Operative Zahnentfernung (durch Osteotomie);1994;73;27,3151;0,5045;0,7222;0,821;0,8857;0,9353
5-232;Zahnsanierung durch Füllung;164;24;6,8333;0,5305;0,7256;0,7927;0,8598;0,8963
5-233;Prothetischer Zahnersatz;13;8;1,625;0,2308;0,3846;0,3846;0,5385;0,6923
5-235;Replantation, Transplantation, Implantation und Stabilisierung eines Zahnes;63;22;2,8636;0,3492;0,4921;0,6667;0,746;0,8095
5-236;Entfernung eines transplantierten Zahnes;-999;-999;-999,00;-9,99;-9,99;-9,99;-9,99;-9,99
5-237;Wurzelspitzenresektion und Wurzelkanalbehandlung;116;31;3,7419;0,3966;0,5517;0,681;0,7845;0,8621
5-240;Inzision des Zahnfleisches und Osteotomie des Alveolarkammes;129;25;5,16;0,5659;0,6512;0,7597;0,814;0,876
5-241;Gingivaplastik;264;31;8,5161;0,6136;0,803;0,8598;0,9015;0,9356
5-242;Andere Operationen am Zahnfleisch;236;32;7,375;0,4195;0,6144;0,7585;0,8305;0,8856
5-243;Exzision einer odontogenen pathologischen Veränderung des Kiefers;677;52;13,0192;0,6632;0,771;0,8493;0,8996;0,9365
5-244;Alveolarkammplastik und Vestibulumplastik;543;42;12,9286;0,5138;0,7403;0,8582;0,9042;0,9337
5-245;Zahnfreilegung;13;7;1,8571;0,2308;0,2308;0,4615;0,6154;0,7692
5-249;Andere Operationen und Maßnahmen an Gebiss, Zahnfleisch und Alveolen;380;37;10,2703;0,5974;0,7553;0,8474;0,9026;0,9368
5-250;Inzision, Exzision und Destruktion von erkranktem Gewebe der Zunge;215;106;2,0283;0,307;0,4651;0,60;0,693;0,7535
5-251;Partielle Glossektomie;57;28;2,0357;0,3158;0,4737;0,5614;0,6667;0,7544
5-252;Glossektomie;9;6;1,50;0,2222;0,2222;0,4444;0,4444;0,6667
5-253;Rekonstruktion der Zunge;25;17;1,4706;0,24;0,32;0,48;0,60;0,68
5-259;Andere Operationen an der Zunge;138;67;2,0597;0,442;0,558;0,6594;0,7101;0,7609
5-260;Inzision und Schlitzung einer Speicheldrüse und eines Speicheldrüsenausführungsganges;57;37;1,5405;0,2807;0,4211;0,5439;0,614;0,6842
5-261;Exzision von erkranktem Gewebe einer Speicheldrüse und eines Speicheldrüsenausführungsganges;140;77;1,8182;0,30;0,4643;0,5786;0,6714;0,7286
5-262;Resektion einer Speicheldrüse;1230;174;7,069;0,3724;0,5764;0,7073;0,80;0,8634
5-263;Rekonstruktion einer Speicheldrüse und eines Speicheldrüsenausführungsganges;9;8;1,125;0,2222;0,3333;0,3333;0,4444;0,5556
5-269;Andere Operationen an Speicheldrüse und Speicheldrüsenausführungsgang;13;6;2,1667;0,6154;0,6154;0,6923;0,6923;0,7692
5-270;Äußere Inzision und Drainage im Mund-, Kiefer- und Gesichtsbereich;206;61;3,377;0,4272;0,6068;0,7136;0,7816;0,8495
5-271;Inzision des harten und weichen Gaumens;35;21;1,6667;0,2857;0,4571;0,5714;0,6286;0,7143
5-272;Exzision und Destruktion des (erkrankten) harten und weichen Gaumens;375;130;2,8846;0,4347;0,5973;0,6987;0,768;0,8267
5-273;Inzision, Exzision und Destruktion in der Mundhöhle;332;92;3,6087;0,5301;0,6536;0,75;0,8042;0,8584
5-274;Mundbodenplastik;28;16;1,75;0,1786;0,25;0,3929;0,4643;0,6071
5-275;Palatoplastik;622;129;4,8217;0,4807;0,6801;0,7765;0,8408;0,8826
5-276;Plastische Rekonstruktion einer (angeborenen) Lippenspalte und Lippen-Kieferspalte;62;16;3,875;0,4032;0,5323;0,7419;0,7903;0,871
5-277;Resektion des Mundbodens mit plastischer Rekonstruktion;24;12;2,00;0,25;0,4167;0,625;0,7083;0,75
5-278;Resektion der Wange mit plastischer Rekonstruktion;34;13;2,6154;0,5882;0,7059;0,7353;0,7647;0,8235
5-279;Andere Operationen am Mund;383;71;5,3944;0,7102;0,7781;0,8303;0,8668;0,9086
5-280;Transorale Inzision und Drainage eines pharyngealen oder parapharyngealen Abszesses;205;54;3,7963;0,4098;0,6098;0,7171;0,80;0,8488
5-281;Tonsillektomie (ohne Adenotomie);16812;369;45,561;0,3888;0,5758;0,7069;0,8053;0,8782
5-282;Tonsillektomie mit Adenotomie;10708;336;31,869;0,4162;0,6016;0,7315;0,8185;0,885
5-284;Exzision und Destruktion einer Zungengrundtonsille;545;65;8,3846;0,7578;0,8404;0,8917;0,9193;0,9413
5-285;Adenotomie (ohne Tonsillektomie);6413;332;19,3163;0,5727;0,7408;0,8374;0,8938;0,9319
5-289;Andere Operationen an Gaumen- und Rachenmandeln;2015;284;7,0951;0,5122;0,6844;0,7831;0,8471;0,8928
5-290;Pharyngotomie;8;8;1,00;0,125;0,25;0,25;0,375;0,50
5-291;Operationen an Kiemengangsresten;255;116;2,1983;0,302;0,4588;0,60;0,6863;0,7725
5-292;Exzision und Destruktion von erkranktem Gewebe des Pharynx;334;70;4,7714;0,6677;0,7784;0,8353;0,8743;0,8952
5-293;Pharyngoplastik;34;17;2,00;0,5294;0,5882;0,6471;0,7059;0,7647
5-294;Andere Rekonstruktionen des Pharynx;1431;191;7,4921;0,3857;0,594;0,7233;0,812;0,8742
5-295;Partielle Resektion des Pharynx [Pharynxteilresektion];30;21;1,4286;0,2333;0,3667;0,50;0,5667;0,6667
5-296;Radikale Resektion des Pharynx [Pharyngektomie];4;3;1,3333;0,50;0,50;0,50;0,50;0,75
5-299;Andere Operationen am Pharynx;17;12;1,4167;0,1765;0,2941;0,5294;0,5882;0,6471
5-300;Exzision und Destruktion von erkranktem Gewebe des Larynx;3049;289;10,5502;0,4487;0,6359;0,7557;0,8393;0,896
5-301;Hemilaryngektomie;4;4;1,00;0,25;0,25;0,25;0,50;0,50
5-302;Andere partielle Laryngektomie;149;49;3,0408;0,3826;0,557;0,6711;0,7517;0,8188
5-303;Laryngektomie;8;6;1,3333;0,25;0,25;0,50;0,50;0,625
5-310;Larynxverengende Eingriffe;20;10;2,00;0,25;0,45;0,55;0,65;0,75
5-311;Temporäre Tracheostomie;59;20;2,95;0,2542;0,4237;0,5763;0,6949;0,7797
5-312;Permanente Tracheostomie;43;21;2,0476;0,3023;0,5116;0,6279;0,6977;0,7674
5-313;Inzision des Larynx und andere Inzisionen der Trachea;28;21;1,3333;0,2143;0,3571;0,4643;0,5357;0,6429
5-314;Exzision, Resektion und Destruktion (von erkranktem Gewebe) der Trachea;14;10;1,40;0,2857;0,4286;0,50;0,5714;0,6429
5-315;Rekonstruktion des Larynx;17;10;1,70;0,2353;0,4118;0,5882;0,6471;0,7059
5-316;Rekonstruktion der Trachea;140;67;2,0896;0,35;0,4929;0,6071;0,7071;0,7643
5-319;Andere Operationen an Larynx und Trachea;35;18;1,9444;0,4286;0,5714;0,6286;0,6857;0,7429
5-320;Exzision und Destruktion von erkranktem Gewebe eines Bronchus;14;4;3,50;0,4286;0,4286;0,4286;0,7143;0,7143
5-321;Andere Exzision und Resektion eines Bronchus (ohne Resektion des Lungenparenchyms);0;0;0;0;0;0;0;0
5-322;Atypische Lungenresektion;-999;-999;-999,00;-9,99;-9,99;-9,99;-9,99;-9,99
5-323;Segmentresektion und Bisegmentresektion der Lunge;0;0;0;0;0;0;0;0
5-324;Einfache Lobektomie und Bilobektomie der Lunge;0;0;0;0;0;0;0;0
5-325;Erweiterte Lobektomie und Bilobektomie der Lunge;0;0;0;0;0;0;0;0
5-327;Einfache (Pleuro-)Pneum(on)ektomie;0;0;0;0;0;0;0;0
5-328;Erweiterte (Pleuro-)Pneum(on)ektomie;0;0;0;0;0;0;0;0
5-329;Andere Exzisionen an Lunge und Bronchus;0;0;0;0;0;0;0;0
5-330;Inzision eines Bronchus;7;3;2,3333;0,7143;0,7143;0,7143;0,7143;0,8571
5-331;Inzision der Lunge;0;0;0;0;0;0;0;0
5-333;Adhäsiolyse an Lunge und Brustwand;5;3;1,6667;0,40;0,40;0,40;0,40;0,80
5-334;Rekonstruktion an Lunge und Bronchien;0;0;0;0;0;0;0;0
5-335;Lungentransplantation;0;0;0;0;0;0;0;0
5-339;Andere Operationen an Lunge und Bronchien;48;2;24,00;0,9792;0,9792;0,9792;0,9792;0,9792
5-340;Inzision von Brustwand und Pleura;19;11;1,7273;0,3158;0,4737;0,5789;0,6316;0,7368
5-341;Inzision des Mediastinums;-999;-999;-999,00;-9,99;-9,99;-9,99;-9,99;-9,99
5-342;Exzision und Destruktion von erkranktem Gewebe des Mediastinums;0;0;0;0;0;0;0;0
5-343;Exzision und Destruktion von (erkranktem) Gewebe der Brustwand;54;11;4,9091;0,7037;0,7593;0,8148;0,8519;0,9074
5-344;Pleurektomie;3;2;1,50;0,6667;0,6667;0,6667;0,6667;0,6667
5-345;Pleurodese [Verödung des Pleuraspaltes];10;6;1,6667;0,30;0,30;0,50;0,50;0,70
5-346;Plastische Rekonstruktion der Brustwand;4;4;1,00;0,25;0,25;0,25;0,50;0,50
5-347;Operationen am Zwerchfell;7;4;1,75;0,4286;0,4286;0,4286;0,7143;0,7143
5-349;Andere Operationen am Thorax;19;18;1,0556;0,1579;0,2632;0,3158;0,4211;0,5263
5-350;Valvulotomie;0;0;0;0;0;0;0;0
5-351;Ersatz von Herzklappen durch Prothese;-999;-999;-999,00;-9,99;-9,99;-9,99;-9,99;-9,99
5-352;Wechsel von Herzklappenprothesen;0;0;0;0;0;0;0;0
5-353;Valvuloplastik;0;0;0;0;0;0;0;0
5-354;Andere Operationen an Herzklappen;0;0;0;0;0;0;0;0
5-355;Herstellung und Vergrößerung eines Septumdefektes des Herzens;0;0;0;0;0;0;0;0
5-356;Plastische Rekonstruktion des Herzseptums bei angeborenen Herzfehlern;0;0;0;0;0;0;0;0
5-357;Operationen bei kongenitalen Gefäßanomalien;0;0;0;0;0;0;0;0
5-358;Operationen bei kongenitalen Klappenanomalien des Herzens;0;0;0;0;0;0;0;0
5-359;Andere Operationen am Herzen bei kongenitalen Anomalien;-999;-999;-999,00;-9,99;-9,99;-9,99;-9,99;-9,99
5-35a;Minimalinvasive Operationen an Herzklappen;0;0;0;0;0;0;0;0
5-360;Desobliteration (Endarteriektomie) der Koronararterien;0;0;0;0;0;0;0;0
5-361;Anlegen eines aortokoronaren Bypass;0;0;0;0;0;0;0;0
5-362;Anlegen eines aortokoronaren Bypass durch minimalinvasive Technik;0;0;0;0;0;0;0;0
5-363;Andere Revaskularisation des Herzens;-999;-999;-999,00;-9,99;-9,99;-9,99;-9,99;-9,99
5-364;Anwendung eines mechanischen Anastomosensystems bei Operationen an den Koronargefäßen;0;0;0;0;0;0;0;0
5-369;Andere Operationen an den Koronargefäßen;0;0;0;0;0;0;0;0
5-370;Perikardiotomie und Kardiotomie;4;2;2,00;0,50;0,50;0,50;0,50;0,50
5-371;Chirurgische ablative Maßnahmen bei Tachyarrhythmie;-999;-999;-999,00;-9,99;-9,99;-9,99;-9,99;-9,99
5-372;Exzision und Destruktion von erkranktem Gewebe des Perikardes und Perikardektomie;0;0;0;0;0;0;0;0
5-373;Exzision und Destruktion von erkranktem Gewebe des Herzens;0;0;0;0;0;0;0;0
5-374;Rekonstruktion des Perikardes und des Herzens;-999;-999;-999,00;-9,99;-9,99;-9,99;-9,99;-9,99
5-375;Herz- und Herz-Lungen-Transplantation;0;0;0;0;0;0;0;0
5-376;Implantation und Entfernung eines herzunterstützenden Systems, offen chirurgisch;0;0;0;0;0;0;0;0
5-377;Implantation eines Herzschrittmachers, Defibrillators und Ereignis-Rekorders;1064;23;46,2609;0,3506;0,781;0,906;0,9464;0,9718
5-378;Entfernung, Wechsel und Korrektur eines Herzschrittmachers und Defibrillators;619;19;32,5789;0,4265;0,643;0,8142;0,895;0,9532
5-379;Andere Operationen an Herz und Perikard;-999;-999;-999,00;-9,99;-9,99;-9,99;-9,99;-9,99
5-37a;Minimalinvasive Rekonstruktion des Perikardes und des Herzens;0;0;0;0;0;0;0;0
5-37b;Offen chirurgische Implantation und Entfernung von Kanülen für die Anwendung eines extrakorporalen (herz- und) lungenunterstützenden Systems mit Gasaustausch;0;0;0;0;0;0;0;0
5-380;Inzision, Embolektomie und Thrombektomie von Blutgefäßen;481;20;24,05;0,7963;0,9272;0,9563;0,9688;0,9771
5-381;Endarteriektomie;1476;9;164,00;0,6335;0,8855;0,9262;0,9641;0,981
5-382;Resektion von Blutgefäßen mit Reanastomosierung;67;4;16,75;0,7761;0,7761;0,7761;0,9701;0,9701
5-383;Resektion und Ersatz (Interposition) von (Teilen von) Blutgefäßen;32;5;6,40;0,50;0,50;0,875;0,875;0,9375
5-384;Resektion und Ersatz (Interposition) an der Aorta;57;4;14,25;0,7018;0,7018;0,7018;0,9474;0,9474
5-385;Unterbindung, Exzision und Stripping von Varizen;8594;78;110,1795;0,6848;0,8277;0,9025;0,9439;0,9668
5-386;Andere Exzision von (erkrankten) Blutgefäßen und Transplantatentnahme;302;12;25,1667;0,447;0,6192;0,9139;0,9404;0,9603
5-387;Ligatur und Teilverschluss der Vena cava;2;2;1,00;0,50;0,50;0,50;0,50;0,50
5-388;Naht von Blutgefäßen;197;51;3,8627;0,6041;0,7411;0,7919;0,8426;0,8731
5-389;Anderer operativer Verschluss an Blutgefäßen;87;39;2,2308;0,4713;0,5862;0,6782;0,7356;0,7816
5-38a;Endovaskuläre Implantation von Stent-Prothesen;32;4;8,00;0,75;0,75;0,75;0,9063;0,9063
5-38b;Endoskopische Entnahme von Blutgefäßen zur Transplantation;0;0;0;0;0;0;0;0
5-38c;Offen chirurgische Implantation von nicht großlumigen ungecoverten Stents;61;2;30,50;0,8689;0,8689;0,8689;0,8689;0,8689
5-38d;Offen chirurgische Implantation von nicht großlumigen gecoverten Stents;-999;-999;-999,00;-9,99;-9,99;-9,99;-9,99;-9,99
5-38e;Offen chirurgische Implantation von großlumigen ungecoverten Stents;12;3;4,00;0,5833;0,5833;0,5833;0,5833;0,9167
5-38f;Offen chirurgische Angioplastie (Ballon);198;6;33,00;0,8636;0,8636;0,9747;0,9747;0,9848
5-38g;Selektive offene intravasale Lyse;25;2;12,50;0,64;0,64;0,64;0,64;0,64
5-390;Shuntoperationen zwischen großem und kleinem Kreislauf [Links-Rechts-Shunt];0;0;0;0;0;0;0;0
5-391;Anlegen eines intraabdominalen venösen Shuntes;0;0;0;0;0;0;0;0
5-392;Anlegen eines arteriovenösen Shuntes;112;6;18,6667;0,5179;0,5179;0,8214;0,8214;0,9196
5-393;Anlegen eines anderen Shuntes und Bypasses an Blutgefäßen;336;10;33,60;0,7381;0,8601;0,9196;0,9464;0,9673
5-394;Revision einer Blutgefäßoperation;199;14;14,2143;0,2563;0,6935;0,8492;0,9447;0,9548
5-395;Patchplastik an Blutgefäßen;92;11;8,3636;0,5435;0,7283;0,8043;0,8587;0,9239
5-396;Transposition von Blutgefäßen;10;2;5,00;0,90;0,90;0,90;0,90;0,90
5-397;Andere plastische Rekonstruktion von Blutgefäßen;0;0;0;0;0;0;0;0
5-398;Operationen am Glomus caroticum und anderen Paraganglien;-999;-999;-999,00;-9,99;-9,99;-9,99;-9,99;-9,99
5-399;Andere Operationen an Blutgefäßen;1360;121;11,2397;0,6581;0,8132;0,8846;0,9228;0,9463
5-400;Inzision von Lymphknoten und Lymphgefäßen;5;5;1,00;0,20;0,20;0,40;0,40;0,60
5-401;Exzision einzelner Lymphknoten und Lymphgefäße;2832;213;13,2958;0,6882;0,8037;0,8757;0,9202;0,9474
5-402;Regionale Lymphadenektomie (Ausräumung mehrerer Lymphknoten einer Region) als selbständiger Eingriff;396;137;2,8905;0,4116;0,5657;0,6894;0,7652;0,8283
5-403;Radikale zervikale Lymphadenektomie [Neck dissection];459;99;4,6364;0,4031;0,5839;0,695;0,78;0,8453
5-404;Radikale (systematische) Lymphadenektomie als selbständiger Eingriff;112;47;2,383;0,4464;0,5804;0,6696;0,75;0,7946
5-405;Operationen am Ductus thoracicus;0;0;0;0;0;0;0;0
5-406;Regionale Lymphadenektomie (Ausräumung mehrerer Lymphknoten einer Region) im Rahmen einer anderen Operation;439;62;7,0806;0,6219;0,7699;0,8519;0,8975;0,9248
5-407;Radikale (systematische) Lymphadenektomie im Rahmen einer anderen Operation;151;37;4,0811;0,5762;0,6623;0,7616;0,8212;0,8742
5-408;Andere Operationen am Lymphgefäßsystem;25;16;1,5625;0,36;0,44;0,56;0,60;0,68
5-410;Entnahme von hämatopoetischen Stammzellen aus Knochenmark und peripherem Blut zur Transplantation;-999;-999;-999,00;-9,99;-9,99;-9,99;-9,99;-9,99
5-411;Transplantation von hämatopoetischen Stammzellen aus dem Knochenmark;0;0;0;0;0;0;0;0
5-412;Inzision der Milz;-999;-999;-999,00;-9,99;-9,99;-9,99;-9,99;-9,99
5-413;Splenektomie;2;2;1,00;0,50;0,50;0,50;0,50;0,50
5-418;Andere Operationen am Knochenmark;0;0;0;0;0;0;0;0
5-419;Andere Operationen an der Milz;-999;-999;-999,00;-9,99;-9,99;-9,99;-9,99;-9,99
5-420;Inzision des Ösophagus;2;2;1,00;0,50;0,50;0,50;0,50;0,50
5-421;Ösophagostomie als selbständiger Eingriff;0;0;0;0;0;0;0;0
5-422;Lokale Exzision und Destruktion von erkranktem Gewebe des Ösophagus;34;18;1,8889;0,2647;0,4412;0,50;0,6176;0,7353
5-423;Partielle Ösophagusresektion ohne Wiederherstellung der Kontinuität;0;0;0;0;0;0;0;0
5-424;Partielle Ösophagusresektion mit Wiederherstellung der Kontinuität;0;0;0;0;0;0;0;0
5-425;(Totale) Ösophagektomie ohne Wiederherstellung der Kontinuität;0;0;0;0;0;0;0;0
5-426;(Totale) Ösophagektomie mit Wiederherstellung der Kontinuität;0;0;0;0;0;0;0;0
5-427;Rekonstruktion der Ösophaguspassage (als selbständiger Eingriff);-999;-999;-999,00;-9,99;-9,99;-9,99;-9,99;-9,99
5-428;Rekonstruktion der Ösophaguspassage bei Atresie und Versorgung einer kongenitalen ösophagotrachealen Fistel;-999;-999;-999,00;-9,99;-9,99;-9,99;-9,99;-9,99
5-429;Andere Operationen am Ösophagus;249;41;6,0732;0,3896;0,6225;0,7751;0,8434;0,8916
5-430;Gastrotomie;0;0;0;0;0;0;0;0
5-431;Gastrostomie;131;49;2,6735;0,3206;0,4885;0,6031;0,7023;0,7786
5-432;Operationen am Pylorus;-999;-999;-999,00;-9,99;-9,99;-9,99;-9,99;-9,99
5-433;Lokale Exzision und Destruktion von erkranktem Gewebe des Magens;147;29;5,069;0,3537;0,585;0,7279;0,8163;0,8639
5-434;Atypische partielle Magenresektion;7;6;1,1667;0,2857;0,2857;0,4286;0,4286;0,5714
5-435;Partielle Magenresektion (2/3-Resektion);2;2;1,00;0,50;0,50;0,50;0,50;0,50
5-436;Subtotale Magenresektion (4/5-Resektion);-999;-999;-999,00;-9,99;-9,99;-9,99;-9,99;-9,99
5-437;(Totale) Gastrektomie;7;3;2,3333;0,4286;0,4286;0,4286;0,4286;0,8571
5-438;(Totale) Gastrektomie mit Ösophagusresektion;0;0;0;0;0;0;0;0
5-439;Andere Inzision, Exzision und Resektion am Magen;0;0;0;0;0;0;0;0
5-444;Vagotomie;0;0;0;0;0;0;0;0
5-445;Gastroenterostomie ohne Magenresektion [Bypassverfahren];6;3;2,00;0,6667;0,6667;0,6667;0,6667;0,8333
5-447;Revision nach Magenresektion;0;0;0;0;0;0;0;0
5-448;Andere Rekonstruktion am Magen;172;19;9,0526;0,5291;0,6686;0,7674;0,8547;0,907
5-449;Andere Operationen am Magen;166;29;5,7241;0,4096;0,6084;0,7349;0,8253;0,8855
5-450;Inzision des Darmes;5;5;1,00;0,20;0,20;0,40;0,40;0,60
5-451;Lokale Exzision und Destruktion von erkranktem Gewebe des Dünndarmes;65;27;2,4074;0,3846;0,5692;0,6923;0,7538;0,80
5-452;Lokale Exzision und Destruktion von erkranktem Gewebe des Dickdarmes;1751;87;20,1264;0,6294;0,8104;0,9063;0,944;0,9646
5-453;Ausschaltung eines Darmsegmentes als selbständiger Eingriff (z.B. bei zweizeitigen plastischen Operationen);0;0;0;0;0;0;0;0
5-454;Resektion des Dünndarmes;45;19;2,3684;0,4889;0,6222;0,7111;0,7556;0,80
5-455;Partielle Resektion des Dickdarmes;339;26;13,0385;0,5723;0,7109;0,823;0,8761;0,9263
5-456;(Totale) Kolektomie und Proktokolektomie;2;2;1,00;0,50;0,50;0,50;0,50;0,50
5-459;Bypass-Anastomose des Darmes;4;4;1,00;0,25;0,25;0,25;0,50;0,50
5-460;Anlegen eines Enterostomas, doppelläufig, als selbständiger Eingriff;13;8;1,625;0,4615;0,5385;0,5385;0,6154;0,6923
5-461;Anlegen eines Enterostomas, endständig, als selbständiger Eingriff;7;4;1,75;0,4286;0,4286;0,4286;0,7143;0,7143
5-462;Anlegen eines Enterostomas (als protektive Maßnahme) im Rahmen eines anderen Eingriffes;30;9;3,3333;0,40;0,70;0,7667;0,8333;0,8667
5-463;Anlegen anderer Enterostomata;6;3;2,00;0,50;0,50;0,50;0,50;0,8333
5-464;Revision und andere Eingriffe an einem Enterostoma;25;16;1,5625;0,40;0,48;0,56;0,60;0,68
5-465;Rückverlagerung eines doppelläufigen Enterostomas;54;12;4,50;0,4259;0,537;0,7037;0,7778;0,8333
5-466;Wiederherstellung der Kontinuität des Darmes bei endständigen Enterostomata;12;8;1,50;0,25;0,50;0,50;0,5833;0,6667
5-467;Andere Rekonstruktion des Darmes;105;50;2,10;0,40;0,5333;0,6286;0,7143;0,7619
5-468;Intraabdominale Manipulation am Darm;6;4;1,50;0,3333;0,3333;0,3333;0,6667;0,6667
5-469;Andere Operationen am Darm;5695;207;27,5121;0,6116;0,7723;0,8632;0,9176;0,9521
5-470;Appendektomie;840;72;11,6667;0,5738;0,744;0,85;0,9071;0,9393
5-471;Simultane Appendektomie;125;41;3,0488;0,32;0,504;0,632;0,736;0,824
5-479;Andere Operationen an der Appendix;5;4;1,25;0,40;0,40;0,40;0,60;0,60
5-480;Inzision des Rektums;8;7;1,1429;0,25;0,25;0,375;0,50;0,625
5-482;Peranale lokale Exzision und Destruktion von erkranktem Gewebe des Rektums;938;67;14,00;0,6013;0,7473;0,8465;0,9019;0,9382
5-484;Rektumresektion unter Sphinktererhaltung;161;21;7,6667;0,4224;0,677;0,795;0,8571;0,913
5-485;Rektumresektion ohne Sphinktererhaltung;13;6;2,1667;0,3846;0,3846;0,5385;0,5385;0,6923
5-486;Rekonstruktion des Rektums;312;36;8,6667;0,6186;0,7276;0,8397;0,9006;0,9327
5-489;Andere Operation am Rektum;79;25;3,16;0,3924;0,5443;0,6709;0,7342;0,8101
5-490;Inzision und Exzision von Gewebe der Perianalregion;1577;103;15,3107;0,676;0,8104;0,8827;0,9271;0,9562
5-491;Operative Behandlung von Analfisteln;2310;70;33,00;0,5212;0,7675;0,8693;0,916;0,9494
5-492;Exzision und Destruktion von erkranktem Gewebe des Analkanals;2155;77;27,987;0,6742;0,8306;0,9053;0,9415;0,9643
5-493;Operative Behandlung von Hämorrhoiden;3920;88;44,5455;0,5296;0,739;0,8276;0,8946;0,9408
5-494;Durchtrennung des Sphincter ani [Sphinkterotomie];24;11;2,1818;0,3333;0,50;0,5833;0,6667;0,7917
5-495;Primäre plastische Rekonstruktion bei anorektalen Anomalien;5;5;1,00;0,20;0,20;0,40;0,40;0,60
5-496;Rekonstruktion des Anus und des Sphinkterapparates;229;27;8,4815;0,5066;0,6594;0,7817;0,8646;0,9127
5-499;Andere Operationen am Anus;94;26;3,6154;0,6383;0,7128;0,7766;0,8191;0,8617
5-500;Inzision der Leber;0;0;0;0;0;0;0;0
5-501;Lokale Exzision und Destruktion von erkranktem Gewebe der Leber (atypische Leberresektion);28;14;2,00;0,3929;0,5714;0,6429;0,7143;0,75
5-502;Anatomische (typische) Leberresektion;0;0;0;0;0;0;0;0
5-503;Leberteilresektion und Hepatektomie (zur Transplantation);0;0;0;0;0;0;0;0
5-504;Lebertransplantation;0;0;0;0;0;0;0;0
5-505;Rekonstruktion der Leber;9;6;1,50;0,4444;0,4444;0,5556;0,5556;0,6667
5-506;Implantation, Wechsel und Entfernung eines Katheterverweilsystems in Leberarterie und Pfortader (zur Chemotherapie) und offen chirurgische intrahepatische Chemoperfusion;0;0;0;0;0;0;0;0
5-509;Andere Operationen an der Leber;4;4;1,00;0,25;0,25;0,25;0,50;0,50
5-510;Cholezystotomie und Cholezystostomie;-999;-999;-999,00;-9,99;-9,99;-9,99;-9,99;-9,99
5-511;Cholezystektomie;2302;51;45,1373;0,3584;0,5743;0,7259;0,8271;0,9027
5-512;Biliodigestive Anastomose (von Ductus hepaticus, Ductus choledochus und Leberparenchym);5;5;1,00;0,20;0,20;0,40;0,40;0,60
5-513;Endoskopische Operationen an den Gallengängen;469;25;18,76;0,5203;0,7207;0,8486;0,9041;0,9467
5-514;Andere Operationen an den Gallengängen;13;10;1,30;0,1538;0,3077;0,4615;0,5385;0,6154
5-515;Exzision und Resektion von erkranktem Gewebe der Gallengänge;4;4;1,00;0,25;0,25;0,25;0,50;0,50
5-516;Andere Rekonstruktion der Gallengänge;2;2;1,00;0,50;0,50;0,50;0,50;0,50
5-517;Einlegen oder Wechseln von selbstexpandierenden Stents und Stent-Prothesen in die Gallengänge;-999;-999;-999,00;-9,99;-9,99;-9,99;-9,99;-9,99
5-518;Operationen an Sphincter Oddi und Papilla duodeni major;0;0;0;0;0;0;0;0
5-519;Andere Operationen an Gallenblase und Gallengängen;-999;-999;-999,00;-9,99;-9,99;-9,99;-9,99;-9,99
5-520;Inzision des Pankreas;-999;-999;-999,00;-9,99;-9,99;-9,99;-9,99;-9,99
5-521;Lokale Exzision und Destruktion von erkranktem Gewebe des Pankreas;0;0;0;0;0;0;0;0
5-522;Marsupialisation einer Pankreaszyste;0;0;0;0;0;0;0;0
5-523;Innere Drainage des Pankreas;-999;-999;-999,00;-9,99;-9,99;-9,99;-9,99;-9,99
5-524;Partielle Resektion des Pankreas;-999;-999;-999,00;-9,99;-9,99;-9,99;-9,99;-9,99
5-525;(Totale) Pankreatektomie;0;0;0;0;0;0;0;0
5-526;Endoskopische Operationen am Pankreasgang;15;5;3,00;0,40;0,40;0,6667;0,6667;0,80
5-527;Anastomose des Ductus pancreaticus;0;0;0;0;0;0;0;0
5-528;Transplantation von Pankreas(gewebe);0;0;0;0;0;0;0;0
5-529;Andere Operationen am Pankreas und am Pankreasgang;-999;-999;-999,00;-9,99;-9,99;-9,99;-9,99;-9,99
5-530;Verschluss einer Hernia inguinalis;8476;148;57,2703;0,507;0,7373;0,8453;0,9132;0,9522
5-531;Verschluss einer Hernia femoralis;166;50;3,32;0,3012;0,4639;0,5904;0,6928;0,7831
5-534;Verschluss einer Hernia umbilicalis;1695;112;15,1339;0,544;0,7428;0,8472;0,9044;0,941
5-535;Verschluss einer Hernia epigastrica;622;64;9,7188;0,4084;0,6238;0,7428;0,8328;0,8826
5-536;Verschluss einer Narbenhernie;1022;96;10,6458;0,4941;0,6908;0,8102;0,8748;0,9188
5-537;Verschluss kongenitaler Bauchwanddefekte (Omphalozele, Laparoschisis);4;4;1,00;0,25;0,25;0,25;0,50;0,50
5-538;Verschluss einer Hernia diaphragmatica;289;14;20,6429;0,6644;0,872;0,91;0,9516;0,9619
5-539;Verschluss anderer abdominaler Hernien;96;46;2,087;0,2917;0,4271;0,5833;0,6667;0,7604
5-540;Inzision der Bauchwand;90;23;3,913;0,7111;0,7778;0,8222;0,8444;0,8778
5-541;Laparotomie und Eröffnung des Retroperitoneums;301;97;3,1031;0,4219;0,5681;0,6844;0,7608;0,8272
5-542;Exzision und Destruktion von erkranktem Gewebe der Bauchwand;80;44;1,8182;0,2625;0,45;0,5625;0,675;0,725
5-543;Exzision und Destruktion von peritonealem Gewebe;525;84;6,25;0,6343;0,7829;0,84;0,8819;0,9124
5-545;Verschluss von Bauchwand und Peritoneum;53;27;1,963;0,3962;0,5094;0,6226;0,6981;0,7547
5-546;Plastische Rekonstruktion von Bauchwand und Peritoneum;122;38;3,2105;0,3361;0,5328;0,6475;0,7541;0,8197
5-547;Resektion von Gewebe in der Bauchregion ohne sichere Organzuordnung;37;14;2,6429;0,1892;0,4865;0,5676;0,7297;0,7838
5-549;Andere Bauchoperationen;490;69;7,1014;0,6388;0,7959;0,8694;0,9061;0,9306
5-550;Perkutan-transrenale Nephrotomie, Nephrostomie, Steinentfernung, Pyeloplastik und ureterorenoskopische Steinentfernung;1514;89;17,0112;0,3884;0,609;0,7424;0,8395;0,9115
5-551;Offen chirurgische Nephrotomie, Nephrostomie, Pyelotomie und Pyelostomie;27;16;1,6875;0,2963;0,3704;0,5185;0,5926;0,7037
5-552;Exzision und Destruktion von (erkranktem) Gewebe der Niere;88;39;2,2564;0,3182;0,4773;0,6136;0,7045;0,7841
5-553;Partielle Resektion der Niere;163;44;3,7045;0,2883;0,5031;0,6135;0,7178;0,7914
5-554;Nephrektomie;329;63;5,2222;0,31;0,5319;0,6383;0,7295;0,8146
5-555;Nierentransplantation;0;0;0;0;0;0;0;0
5-557;Rekonstruktion der Niere;119;45;2,6444;0,4118;0,5462;0,6723;0,7395;0,8151
5-559;Andere Operationen an der Niere;12;9;1,3333;0,25;0,4167;0,50;0,5833;0,6667
5-560;Transurethrale und perkutan-transrenale Erweiterung des Ureters;4122;100;41,22;0,5708;0,7584;0,8508;0,9139;0,9515
5-561;Inzision, Resektion und (andere) Erweiterung des Ureterostiums;307;64;4,7969;0,4365;0,6254;0,7296;0,8078;0,8632
5-562;Ureterotomie, perkutan-transrenale und transurethrale Steinbehandlung;4212;116;36,3103;0,4646;0,6349;0,7528;0,8369;0,8962
5-563;Exzision und Destruktion von erkranktem Gewebe des Ureters, Ureterresektion und Ureterektomie;190;50;3,80;0,4632;0,6053;0,7105;0,7895;0,8474
5-564;Kutane Harnableitung durch Ureterokutaneostomie (nicht kontinentes Stoma);10;5;2,00;0,40;0,40;0,60;0,60;0,80
5-565;Kutane Harnableitung mit Darminterponat [Conduit] (nicht kontinentes Stoma);48;12;4,00;0,3125;0,5417;0,7708;0,8333;0,875
5-566;Kutane Harnableitung mit Darmreservoir (kontinentes Stoma);-999;-999;-999,00;-9,99;-9,99;-9,99;-9,99;-9,99
5-567;Interne Harnableitung über den Darm;-999;-999;-999,00;-9,99;-9,99;-9,99;-9,99;-9,99
5-568;Rekonstruktion des Ureters;76;31;2,4516;0,4737;0,5921;0,6842;0,75;0,8026
5-569;Andere Operationen am Ureter;466;54;8,6296;0,4528;0,7296;0,8348;0,9013;0,9249
5-570;Endoskopische Entfernung von Steinen, Fremdkörpern und Tamponaden der Harnblase;2058;128;16,0781;0,3669;0,5656;0,6978;0,7993;0,8703
5-571;Zystotomie [Sectio alta];79;49;1,6122;0,2911;0,4304;0,557;0,6329;0,6962
5-572;Zystostomie;3499;186;18,8118;0,4481;0,6482;0,7817;0,8585;0,9163
5-573;Transurethrale Inzision, Exzision, Destruktion und Resektion von (erkranktem) Gewebe der Harnblase;11588;148;78,2973;0,3277;0,5131;0,6332;0,7365;0,8157
5-574;Offen chirurgische und laparoskopische Exzision und Destruktion von (erkranktem) Gewebe der Harnblase;65;33;1,9697;0,3231;0,4923;0,5846;0,6769;0,7538
5-575;Partielle Harnblasenresektion;27;19;1,4211;0,2222;0,4074;0,5185;0,5926;0,6667
5-576;Zystektomie;81;21;3,8571;0,4321;0,642;0,7284;0,8025;0,8765
5-577;Ersatz der Harnblase;25;11;2,2727;0,28;0,40;0,52;0,60;0,76
5-578;Andere plastische Rekonstruktion der Harnblase;129;72;1,7917;0,2481;0,4109;0,5349;0,6434;0,7209
5-579;Andere Operationen an der Harnblase;1181;117;10,094;0,4369;0,6156;0,7671;0,862;0,9136
5-580;Offen chirurgische Urethrotomie und Urethrostomie;19;12;1,5833;0,2105;0,3684;0,5789;0,6316;0,6842
5-581;Plastische Meatotomie der Urethra;440;90;4,8889;0,5114;0,6455;0,7386;0,8045;0,8614
5-582;Exzision, Destruktion und Resektion von (erkranktem) Gewebe der Urethra;489;110;4,4455;0,4724;0,6196;0,7178;0,7975;0,8569
5-583;Urethrektomie als selbständiger Eingriff;10;5;2,00;0,60;0,60;0,70;0,70;0,80
5-584;Rekonstruktion der Urethra;107;30;3,5667;0,5888;0,7009;0,757;0,8131;0,8598
5-585;Transurethrale Inzision von (erkranktem) Gewebe der Urethra;4294;140;30,6714;0,3943;0,5959;0,7168;0,8083;0,878
5-589;Andere Operationen an Urethra und periurethralem Gewebe;83;29;2,8621;0,5422;0,6627;0,7349;0,7952;0,8313
5-590;Inzision und Exzision von retroperitonealem Gewebe;52;32;1,625;0,2308;0,3846;0,5385;0,6346;0,6923
5-591;Inzision und Exzision von perivesikalem Gewebe;15;7;2,1429;0,2667;0,2667;0,5333;0,7333;0,80
5-592;Raffung des urethrovesikalen Überganges;50;4;12,50;0,56;0,56;0,56;0,92;0,92
5-593;Transvaginale Suspensionsoperation [Zügeloperation];1129;144;7,8403;0,3685;0,5598;0,682;0,7803;0,8512
5-594;Suprapubische (urethrovesikale) Zügeloperation [Schlingenoperation];81;19;4,2632;0,4198;0,6049;0,7407;0,8148;0,8642
5-595;Abdominale retropubische und paraurethrale Suspensionsoperation;204;43;4,7442;0,4118;0,6029;0,7108;0,7843;0,8578
5-596;Andere Harninkontinenzoperationen;149;30;4,9667;0,5168;0,6846;0,7785;0,8389;0,8792
5-597;Eingriffe bei artifiziellem Harnblasensphinkter;45;10;4,50;0,5111;0,6444;0,7111;0,7778;0,8444
5-598;Suspensionsoperation [Zügeloperation] bei Harninkontinenz des Mannes;17;10;1,70;0,2353;0,4118;0,5294;0,6471;0,7059
5-599;Andere Operationen am Harntrakt;50;28;1,7857;0,38;0,50;0,58;0,66;0,72
5-600;Inzision der Prostata;61;21;2,9048;0,459;0,5902;0,6885;0,7541;0,8361
5-601;Transurethrale Exzision und Destruktion von Prostatagewebe;7894;137;57,6204;0,3864;0,5638;0,6939;0,7877;0,8622
5-602;Transrektale und perkutane Destruktion von Prostatagewebe;29;4;7,25;0,5172;0,5172;0,5172;0,7586;0,7586
5-603;Exzision und Destruktion von Prostatagewebe;408;65;6,2769;0,3529;0,527;0,6789;0,7745;0,8529
5-604;Radikale Prostatovesikulektomie;728;50;14,56;0,3571;0,5467;0,6772;0,7775;0,864
5-605;Andere Exzision und Destruktion von Prostatagewebe;-999;-999;-999,00;-9,99;-9,99;-9,99;-9,99;-9,99
5-606;Operationen an den Vesiculae seminales;-999;-999;-999,00;-9,99;-9,99;-9,99;-9,99;-9,99
5-607;Inzision und Exzision von periprostatischem Gewebe;10;6;1,6667;0,30;0,30;0,50;0,50;0,70
5-609;Andere Operationen an der Prostata;285;74;3,8514;0,3298;0,5404;0,6596;0,7614;0,8211
5-610;Inzision an Skrotum und Tunica vaginalis testis;153;60;2,55;0,3072;0,5098;0,6275;0,7059;0,7843
5-611;Operation einer Hydrocele testis;1373;150;9,1533;0,3328;0,5142;0,6548;0,7582;0,8347
5-612;Exzision und Destruktion von erkranktem Skrotumgewebe;147;71;2,0704;0,3129;0,4966;0,5918;0,6871;0,7619
5-613;Plastische Rekonstruktion von Skrotum und Tunica vaginalis testis;16;13;1,2308;0,1875;0,375;0,4375;0,50;0,625
5-619;Andere Operationen an Skrotum und Tunica vaginalis testis;8;8;1,00;0,125;0,25;0,25;0,375;0,50
5-620;Inzision des Hodens;9;8;1,125;0,2222;0,3333;0,3333;0,4444;0,5556
5-621;Exzision und Destruktion von erkranktem Gewebe des Hodens;73;42;1,7381;0,2877;0,4384;0,5753;0,6575;0,7123
5-622;Orchidektomie;718;129;5,5659;0,3412;0,532;0,6713;0,766;0,844
5-624;Orchidopexie;390;79;4,9367;0,4564;0,6077;0,7231;0,8077;0,8718
5-625;Exploration bei Kryptorchismus;16;6;2,6667;0,375;0,375;0,625;0,625;0,8125
5-626;Operative Verlagerung eines Abdominalhodens;15;3;5,00;0,80;0,80;0,80;0,80;0,9333
5-627;Rekonstruktion des Hodens;0;0;0;0;0;0;0;0
5-628;Implantation, Wechsel und Entfernung einer Hodenprothese;38;23;1,6522;0,2105;0,4211;0,5263;0,6316;0,7105
5-629;Andere Operationen am Hoden;129;52;2,4808;0,3101;0,4729;0,6124;0,6899;0,7674
5-630;Operative Behandlung einer Varikozele und einer Hydrocele funiculi spermatici;259;70;3,70;0,4479;0,5869;0,6988;0,7915;0,8533
5-631;Exzision im Bereich der Epididymis;529;115;4,60;0,38;0,5501;0,6805;0,7675;0,8355
5-633;Epididymektomie;172;69;2,4928;0,3081;0,4826;0,6047;0,6919;0,7733
5-634;Rekonstruktion des Funiculus spermaticus;78;41;1,9024;0,2308;0,3974;0,5513;0,6538;0,7436
5-635;Vasotomie des Ductus deferens;8;6;1,3333;0,375;0,375;0,50;0,50;0,625
5-636;Destruktion, Ligatur und Resektion des Ductus deferens;527;56;9,4107;0,7609;0,852;0,9051;0,9279;0,9469
5-637;Rekonstruktion von Ductus deferens und Epididymis;8;7;1,1429;0,25;0,25;0,375;0,50;0,625
5-639;Andere Operationen an Funiculus spermaticus, Epididymis und Ductus deferens;102;31;3,2903;0,6961;0,7549;0,7843;0,8137;0,8529
5-640;Operationen am Präputium;1533;163;9,4049;0,4377;0,6275;0,7358;0,8174;0,8793
5-641;Lokale Exzision und Destruktion von erkranktem Gewebe des Penis;104;55;1,8909;0,2981;0,4519;0,5769;0,6731;0,7404
5-642;Amputation des Penis;35;28;1,25;0,2286;0,3714;0,4286;0,5143;0,60
5-643;Plastische Rekonstruktion des Penis;66;29;2,2759;0,2879;0,4848;0,6061;0,697;0,7879
5-644;Plastische Rekonstruktion bei männlicher Epispadie;0;0;0;0;0;0;0;0
5-645;Plastische Rekonstruktion bei männlicher Hypospadie;60;14;4,2857;0,3167;0,8167;0,8333;0,8667;0,8833
5-646;Operationen zur Geschlechtsumwandlung;-999;-999;-999,00;-9,99;-9,99;-9,99;-9,99;-9,99
5-649;Andere Operationen am Penis;33;20;1,65;0,2424;0,3939;0,5152;0,6364;0,697
5-650;Inzision des Ovars;431;48;8,9792;0,8283;0,8794;0,9049;0,9281;0,9443
5-651;Lokale Exzision und Destruktion von Ovarialgewebe;3031;147;20,619;0,4741;0,6394;0,7615;0,8479;0,9073
5-652;Ovariektomie;406;94;4,3191;0,399;0,5862;0,6946;0,7857;0,8424
5-653;Salpingoovariektomie;1705;137;12,4453;0,4082;0,5771;0,6997;0,7906;0,8569
5-656;Plastische Rekonstruktion des Ovars;279;32;8,7188;0,7814;0,8495;0,9032;0,9247;0,9427
5-657;Adhäsiolyse an Ovar und Tuba uterina ohne mikrochirurgische Versorgung;3191;147;21,7075;0,5606;0,7399;0,828;0,8897;0,9329
5-658;Adhäsiolyse an Ovar und Tuba uterina mit mikrochirurgischer Versorgung;208;43;4,8372;0,5865;0,75;0,8221;0,8606;0,899
5-659;Andere Operationen am Ovar;139;47;2,9574;0,4029;0,5396;0,6763;0,7698;0,8345
5-660;Salpingotomie;90;42;2,1429;0,3444;0,4778;0,6333;0,7222;0,7667
5-661;Salpingektomie;1623;114;14,2368;0,443;0,6574;0,7905;0,8799;0,9267
5-663;Destruktion und Verschluss der Tubae uterinae [Sterilisationsoperation];646;82;7,878;0,3483;0,548;0,7136;0,8173;0,8854
5-665;Exzision und Destruktion von erkranktem Gewebe der Tuba uterina;268;52;5,1538;0,541;0,6866;0,791;0,847;0,8881
5-666;Plastische Rekonstruktion der Tuba uterina;94;21;4,4762;0,5851;0,6915;0,7766;0,8404;0,8936
5-667;Insufflation der Tubae uterinae;1871;100;18,71;0,7483;0,8375;0,8904;0,9257;0,9487
5-669;Andere Operationen an der Tuba uterina;10;6;1,6667;0,30;0,30;0,50;0,50;0,70
5-670;Dilatation des Zervikalkanals;412;32;12,875;0,6845;0,8374;0,8956;0,9248;0,949
5-671;Konisation der Cervix uteri;487;99;4,9192;0,4723;0,6694;0,77;0,8357;0,8768
5-672;Andere Exzision und Destruktion von erkranktem Gewebe der Cervix uteri;161;51;3,1569;0,5093;0,646;0,7267;0,7888;0,8447
5-673;Amputation der Cervix uteri;12;9;1,3333;0,3333;0,4167;0,50;0,5833;0,6667
5-674;Rekonstruktion der Cervix uteri in der Gravidität;121;26;4,6538;0,5455;0,6446;0,7769;0,8264;0,876
5-675;Andere Rekonstruktion der Cervix uteri;59;29;2,0345;0,4576;0,5932;0,661;0,7119;0,7627
5-679;Andere Operationen an der Cervix uteri;30;15;2,00;0,4667;0,5667;0,6667;0,70;0,7667
5-680;Inzision des Uterus [Hysterotomie];3;3;1,00;0,3333;0,3333;0,3333;0,3333;0,6667
5-681;Exzision und Destruktion von erkranktem Gewebe des Uterus;3119;134;23,2761;0,5986;0,7416;0,832;0,899;0,9375
5-682;Subtotale Uterusexstirpation;1876;91;20,6154;0,4909;0,6828;0,7996;0,8779;0,9248
5-683;Uterusexstirpation [Hysterektomie];6142;157;39,121;0,3023;0,4826;0,6237;0,7232;0,8066
5-684;Zervixstumpfexstirpation;42;28;1,50;0,3095;0,4524;0,5238;0,5952;0,6667
5-685;Radikale Uterusexstirpation;110;30;3,6667;0,4182;0,5636;0,6818;0,7545;0,8091
5-686;Radikale Zervixstumpfexstirpation;5;5;1,00;0,20;0,20;0,40;0,40;0,60
5-687;Exenteration [Eviszeration] des weiblichen kleinen Beckens;2;2;1,00;0,50;0,50;0,50;0,50;0,50
5-689;Andere Inzision und Exzision des Uterus;3;3;1,00;0,3333;0,3333;0,3333;0,3333;0,6667
5-690;Therapeutische Kürettage [Abrasio uteri];3702;140;26,4429;0,5465;0,6939;0,7942;0,8703;0,9176
5-691;Entfernung eines intrauterinen Fremdkörpers;161;53;3,0377;0,4099;0,5714;0,6646;0,7329;0,8075
5-692;Exzision und Destruktion von erkranktem Gewebe der Parametrien;925;17;54,4118;0,9751;0,9795;0,9849;0,9892;0,9914
5-693;Plastische Rekonstruktion der Parametrien (bei Lagekorrektur des Uterus);6;4;1,50;0,3333;0,3333;0,3333;0,6667;0,6667
5-694;Parazervikale Uterusdenervation;0;0;0;0;0;0;0;0
5-695;Rekonstruktion des Uterus;79;36;2,1944;0,4177;0,5443;0,6456;0,7215;0,7722
5-699;Andere Operationen an Uterus und Parametrien;6;6;1,00;0,1667;0,1667;0,3333;0,3333;0,50
5-700;Kuldotomie;18;8;2,25;0,4444;0,6111;0,6111;0,7222;0,7778
5-701;Inzision der Vagina;30;22;1,3636;0,20;0,3333;0,50;0,5667;0,6333
5-702;Lokale Exzision und Destruktion von erkranktem Gewebe der Vagina und des Douglasraumes;1430;105;13,619;0,7322;0,8154;0,8762;0,9133;0,9441
5-703;Verschluss und (sub-)totale Exstirpation der Vagina;73;34;2,1471;0,2055;0,411;0,5342;0,6712;0,7534
5-704;Vaginale Kolporrhaphie und Beckenbodenplastik;5321;165;32,2485;0,383;0,5841;0,7187;0,8087;0,8799
5-705;Konstruktion und Rekonstruktion der Vagina;18;13;1,3846;0,2222;0,4444;0,50;0,5556;0,6667
5-706;Andere plastische Rekonstruktion der Vagina;83;51;1,6275;0,2289;0,3976;0,5181;0,6265;0,6988
5-707;Plastische Rekonstruktion des kleinen Beckens und des Douglasraumes;486;66;7,3636;0,4239;0,6132;0,749;0,823;0,8889
5-709;Andere Operationen an Vagina und Douglasraum;15;13;1,1538;0,20;0,3333;0,40;0,4667;0,60
5-710;Inzision der Vulva;34;25;1,36;0,2353;0,3529;0,50;0,5588;0,6471
5-711;Operationen an der Bartholin-Drüse (Zyste);151;68;2,2206;0,3179;0,5232;0,6424;0,7285;0,7748
5-712;Andere Exzision und Destruktion von erkranktem Gewebe der Vulva;221;83;2,6627;0,3303;0,5023;0,6154;0,6923;0,7738
5-713;Operationen an der Klitoris;13;11;1,1818;0,2308;0,3077;0,3846;0,4615;0,6154
5-714;Vulvektomie;161;53;3,0377;0,3292;0,5342;0,6398;0,7267;0,8012
5-715;Radikale Vulvektomie;14;9;1,5556;0,2857;0,4286;0,5714;0,6429;0,7143
5-716;Konstruktion und Rekonstruktion der Vulva (und des Perineums);102;37;2,7568;0,5098;0,6078;0,6863;0,7647;0,8235
5-718;Andere Operationen an der Vulva;17;14;1,2143;0,1176;0,3529;0,4118;0,5294;0,5882
5-719;Andere Operationen an den weiblichen Geschlechtsorganen;-999;-999;-999,00;-9,99;-9,99;-9,99;-9,99;-9,99
5-720;Zangenentbindung;235;34;6,9118;0,3532;0,5702;0,6894;0,8085;0,8596
5-724;Drehung des kindlichen Kopfes mit Zange;0;0;0;0;0;0;0;0
5-725;Extraktion bei Beckenendlage;3;3;1,00;0,3333;0,3333;0,3333;0,3333;0,6667
5-727;Spontane und vaginale operative Entbindung bei Beckenendlage;27;15;1,80;0,3704;0,4815;0,6296;0,6667;0,7407
5-728;Vakuumentbindung;2783;72;38,6528;0,2939;0,4502;0,5954;0,6967;0,7898
5-729;Andere instrumentelle Entbindung;2;2;1,00;0,50;0,50;0,50;0,50;0,50
5-730;Künstliche Fruchtblasensprengung [Amniotomie];5325;67;79,4776;0,4034;0,5748;0,7177;0,8182;0,8888
5-731;Andere operative Geburtseinleitung;0;0;0;0;0;0;0;0
5-732;Innere und kombinierte Wendung ohne und mit Extraktion;3;3;1,00;0,3333;0,3333;0,3333;0,3333;0,6667
5-733;Misslungene vaginale operative Entbindung;60;20;3,00;0,3333;0,5167;0,65;0,75;0,8333
5-734;Operative Maßnahmen am Feten zur Geburtserleichterung;0;0;0;0;0;0;0;0
5-738;Episiotomie und Naht;5186;75;69,1467;0,3523;0,4967;0,6342;0,7268;0,8151
5-739;Andere Operationen zur Unterstützung der Geburt;0;0;0;0;0;0;0;0
5-740;Klassische Sectio caesarea;4820;68;70,8824;0,4492;0,6456;0,7651;0,8647;0,9176
5-741;Sectio caesarea, suprazervikal und korporal;371;25;14,84;0,6604;0,7898;0,8976;0,9353;0,9596
5-742;Sectio caesarea extraperitonealis;58;10;5,80;0,6379;0,7241;0,7931;0,8448;0,8966
5-743;Entfernung eines intraperitonealen Embryos;2;2;1,00;0,50;0,50;0,50;0,50;0,50
5-744;Operationen bei Extrauteringravidität;304;82;3,7073;0,3684;0,5362;0,6678;0,7533;0,8125
5-749;Andere Sectio caesarea;14809;80;185,1125;0,318;0,4902;0,6208;0,7229;0,8049
5-750;Intraamniale Injektion zur Beendigung der Schwangerschaft;-999;-999;-999,00;-9,99;-9,99;-9,99;-9,99;-9,99
5-751;Kürettage zur Beendigung der Schwangerschaft [Abruptio];51;16;3,1875;0,5686;0,6471;0,7451;0,7843;0,8431
5-752;Andere Operationen zur Beendigung einer Schwangerschaft;2;2;1,00;0,50;0,50;0,50;0,50;0,50
5-753;Therapeutische Amniozentese [Amnionpunktion];-999;-999;-999,00;-9,99;-9,99;-9,99;-9,99;-9,99
5-754;Intrauterine Therapie des Feten;-999;-999;-999,00;-9,99;-9,99;-9,99;-9,99;-9,99
5-755;Andere intrauterine Operationen am Feten;0;0;0;0;0;0;0;0
5-756;Entfernung zurückgebliebener Plazenta (postpartal);1229;73;16,8356;0,393;0,5891;0,6957;0,7836;0,8544
5-757;Uterusexstirpation, geburtshilflich;8;6;1,3333;0,375;0,375;0,50;0,50;0,625
5-758;Rekonstruktion weiblicher Geschlechtsorgane nach Ruptur, post partum [Dammriss];13940;82;170,00;0,3451;0,5092;0,6409;0,7412;0,8295
5-759;Andere geburtshilfliche Operationen;49;29;1,6897;0,3673;0,4898;0,5918;0,6531;0,7143
5-760;Reposition einer lateralen Mittelgesichtsfraktur;147;34;4,3235;0,2857;0,5238;0,6395;0,7619;0,8231
5-761;Reposition einer zentralen Mittelgesichtsfraktur;39;17;2,2941;0,3333;0,4359;0,6154;0,7436;0,7949
5-762;Reposition einer zentrolateralen Mittelgesichtsfraktur;26;11;2,3636;0,4231;0,5385;0,6538;0,7308;0,8077
5-763;Reposition anderer kombinierter Mittelgesichtsfrakturen (Mehrfachfraktur);35;17;2,0588;0,3143;0,4286;0,5714;0,6857;0,7714
5-764;Reposition einer Fraktur des Corpus mandibulae und des Processus alveolaris mandibulae;108;33;3,2727;0,3426;0,5648;0,6667;0,75;0,8241
5-765;Reposition einer Fraktur des Ramus mandibulae und des Processus articularis mandibulae;91;25;3,64;0,5714;0,6813;0,7582;0,8022;0,8681
5-766;Reposition einer Orbitafraktur;132;32;4,125;0,3182;0,553;0,697;0,7727;0,8409
5-767;Reposition einer Stirnhöhlenwandfraktur;6;4;1,50;0,3333;0,3333;0,3333;0,6667;0,6667
5-768;Reosteotomien disloziert verheilter Gesichtsschädelfrakturen;4;4;1,00;0,25;0,25;0,25;0,50;0,50
5-769;Andere Operationen bei Gesichtsschädelfrakturen;613;42;14,5952;0,5693;0,7537;0,8695;0,9201;0,9478
5-770;Inzision (Osteotomie), lokale Exzision und Destruktion (von erkranktem Gewebe) eines Gesichtsschädelknochens;373;57;6,5439;0,5094;0,6542;0,756;0,8311;0,8901
5-771;Partielle und totale Resektion eines Gesichtsschädelknochens;109;34;3,2059;0,3486;0,5413;0,6697;0,7706;0,8257
5-772;Partielle und totale Resektion der Mandibula;138;35;3,9429;0,5072;0,6522;0,7391;0,7971;0,8551
5-773;Arthroplastik am Kiefergelenk;90;11;8,1818;0,50;0,80;0,8556;0,9111;0,9444
5-774;Plastische Rekonstruktion und Augmentation der Maxilla;101;33;3,0606;0,3366;0,5347;0,6436;0,7228;0,802
5-775;Plastische Rekonstruktion und Augmentation der Mandibula;137;34;4,0294;0,3504;0,5474;0,6569;0,781;0,8321
5-776;Osteotomie zur Verlagerung des Untergesichtes;1734;47;36,8936;0,5652;0,7486;0,8385;0,8922;0,9331
5-777;Osteotomie zur Verlagerung des Mittelgesichtes;1334;44;30,3182;0,5652;0,7586;0,8418;0,9018;0,9325
5-778;Rekonstruktion der Weichteile im Gesicht;70;20;3,50;0,5143;0,6571;0,7429;0,80;0,8571
5-779;Andere Operationen an Kiefergelenk und Gesichtsschädelknochen;845;55;15,3636;0,5905;0,7669;0,8864;0,9243;0,9527
5-77a;Implantatversorgung für die Rekonstruktion mit Gesichtsepithesen;4;4;1,00;0,25;0,25;0,25;0,50;0,50
5-77b;Knochentransplantation und -transposition an Kiefer- und Gesichtsschädelknochen;76;21;3,619;0,3816;0,5263;0,6579;0,7368;0,8289
5-780;Inzision am Knochen, septisch und aseptisch;919;96;9,5729;0,4864;0,6605;0,7813;0,8455;0,8966
5-781;Osteotomie und Korrekturosteotomie;1666;96;17,3542;0,50;0,7053;0,8295;0,895;0,9382
5-782;Exzision und Resektion von erkranktem Knochengewebe;4214;139;30,3165;0,5681;0,7499;0,8614;0,9212;0,9554
5-783;Entnahme eines Knochentransplantates;2237;138;16,2101;0,6513;0,8096;0,8789;0,9249;0,9531
5-784;Knochentransplantation und -transposition;3540;122;29,0164;0,6356;0,8136;0,898;0,9364;0,9602
5-785;Implantation von alloplastischem Knochenersatz;421;56;7,5179;0,5534;0,7648;0,8361;0,8789;0,9145
5-786;Osteosyntheseverfahren;6386;125;51,088;0,6041;0,7697;0,8603;0,9125;0,9524
5-787;Entfernung von Osteosynthesematerial;3397;148;22,9527;0,4519;0,6432;0,7607;0,8469;0,9076
5-788;Operationen an Metatarsale und Phalangen des Fußes;12783;133;96,1128;0,5261;0,7228;0,839;0,9014;0,944
5-789;Andere Operationen am Knochen;121;31;3,9032;0,6116;0,6942;0,7521;0,8017;0,8678
5-790;Geschlossene Reposition einer Fraktur oder Epiphysenlösung mit Osteosynthese;389;63;6,1746;0,5733;0,7506;0,8278;0,8766;0,9126
5-791;Offene Reposition einer einfachen Fraktur im Schaftbereich eines langen Röhrenknochens;105;48;2,1875;0,2857;0,4571;0,5714;0,6857;0,7714
5-792;Offene Reposition einer Mehrfragment-Fraktur im Schaftbereich eines langen Röhrenknochens;87;34;2,5588;0,2644;0,4943;0,6322;0,7471;0,8046
5-793;Offene Reposition einer einfachen Fraktur im Gelenkbereich eines langen Röhrenknochens;616;83;7,4217;0,4156;0,6299;0,7597;0,8377;0,888
5-794;Offene Reposition einer Mehrfragment-Fraktur im Gelenkbereich eines langen Röhrenknochens;1081;80;13,5125;0,4459;0,6651;0,7928;0,8788;0,9297
5-795;Offene Reposition einer einfachen Fraktur an kleinen Knochen;227;58;3,9138;0,3656;0,5639;0,6784;0,7841;0,8458
5-796;Offene Reposition einer Mehrfragment-Fraktur an kleinen Knochen;342;61;5,6066;0,3363;0,5175;0,655;0,7573;0,8421
5-797;Offene Reposition einer Fraktur an Talus und Kalkaneus;17;10;1,70;0,2353;0,4706;0,5882;0,6471;0,7059
5-798;Offene Reposition einer Beckenrand- und Beckenringfraktur;3;2;1,50;0,6667;0,6667;0,6667;0,6667;0,6667
5-799;Offene Reposition einer Azetabulum- und Hüftkopffraktur mit Osteosynthese;0;0;0;0;0;0;0;0
5-79a;Geschlossene Reposition einer Gelenkluxation mit Osteosynthese;26;17;1,5294;0,2308;0,3077;0,4615;0,6154;0,6923
5-79b;Offene Reposition einer Gelenkluxation;217;46;4,7174;0,447;0,6037;0,7235;0,7972;0,8618
5-79c;Andere Reposition von Fraktur und Luxation;0;0;0;0;0;0;0;0
5-800;Offen chirurgische Operation eines Gelenkes;5994;126;47,5714;0,6053;0,7784;0,8595;0,9141;0,951
5-801;Offen chirurgische Operation am Gelenkknorpel und an den Menisken;1028;96;10,7083;0,501;0,6809;0,7899;0,857;0,9008
5-802;Offen chirurgische Refixation und Naht am Kapselbandapparat des Kniegelenkes;179;45;3,9778;0,6145;0,6983;0,7709;0,8156;0,8715
5-803;Offen chirurgische Bandplastik am Kniegelenk;270;42;6,4286;0,5148;0,7481;0,8481;0,8815;0,9111
5-804;Offen chirurgische Operationen an der Patella und ihrem Halteapparat;1443;85;16,9765;0,5842;0,7748;0,8669;0,9127;0,9411
5-805;Offen chirurgische Refixation und Plastik am Kapselbandapparat des Schultergelenkes;4074;101;40,3366;0,5916;0,758;0,8535;0,9129;0,9502
5-806;Offen chirurgische Refixation und Plastik am Kapselbandapparat des Sprunggelenkes;509;66;7,7121;0,6385;0,7387;0,8212;0,8782;0,9175
5-807;Offen chirurgische Refixation am Kapselbandapparat anderer Gelenke;170;52;3,2692;0,4059;0,5706;0,6941;0,7765;0,8353
5-808;Arthrodese;2431;100;24,31;0,4944;0,6944;0,8067;0,8828;0,9301
5-809;Andere offen chirurgische Gelenkoperationen;653;59;11,0678;0,66;0,7917;0,8698;0,9173;0,9449
5-810;Arthroskopische Gelenkoperation;11662;130;89,7077;0,6062;0,7799;0,8747;0,9275;0,9582
5-811;Arthroskopische Operation an der Synovialis;13901;131;106,1145;0,5244;0,753;0,8638;0,9212;0,9567
5-812;Arthroskopische Operation am Gelenkknorpel und an den Menisken;19349;139;139,2014;0,4469;0,6843;0,8126;0,889;0,9327
5-813;Arthroskopische Refixation und Plastik am Kapselbandapparat des Kniegelenkes;4593;107;42,9252;0,6127;0,7723;0,862;0,914;0,9456
5-814;Arthroskopische Refixation und Plastik am Kapselbandapparat des Schultergelenkes;12935;112;115,4911;0,4815;0,7033;0,8233;0,8833;0,9276
5-815;Arthroskopische Entfernung und arthroskopischer Wechsel eines Bandersatzes am Kniegelenk;214;29;7,3793;0,472;0,6963;0,8037;0,8832;0,9252
5-816;Arthroskopische Operationen am Labrum acetabulare;322;23;14,00;0,5435;0,7671;0,8634;0,913;0,9503
5-819;Andere arthroskopische Operationen;1037;81;12,8025;0,6432;0,7724;0,8428;0,892;0,9325
5-820;Implantation einer Endoprothese am Hüftgelenk;8382;95;88,2316;0,487;0,6718;0,7893;0,8642;0,9232
5-821;Revision, Wechsel und Entfernung einer Endoprothese am Hüftgelenk;630;59;10,678;0,4825;0,6778;0,7825;0,8571;0,9063
5-822;Implantation einer Endoprothese am Kniegelenk;11735;101;116,1881;0,3992;0,6008;0,7371;0,8234;0,8983
5-823;Revision, Wechsel und Entfernung einer Endoprothese am Kniegelenk;889;77;11,5455;0,4421;0,6097;0,7357;0,8245;0,8886
5-824;Implantation einer Endoprothese an Gelenken der oberen Extremität;775;57;13,5965;0,4645;0,6374;0,80;0,88;0,9187
5-825;Revision, Wechsel und Entfernung einer Endoprothese an Gelenken der oberen Extremität;92;25;3,68;0,3696;0,5217;0,7065;0,7826;0,8587
5-826;Implantation einer Endoprothese an Gelenken der unteren Extremität;137;24;5,7083;0,5839;0,7226;0,8029;0,8686;0,8978
5-827;Revision, Wechsel und Entfernung einer Endoprothese an Gelenken der unteren Extremität;67;17;3,9412;0,7463;0,7761;0,8209;0,8507;0,8806
5-828;Implantation, Revision, Wechsel und Entfernung eines Knochenteilersatzes und Knochentotalersatzes;141;6;23,50;0,5532;0,5532;0,9716;0,9716;0,9787
5-829;Andere gelenkplastische Eingriffe;2153;89;24,191;0,6275;0,8161;0,8871;0,9303;0,9591
5-830;Inzision von erkranktem Knochen- und Gelenkgewebe der Wirbelsäule;933;31;30,0968;0,508;0,7492;0,8682;0,9228;0,9721
5-831;Exzision von erkranktem Bandscheibengewebe;4120;44;93,6364;0,3731;0,5806;0,6988;0,81;0,8818
5-832;Exzision von erkranktem Knochen- und Gelenkgewebe der Wirbelsäule;4337;44;98,5682;0,5536;0,7671;0,87;0,9391;0,9668
5-835;Knochenersatz an der Wirbelsäule;778;26;29,9231;0,5437;0,6812;0,8303;0,8959;0,9409
5-836;Spondylodese;1382;37;37,3514;0,4262;0,6085;0,7836;0,8698;0,9349
5-837;Wirbelkörperersatz und komplexe Rekonstruktion der Wirbelsäule;62;12;5,1667;0,2097;0,4032;0,7097;0,8226;0,871
5-838;Andere komplexe Rekonstruktionen der Wirbelsäule;10;4;2,50;0,60;0,60;0,60;0,80;0,80
5-839;Andere Operationen an der Wirbelsäule;5030;56;89,8214;0,5066;0,7396;0,869;0,9318;0,9686
5-83a;Minimalinvasive Behandlungsverfahren an der Wirbelsäule (zur Schmerztherapie);932;37;25,1892;0,6438;0,8133;0,9024;0,9442;0,9689
5-83b;Osteosynthese (dynamische Stabilisierung) an der Wirbelsäule;2126;37;57,4595;0,4454;0,5931;0,73;0,8203;0,8951
5-83w;Zusatzinformationen zu Operationen an der Wirbelsäule;123;12;10,25;0,2927;0,5691;0,9187;0,935;0,9512
5-840;Operationen an Sehnen der Hand;632;72;8,7778;0,462;0,6693;0,8006;0,8671;0,913
5-841;Operationen an Bändern der Hand;251;56;4,4821;0,4462;0,6056;0,7371;0,8008;0,8606
5-842;Operationen an Faszien der Hohlhand und der Finger;730;69;10,5797;0,4699;0,6658;0,7822;0,8644;0,9205
5-843;Operationen an Muskeln der Hand;5;5;1,00;0,20;0,20;0,40;0,40;0,60
5-844;Operation an Gelenken der Hand;269;36;7,4722;0,6803;0,7732;0,8476;0,8848;0,9182
5-845;Synovialektomie an der Hand;419;40;10,475;0,4344;0,6921;0,8258;0,8902;0,9332
5-846;Arthrodese an Gelenken der Hand;115;38;3,0263;0,3652;0,5391;0,6435;0,7391;0,8087
5-847;Resektionsarthroplastik an Gelenken der Hand;628;55;11,4182;0,5255;0,6943;0,801;0,871;0,9204
5-848;Operationen bei kongenitalen Anomalien der Hand;-999;-999;-999,00;-9,99;-9,99;-9,99;-9,99;-9,99
5-849;Andere Operationen an der Hand;281;48;5,8542;0,6868;0,7616;0,8114;0,8648;0,9004
5-850;Inzision an Muskel, Sehne und Faszie;1294;129;10,031;0,5665;0,7388;0,8331;0,8918;0,9258
5-851;Durchtrennung von Muskel, Sehne und Faszie;867;89;9,7416;0,436;0,654;0,7716;0,8443;0,8962
5-852;Exzision an Muskel, Sehne und Faszie;2344;188;12,4681;0,5964;0,7419;0,8336;0,8959;0,9347
5-853;Rekonstruktion von Muskeln;380;66;5,7576;0,6211;0,7342;0,8079;0,8553;0,8921
5-854;Rekonstruktion von Sehnen;1607;90;17,8556;0,5775;0,7374;0,8314;0,8917;0,9303
5-855;Naht und andere Operationen an Sehnen und Sehnenscheide;2200;112;19,6429;0,5268;0,7105;0,8195;0,8773;0,9159
5-856;Rekonstruktion von Faszien;323;60;5,3833;0,6068;0,7276;0,808;0,8576;0,8947
5-857;Plastische Rekonstruktion mit lokalen Lappen an Muskeln und Faszien;173;49;3,5306;0,578;0,6821;0,7457;0,8035;0,8613
5-858;Entnahme und Transplantation von Muskel, Sehne und Faszie mit mikrovaskulärer Anastomosierung;30;6;5,00;0,5667;0,5667;0,8333;0,8333;0,90
5-859;Andere Operationen an Muskeln, Sehnen, Faszien und Schleimbeuteln;2595;129;20,1163;0,6335;0,7742;0,857;0,9145;0,9445
5-860;Replantation obere Extremität;0;0;0;0;0;0;0;0
5-861;Replantation untere Extremität;0;0;0;0;0;0;0;0
5-862;Amputation und Exartikulation obere Extremität;0;0;0;0;0;0;0;0
5-863;Amputation und Exartikulation Hand;23;17;1,3529;0,2609;0,3478;0,4783;0,5652;0,6522
5-864;Amputation und Exartikulation untere Extremität;56;11;5,0909;0,3929;0,625;0,8036;0,8571;0,9107
5-865;Amputation und Exartikulation Fuß;397;58;6,8448;0,5693;0,7229;0,801;0,864;0,9093
5-866;Revision eines Amputationsgebietes;33;12;2,75;0,4242;0,5758;0,7576;0,7879;0,8182
5-867;Operationen bei kongenitalen Anomalien des Fußes;0;0;0;0;0;0;0;0
5-868;Operationen bei anderen kongenitalen Anomalien des Bewegungsapparates;0;0;0;0;0;0;0;0
5-869;Andere Operationen an den Bewegungsorganen;571;56;10,1964;0,5622;0,7145;0,8039;0,8564;0,9124
5-86a;Zusatzinformationen zu Operationen an den Bewegungsorganen;762;36;21,1667;0,5223;0,6995;0,8281;0,8845;0,9357
5-870;Partielle (brusterhaltende) Exzision der Mamma und Destruktion von Mammagewebe;3738;110;33,9818;0,6675;0,8063;0,881;0,9302;0,958
5-872;(Modifizierte radikale) Mastektomie;619;77;8,039;0,5913;0,7027;0,7997;0,8627;0,9015
5-874;Erweiterte (radikale) Mastektomie mit Resektion an den Mm. pectorales majores et minores und Thoraxwandteilresektion;80;27;2,963;0,3875;0,4875;0,6125;0,725;0,80
5-877;Subkutane Mastektomie und hautsparende Mastektomieverfahren;370;35;10,5714;0,7162;0,8162;0,8919;0,9189;0,9432
5-879;Andere Exzision und Resektion der Mamma;113;41;2,7561;0,3894;0,531;0,646;0,7522;0,823
5-881;Inzision der Mamma;255;76;3,3553;0,4078;0,5451;0,6549;0,7373;0,80
5-882;Operationen an der Brustwarze;188;30;6,2667;0,5851;0,75;0,8351;0,883;0,9149
5-883;Plastische Operationen zur Vergrößerung der Mamma;165;24;6,875;0,4848;0,7333;0,8061;0,8727;0,9091
5-884;Mammareduktionsplastik;454;46;9,8696;0,5925;0,7313;0,8348;0,8899;0,9273
5-885;Plastische Rekonstruktion der Mamma mit Haut- und Muskeltransplantation;165;18;9,1667;0,6545;0,8182;0,8485;0,897;0,9273
5-886;Andere plastische Rekonstruktion der Mamma;383;29;13,2069;0,6684;0,7963;0,8721;0,9269;0,9582
5-889;Andere Operationen an der Mamma;472;45;10,4889;0,7076;0,8072;0,8665;0,9025;0,9364
5-890;Tätowieren und Einbringen von Fremdmaterial in Haut und Unterhaut;66;3;22,00;0,7727;0,7727;0,7727;0,7727;0,9848
5-891;Inzision eines Sinus pilonidalis;13;9;1,4444;0,1538;0,3077;0,4615;0,6154;0,6923
5-892;Andere Inzision an Haut und Unterhaut;1993;257;7,7549;0,5931;0,7235;0,8098;0,867;0,9077
5-894;Lokale Exzision von erkranktem Gewebe an Haut und Unterhaut;2310;288;8,0208;0,6013;0,7377;0,8169;0,8745;0,9152
5-895;Radikale und ausgedehnte Exzision von erkranktem Gewebe an Haut und Unterhaut;3949;282;14,0035;0,6204;0,7716;0,8579;0,9093;0,9433
5-896;Chirurgische Wundtoilette [Wunddebridement] mit Entfernung von erkranktem Gewebe an Haut und Unterhaut;1762;177;9,9548;0,6266;0,7582;0,8428;0,8933;0,9285
5-897;Exzision und Rekonstruktion eines Sinus pilonidalis;1377;77;17,8831;0,3558;0,5556;0,711;0,8112;0,8838
5-898;Operationen am Nagelorgan;108;45;2,40;0,4259;0,5648;0,6574;0,7315;0,7963
5-899;Andere Exzision an Haut und Unterhaut;13;12;1,0833;0,1538;0,2308;0,3846;0,4615;0,5385
5-900;Einfache Wiederherstellung der Oberflächenkontinuität an Haut und Unterhaut;528;144;3,6667;0,4489;0,6439;0,7386;0,8068;0,8598
5-901;Freie Hauttransplantation, Entnahmestelle;361;78;4,6282;0,5706;0,7202;0,795;0,8449;0,8892
5-902;Freie Hauttransplantation, Empfängerstelle;712;112;6,3571;0,5983;0,7542;0,8357;0,882;0,9143
5-903;Lokale Lappenplastik an Haut und Unterhaut;2078;172;12,0814;0,7286;0,8306;0,8831;0,9177;0,9427
5-904;Lappenplastik an Haut und Unterhaut, Entnahmestelle;53;13;4,0769;0,3396;0,7547;0,7925;0,8302;0,8868
5-905;Lappenplastik an Haut und Unterhaut, Empfängerstelle;49;31;1,5806;0,2857;0,4286;0,551;0,6122;0,6939
5-906;Kombinierte plastische Eingriffe an Haut und Unterhaut;318;58;5,4828;0,6006;0,7296;0,7925;0,8553;0,9025
5-907;Revision einer Hautplastik;133;32;4,1563;0,6617;0,7594;0,8195;0,8571;0,8797
5-908;Plastische Operation an Lippe und Mundwinkel;58;31;1,871;0,2069;0,3621;0,50;0,6034;0,7414
5-909;Andere Wiederherstellung und Rekonstruktion von Haut und Unterhaut;25;15;1,6667;0,32;0,40;0,56;0,64;0,72
5-910;Straffungsoperation am Gesicht;8;5;1,60;0,375;0,375;0,625;0,625;0,75
5-911;Gewebereduktion an Haut und Unterhaut;383;52;7,3654;0,4883;0,6919;0,8016;0,8616;0,9112
5-912;Haartransplantation und Haartransposition;-999;-999;-999,00;-9,99;-9,99;-9,99;-9,99;-9,99
5-913;Entfernung oberflächlicher Hautschichten;229;22;10,4091;0,6507;0,8865;0,9258;0,9432;0,952
5-914;Chemochirurgie der Haut;2;2;1,00;0,50;0,50;0,50;0,50;0,50
5-915;Destruktion von erkranktem Gewebe an Haut und Unterhaut;76;22;3,4545;0,6184;0,7105;0,8026;0,8289;0,8553
5-916;Temporäre Weichteildeckung;1676;115;14,5739;0,7542;0,8443;0,8986;0,9296;0,9535
5-917;Syndaktylie- und Polydaktyliekorrektur der Finger;2;2;1,00;0,50;0,50;0,50;0,50;0,50
5-918;Syndaktylie- und Polydaktyliekorrektur der Zehen;2;2;1,00;0,50;0,50;0,50;0,50;0,50
5-919;Operative Versorgung von Mehrfachtumoren an einer Lokalisation der Haut in einer Sitzung;79;11;7,1818;0,6962;0,8101;0,8608;0,8861;0,9367
5-91a;Andere Operationen an Haut und Unterhaut;12;8;1,50;0,25;0,4167;0,4167;0,5833;0,6667
5-920;Inzision an Haut und Unterhaut bei Verbrennungen und Verätzungen;0;0;0;0;0;0;0;0
5-921;Chirurgische Wundtoilette [Wunddebridement] und Entfernung von erkranktem Gewebe an Haut und Unterhaut bei Verbrennungen und Verätzungen;15;11;1,3636;0,20;0,3333;0,4667;0,5333;0,6667
5-922;Wunddebridement an Muskel, Sehne und Faszie bei Verbrennungen und Verätzungen;-999;-999;-999,00;-9,99;-9,99;-9,99;-9,99;-9,99
5-923;Temporäre Weichteildeckung bei Verbrennungen und Verätzungen;2;2;1,00;0,50;0,50;0,50;0,50;0,50
5-924;Freie Hauttransplantation und Lappenplastik an Haut und Unterhaut bei Verbrennungen und Verätzungen, Entnahmestelle;-999;-999;-999,00;-9,99;-9,99;-9,99;-9,99;-9,99
5-925;Freie Hauttransplantation und Lappenplastik an Haut und Unterhaut bei Verbrennungen und Verätzungen, Empfängerstelle;2;2;1,00;0,50;0,50;0,50;0,50;0,50
5-926;Lokale Lappenplastik an Haut und Unterhaut bei Verbrennungen und Verätzungen;3;3;1,00;0,3333;0,3333;0,3333;0,3333;0,6667
5-927;Kombinierte plastische Eingriffe an Haut und Unterhaut bei Verbrennungen und Verätzungen;0;0;0;0;0;0;0;0
5-928;Primärer Wundverschluss der Haut und Revision einer Hautplastik bei Verbrennungen und Verätzungen;4;2;2,00;0,75;0,75;0,75;0,75;0,75
5-929;Andere Operationen bei Verbrennungen und Verätzungen;0;0;0;0;0;0;0;0
5-930;Art des Transplantates;762;25;30,48;0,7808;0,8806;0,9606;0,9724;0,9816
5-931;Art des verwendeten Knochenersatz- und Osteosynthesematerials;1608;42;38,2857;0,6748;0,9017;0,9658;0,9764;0,9838
5-932;Art des verwendeten Materials für Gewebeersatz und Gewebeverstärkung;9993;180;55,5167;0,5926;0,8088;0,8987;0,9389;0,9647
5-933;Verwendung einer Kunststoff- oder biologischen Membran zur Prophylaxe von Adhäsionen;84;12;7,00;0,3571;0,5833;0,881;0,9048;0,9286
5-934;Verwendung von MRT-fähigem Material;243;12;20,25;0,284;0,5432;0,8395;0,9053;0,9424
5-935;Verwendung von beschichtetem Osteosynthesematerial;-999;-999;-999,00;-9,99;-9,99;-9,99;-9,99;-9,99
5-936;Verwendung von Arzneimitteln für neuartige Therapien;0;0;0;0;0;0;0;0
5-937;Verwendung von thermomechanischem Osteosynthesematerial;0;0;0;0;0;0;0;0
5-981;Versorgung bei Mehrfachverletzung;3;3;1,00;0,3333;0,3333;0,3333;0,3333;0,6667
5-982;Versorgung bei Polytrauma;2;2;1,00;0,50;0,50;0,50;0,50;0,50
5-983;Reoperation;9834;288;34,1458;0,5738;0,7626;0,8585;0,9203;0,9561
5-984;Mikrochirurgische Technik;27773;202;137,4901;0,6228;0,7827;0,8851;0,9383;0,9695
5-985;Lasertechnik;5453;143;38,1329;0,4785;0,7042;0,8346;0,9081;0,9527
5-986;Minimalinvasive Technik;10424;84;124,0952;0,7115;0,8567;0,9235;0,9651;0,9842
5-987;Anwendung eines OP-Roboters;-999;-999;-999,00;-9,99;-9,99;-9,99;-9,99;-9,99
5-988;Anwendung eines Navigationssystems;1100;32;34,375;0,4427;0,7055;0,8382;0,8918;0,9336
5-989;Fluoreszenzgestützte Therapieverfahren;393;14;28,0714;0,374;0,6692;0,7837;0,8982;0,9364
5-98a;Hybridtherapie;0;0;0;0;0;0;0;0
5-98b;Anwendung eines flexiblen Ureterorenoskops;476;19;25,0526;0,4202;0,6113;0,7605;0,8634;0,9307
5-98c;Anwendung eines Klammernahtgerätes;325;19;17,1053;0,4154;0,6585;0,8092;0,88;0,9354
5-98d;Verwendung von patientenindividuell hergestelltem Instrumentarium;268;5;53,60;0,7612;0,7612;0,959;0,959;0,9776
5-98e;Intraoperative Blutflussmessung in Gefäßen;64;2;32,00;0,9844;0,9844;0,9844;0,9844;0,9844
5-98f;Einsatz von Shavertechnik zur Weichteil- und Knochenabtragung bei Operationen an Nase, Nasennebenhöhlen und Gesichtsschädelknochen;28;7;4,00;0,3214;0,3214;0,5714;0,75;0,8929
5-995;Vorzeitiger Abbruch einer Operation (Eingriff nicht komplett durchgeführt);425;148;2,8716;0,4471;0,6024;0,6988;0,7694;0,8259
