﻿DRG;name;Relativgewicht;AnzahlHA;AntAnGesFallzahl
A18Z;Beatmung > 999 Stunden und Transplantation von Leber, Lunge, Herz und Knochenmark oder Stammzelltransfusion;68,208;152;0,00
A06A;Beatmung > 1799 Stunden mit intensivmedizinischer Komplexbehandlung > 2940 / 3680 / 5520 Aufwandspunkte oder mit hochkomplexem Eingriff;60,835;594;0,00
P61A;Neugeborenes, Aufnahmegewicht < 600 g mit signifikanter OR-Prozedur;53,827;225;0,00
A05A;Herztransplantation mit Beatmung > 179 Stunden oder intensivmedizinischer Komplexbehandlung > 2646 / 2484 / - Aufwandspunkte;52,806;96;0,00
A06B;Beatmung > 1799 Stunden mit komplexer OR-Prozedur oder Polytrauma, ohne hochkomplexen Eingriff, ohne intensivmedizinische Komplexbehandlung > 2940 / 3680 / 5520 Aufwandspunkte;50,482;151;0,00
A07A;Beatmung > 999 Stunden oder > 499 Stunden mit intensivmedizinischer Komplexbehandlung > 4900 / 4600 / 4600 Aufwandspunkte, mit komplexer OR-Prozedur oder Polytrauma und int. Komplexbeh. > 3920 / 3680 / 3680 P. oder mit hochkompl. oder dreizeitigem Eingr.;45,793;848;0,00
P61C;Neugeborenes, Aufnahmegewicht 600 - 749 g mit signifikanter OR-Prozedur;44,421;221;0,00
A06C;Beatmung > 1799 Stunden, ohne komplexe OR-Prozedur, ohne Polytrauma, ohne intensivmedizinische Komplexbehandlung > 2940 / 5520 / - Aufwandspunkte;43,318;920;0,00
A07B;Beatmung > 999 Stunden oder > 499 Stunden mit intensivmedizinischer Komplexbehandlung > 4900 / 4600 / 4600 Aufwandspunkte, mit kompl. OR-Proz. und kompliz. Konst. od. mit Polytrauma oder Alter < 16 J. oder intensivmed. Komplexbeh. > - / 3220 / - Punkte;36,035;1571;0,0001
A09A;Beatmung > 499 Stunden oder > 249 Stunden mit int. Komplexbeh. > 2352/1932/2208 P., mit hochkomplexem Eingriff oder kompl. OR-Proz. und Alter < 16 Jahre, mit int. Komplexbeh. > 1764/1932/- P. oder mit sehr kompl. Eingr. und int. Komplexbeh. > -/2208/- P.;33,711;1414;0,0001
P02A;Kardiothorakale oder Gefäßeingriffe bei Neugeborenen, Beatmung > 480 Stunden;33,52;146;0,00
P61B;Neugeborenes, Aufnahmegewicht < 600 g ohne signifikante OR-Prozedur;32,892;369;0,00
A04B;Knochenmarktransplantation / Stammzelltransfusion, allogen, außer bei Plasmozytom oder mit Graft-versus-host-Krankheit Grad III und IV, mit Gabe bestimmter Stammzellen oder Alter < 16 Jahre, mit bestimmter Entnahme oder Stammzellboost;31,415;59;0,00
A03A;Lungentransplantation mit Beatmung > 179 Stunden;30,449;55;0,00
A07C;Beatmung > 999 Stunden oder > 499 Stunden mit intensivmedizinischer Komplexbehandlung > 4900 / 4600 / 4600 Punkte, mit komplexer OR-Prozedur, ohne Polytrauma, Alter > 15 Jahre oder mit intensivmedizinischer Komplexbehandlung > 2352 / 1932 / 2484 Punkte;29,861;2602;0,0001
P62A;Neugeborenes, Aufnahmegewicht 750 - 999 g mit signifikanter OR-Prozedur;29,454;247;0,00
P61D;Neugeborenes, Aufnahmegewicht 600 - 749 g ohne signifikante OR-Prozedur;29,22;680;0,00
A01A;Lebertransplantation mit Beatmung > 179 Stunden oder kombinierter Dünndarmtransplantation;28,525;80;0,00
A04C;Knochenmarktransplantation / Stammzelltransfusion, allogen, < 16 J., od. GVHD Grad III/IV od. auß. b. Plasmozytom, mit Gabe best. Stammz. od. GVHD III/IV od. HLA-versch., mit best. Entn. od. SZ-Boost, od. m. intensivm. Komplexbeh. > 1764 / 1932 / 2760 P.;28,096;374;0,00
A07D;Beatmung > 999 Stunden ohne komplexe OR-Prozedur, ohne Polytrauma, Alter > 15 Jahre, mit intensivmedizinischer Komplexbehandlung > 1176 / 1104 / 2208 und < 2353 / 1933 / 2209 Aufwandspunkte, mit komplexer Diagnose oder komplizierender Konstellation;27,113;574;0,00
