﻿kapitel;kapitelname;Anzahl KH;AnzahlTS
01;Bestimmte infektiöse und parasitäre Krankheiten;168;4877
02;Neubildungen;246;149535
03;Krankheiten des Blutes und der blutbildenden Organe sowie bestimmte Störungen mit Beteiligung des Immunsystems;164;7448
04;Endokrine, Ernährungs- und Stoffwechselkrankheiten;221;15211
05;Psychische und Verhaltensstörungen;220;19068
06;Krankheiten des Nervensystems;276;39070
07;Krankheiten des Auges und der Augenanhangsgebilde;83;7585
08;Krankheiten des Ohres und des Warzenfortsatzes;110;8557
09;Krankheiten des Kreislaufsystems;236;12056
10;Krankheiten des Atmungssystems;198;5525
11;Krankheiten des Verdauungssystems;186;13731
12;Krankheiten der Haut und der Unterhaut;118;19475
13;Krankheiten des Muskel-Skelett-Systems und des Bindegewebes;287;28971
14;Krankheiten des Urogenitalsystems;198;13201
15;Schwangerschaft, Geburt und Wochenbett;23;924
16;Bestimmte Zustände, die ihren Ursprung in der Perinatalperiode haben;29;167
17;Angeborene Fehlbildungen, Deformitäten und Chromosomenanomalien;98;5739
18;Symptome und abnorme klinische und Laborbefunde, die anderenorts nicht klassifiziert sind;293;28139
19;Verletzungen, Vergiftungen und bestimmte andere Folgen äußerer Ursachen;233;9680
20;Äußere Ursachen von Morbidität und Mortalität;0;0
21;Faktoren, die den Gesundheitszustand beeinflussen und zur Inanspruchnahme des Gesundheitswesens führen;223;39167
22;Schlüsselnummern für besondere Zwecke;5;10
