﻿DRG;name;Relativgewicht;AnzahlBA;AntAnGesFallzahl
P67D;Neugeborener Einling, Aufnahmegewicht > 2499 g ohne OR-Prozedur, ohne Beatmung > 95 Stunden, ohne schweres Problem, ohne anderes Problem oder ein Belegungstag;0,225;37515;0,0701
D30B;Tonsillektomie außer bei bösartiger Neubildung oder verschiedene Eingriffe an Ohr, Nase, Mund und Hals ohne äußerst schwere CC, ohne aufwendigen Eingriff, ohne komplexe Diagnose;0,474;28008;0,0523
D06C;Eingriffe an Nasennebenhöhlen, Mastoid, komplexe Eingriffe am Mittelohr und andere Eingriffe an den Speicheldrüsen, Alter > 15 Jahre, ohne komplexe Prozedur, ohne komplexe Diagnose;0,527;27204;0,0508
D38Z;Mäßig komplexe Eingriffe an der Nase oder an den Nasennebenhöhlen;0,467;25105;0,0469
O60D;Vaginale Entbindung ohne komplizierende Diagnose, Schwangerschaftsdauer mehr als 33 vollendete Wochen;0,425;21598;0,0404
C08B;Extrakapsuläre Extraktion der Linse (ECCE) ohne angeborene Fehlbildung der Linse;0,38;18321;0,0342
L20C;Transurethrale Eingriffe außer Prostataresektion und kompl. Ureterorenoskopien ohne ESWL, ohne kompl. Eingr., ohne fluoreszenzgestützte TUR der Harnbl. od. and. Eingr. an der Urethra außer bei Para- / Tetraplegie, ohne äußerst schw. CC, Alter < 90 Jahre;0,503;10948;0,0205
G24B;Eingriffe bei Hernien, ohne plastische Rekonstruktion der Bauchwand;0,65;8466;0,0158
I44B;Implantation einer bikondylären Endoprothese oder andere Endoprothesenimplantation / -revision am Kniegelenk, ohne äußerst schweren CC oder ohne Korrektur einer Brustkorbdeformität;1,813;8455;0,0158
I47B;Revision oder Ersatz des Hüftgelenkes ohne komplizierende Diagnose, ohne Arthrodese, ohne äußerst schwere CC, Alter > 15 Jahre, ohne komplizierenden Eingriff;1,821;7616;0,0142
I68D;Nicht operativ behandelte Erkrankungen und Verletzungen im Wirbelsäulenbereich, mehr als ein Belegungstag, oder andere Femurfraktur, außer bei Diszitis oder infektiöser Spondylopathie, ohne Kreuzbeinfraktur;0,446;7600;0,0142
O01H;Primäre Sectio caesarea ohne komplizierende Diagnose, Schwangerschaftsdauer mehr als 33 vollendete Wochen (SSW), ohne komplexe Diagnose;0,656;6671;0,0125
G26B;Andere Eingriffe am Anus, Alter > 13 Jahre oder außer bei bestimmter bösartiger Neubildung;0,459;6549;0,0122
L64A;Harnsteine und Harnwegsobstruktion mit äußerst schweren oder schweren CC oder Urethrastriktur, andere leichte bis moderate Erkrankung der Harnorgane, bestimmte Beschwerden und Symptome der Harnorgane, mehr als ein Belegungstag oder Urethrozystoskopie;0,40;6501;0,0122
I30Z;Komplexe Eingriffe am Kniegelenk oder arthroskopische Eingriffe am Hüftgelenk;0,728;5633;0,0105
I29B;Komplexe Eingriffe am Schultergelenk oder bestimmte Osteosynthesen an der Klavikula, ohne komplizierende Diagnose oder ohne Eingriff an mehreren Lokalisationen;0,735;5631;0,0105
O65B;Andere vorgeburtliche stationäre Aufnahme ohne äußerst schwere oder schwere CC, ohne komplexe Diagnose, ohne komplizierenden Eingriff, mehr als ein Belegungstag;0,277;5312;0,0099
M02B;Transurethrale Prostataresektion ohne äußerst schwere CC;0,694;5284;0,0099
F49G;Invasive kardiologische Diagnostik außer bei akutem Myokardinfarkt, ohne äußerst schwere CC, Alter > 14 Jahre, ohne kardiales Mapping, ohne schwere CC bei mehr als einem Belegungstag, ohne komplexe Diagnose, ohne bestimmten Eingriff;0,498;5284;0,0099
I18B;Wenig komplexe Eingriffe an Kniegelenk, Ellenbogengelenk und Unterarm, Alter > 15 Jahre, ohne mäßig komplexen Eingriff, ohne beidseitigen Eingriff am Kniegelenk;0,465;4886;0,0091
