﻿DRG;name;Relativgewicht;AnzahlHA;AntAnGesFallzahl
P60C;Neugeborenes, verlegt < 5 Tage nach Aufnahme ohne signifikante OR-Prozedur, nicht zuverlegt, ohne Beatmung > 24 Stunden (Mindestverweildauer 24 Stunden für das Krankenhaus, in dem die Geburt stattfindet);0,18;13487;0,0007
P67D;Neugeborener Einling, Aufnahmegewicht > 2499 g ohne OR-Prozedur, ohne Beatmung > 95 Stunden, ohne schweres Problem, ohne anderes Problem oder ein Belegungstag;0,249;602293;0,0327
C64Z;Glaukom, Katarakt und Erkrankungen des Augenlides;0,263;36425;0,002
E78Z;Kontrolle oder Optimierung einer bestehenden häuslichen Beatmung, bis 2 Belegungstage;0,283;27264;0,0015
E63B;Schlafapnoesyndrom oder kardiorespiratorische Polysomnographie oder Polygraphie bis 2 Belegungstage, Alter > 15 Jahre;0,296;110354;0,006
N62B;Menstruationsstörungen und andere Erkrankungen der weiblichen Geschlechtsorgane ohne komplexe Diagnose;0,316;16026;0,0009
O63Z;Abort ohne Dilatation und Kürettage, Aspirationskürettage oder Hysterotomie;0,34;6874;0,0004
B80Z;Andere Kopfverletzungen;0,342;230501;0,0125
E63A;Schlafapnoesyndrom oder kardiorespiratorische Polysomnographie oder Polygraphie bis 2 Belegungstage, Alter < 16 Jahre;0,343;4341;0,0002
P66D;Neugeborenes, Aufnahmegewicht 2000 - 2499 g ohne signifikante OR-Prozedur, ohne Beatmung > 95 Stunden, ohne Problem oder neugeborener Mehrling, Aufnahmegewicht > 2499 g ohne OR-Prozedur, ohne Beatmung > 95 Stunden, ohne Problem oder ein Belegungstag;0,345;23638;0,0013
L64C;Harnsteine und Harnwegsobstruktion ohne äußerst schwere oder schwere CC oder Urethrastriktur, andere leichte bis moderate Erkrankung der Harnorgane, bestimmte Beschwerden und Symptome der Harnorgane, ein Belegungstag, Alter > 13 Jahre;0,348;75028;0,0041
D64Z;Laryngotracheitis, Laryngospasmus und Epiglottitis;0,367;8777;0,0005
G72B;Andere leichte bis moderate Erkrankungen der Verdauungsorgane, Alter > 2 Jahre oder Abdominalschmerz oder mesenteriale Lymphadenitis, Alter > 2 Jahre und Alter < 56 Jahre oder ohne CC;0,378;135204;0,0073
G72A;Andere leichte bis moderate Erkrankungen der Verdauungsorgane oder Abdominalschmerz oder mesenteriale Lymphadenitis, Alter < 3 Jahre;0,379;1350;0,0001
X64Z;Andere Krankheit verursacht durch Verletzung, Vergiftung oder toxische Wirkung;0,379;20149;0,0011
O61Z;Stationäre Aufnahme nach Entbindung oder Abort ohne OR-Prozedur, ohne bestimmten Eingriff an der Mamma;0,381;17817;0,001
C62Z;Hyphäma und konservativ behandelte Augenverletzungen;0,383;5671;0,0003
O05C;Intrauterine Therapie des Feten;0,384;314;0,00
Z64D;Andere Faktoren, die den Gesundheitszustand beeinflussen und Nachbehandlung nach abgeschlossener Behandlung ohne Radiojoddiagnostik, ohne bestimmten Kontaktanlass;0,399;46127;0,0025
J65Z;Verletzung der Haut, Unterhaut und Mamma;0,401;162127;0,0088
