﻿Bettenstufe;Summe KH;Anteil KH;BettenstufeSort
bis 49 Betten;167;0,1128;b0049
50 bis 99 Betten;185;0,125;b0099
100 bis 149 Betten;189;0,1277;b0149
150 bis 199 Betten;174;0,1176;b0199
200 bis 249 Betten;119;0,0804;b0249
250 bis 299 Betten;102;0,0689;b0299
300 bis 399 Betten;174;0,1176;b0399
400 bis 499 Betten;109;0,0736;b0499
500 bis 599 Betten;86;0,0581;b0599
600 bis 799 Betten;75;0,0507;b0799
800 bis 999 Betten;29;0,0196;b0999
1000 Betten und mehr;53;0,0358;b1000+
Ohne Angabe;18;0,0122;oA
