﻿EntlGrdName;Anzahl BA;sortnr
Behandlung beendet (01, 03, 04);474721;9
Behandlung beendet, nachstat. Beh. vorgesehen (02, 14, 15);3339;10
Tod;1492;11
Verlegung (E) in ein anderes Krankenhaus;6252;12
Verlegung (E) in ein anderes Krankenhaus im Rahmen einer Kooperation;235;13
Externe Verlegung (E) zur psych. Behandlung;13;14
Fallabschluss (interne Verlegung) mit Wechsel zwischen voll- und teilstationärer Behandlung;6;15
Entlassung in andere Versorgungseinrichtung (099, 109, 119);11652;16
Interne Verlegung zwischen den Entgeltbereichen der DRG-Fallpauschalen, nach der BPflV oder für besondere Einrichtungen nach § 17 Abs. 1 Satz 15 KHG;57;17
Zuständigkeitswechsel des Kostenträgers;1;18
Entlassungen/Verlegungen gesamt;497768;20
