﻿gruppe;gruppename;Anzahl KH;AnzahlTS
1-10 ... 1-10;Klinische Untersuchung;24;1191
1-20 ... 1-33;Untersuchung einzelner Körpersysteme;231;48865
1-40 ... 1-49;Biopsie ohne Inzision;211;13999
1-50 ... 1-58;Biopsie durch Inzision;39;194
1-61 ... 1-69;Diagnostische Endoskopie;235;15916
1-70 ... 1-79;Funktionstests;222;51085
1-84 ... 1-85;Explorative diagnostische Maßnahmen;78;1915
1-90 ... 1-99;Andere diagnostische Maßnahmen;115;13368
3-03 ... 3-05;Ultraschalluntersuchungen;144;6220
3-10 ... 3-13;Projektionsradiographie;113;2905
3-20 ... 3-26;Computertomographie (CT);306;78216
3-30 ... 3-31;Optische Verfahren;7;53
3-60 ... 3-69;Darstellung des Gefäßsystems;62;448
3-70 ... 3-76;Nuklearmedizinische diagnostische Verfahren;104;12353
3-80 ... 3-84;Magnetresonanztomographie (MRT);222;40418
3-90 ... 3-90;Andere bildgebende Verfahren;83;2229
3-99 ... 3-99;Zusatzinformationen zu bildgebenden Verfahren;158;38816
5-01 ... 5-05;Operationen am Nervensystem;14;803
5-06 ... 5-07;Operationen an endokrinen Drüsen;-999;-999
5-08 ... 5-16;Operationen an den Augen;23;12743
5-18 ... 5-20;Operationen an den Ohren;33;1191
5-21 ... 5-22;Operationen an Nase und Nasennebenhöhlen;22;704
5-23 ... 5-28;Operationen an Mundhöhle und Gesicht;29;1948
5-29 ... 5-31;Operationen an Pharynx, Larynx und Trachea;9;271
5-32 ... 5-34;Operationen an Lunge und Bronchus;6;7
5-35 ... 5-37;Operationen am Herzen;10;65
5-38 ... 5-39;Operationen an den Blutgefäßen;69;659
5-40 ... 5-41;Operationen am hämatopoetischen und Lymphgefäßsystem;19;140
5-42 ... 5-54;Operationen am Verdauungstrakt;89;1146
5-55 ... 5-59;Operationen an den Harnorganen;17;127
5-60 ... 5-64;Operationen an den männlichen Geschlechtsorganen;23;133
5-65 ... 5-71;Operationen an den weiblichen Geschlechtsorganen;22;338
5-72 ... 5-75;Geburtshilfliche Operationen;2;15
5-76 ... 5-77;Operationen an Kiefer- und Gesichtsschädelknochen;10;137
5-78 ... 5-86;Operationen an den Bewegungsorganen;38;383
5-87 ... 5-88;Operationen an der Mamma;10;277
5-89 ... 5-92;Operationen an Haut und Unterhaut;92;14128
5-93 ... 5-99;Zusatzinformationen zu Operationen;48;14077
6-00 ... 6-00;Applikation von Medikamenten;158;33144
8-01 ... 8-02;Applikation von Medikamenten und Nahrung und therapeutische Injektion;87;3845
8-03 ... 8-03;Immuntherapie;17;315
8-10 ... 8-11;Entfernung von Fremdmaterial und Konkrementen;30;446
8-12 ... 8-13;Manipulationen an Verdauungstrakt und Harntrakt;108;1855
8-14 ... 8-17;Therapeutische Katheterisierung, Aspiration, Punktion und Spülung;126;3973
8-19 ... 8-19;Verbände;72;4229
8-20 ... 8-22;Geschlossene Reposition und Korrektur von Deformitäten;7;18
8-31 ... 8-39;Immobilisation und spezielle Lagerung;18;383
8-40 ... 8-41;Knochenextension und andere Extensionsverfahren;2;2
8-50 ... 8-51;Tamponade von Blutungen und Manipulation an Fetus oder Uterus;5;335
8-52 ... 8-54;Strahlentherapie, nuklearmedizinische Therapie und Chemotherapie;146;106285
8-55 ... 8-60;Frührehabilitative und physikalische Therapie;90;13130
8-63 ... 8-66;Elektrostimulation, Elektrotherapie und Dauer der Behandlung durch fokussierten Ultraschall;39;3227
8-70 ... 8-72;Maßnahmen für das Atmungssystem;51;18318
8-77 ... 8-77;Maßnahmen im Rahmen der Reanimation;5;5
8-80 ... 8-85;Maßnahmen für den Blutkreislauf;244;57029
8-86 ... 8-86;Therapie mit besonderen Zellen und Blutbestandteilen;3;21
8-90 ... 8-91;Anästhesie und Schmerztherapie;162;33855
8-92 ... 8-93;Patientenmonitoring;74;5857
8-97 ... 8-98;Komplexbehandlung;200;57593
8-99 ... 8-99;Zusatzinformationen zu nicht operativen therapeutischen Maßnahmen;-999;-999
9-20 ... 9-20;Pflege und Versorgung von Patienten;3;3
9-26 ... 9-28;Geburtsbegleitende Maßnahmen und Behandlung wegen Infertilität;-999;-999
9-31 ... 9-32;Phoniatrische und pädaudiologische Therapie;56;7930
9-40 ... 9-41;Psychosoziale, psychosomatische, neuropsychologische und psychotherapeutische Therapie;108;9493
9-50 ... 9-51;Präventive und ergänzende kommunikative Maßnahmen;68;5266
9-60 ... 9-64;Behandlung bei psychischen und psychosomatischen Störungen und Verhaltensstörungen bei Erwachsenen;4;52
9-65 ... 9-69;Behandlung bei psychischen und psychosomatischen Störungen und Verhaltensstörungen bei Kindern und Jugendlichen;0;0
9-98 ... 9-99;Andere ergänzende Maßnahmen und Informationen;207;11996
