﻿Stufe;BereichName;Anzahl KH;Anteil KH;StufeSort;BereichSortName
bis 49 Betten;CMI < 0,9;102;0,6145;001 bis 049 Betten;CMI09
bis 49 Betten;CMI 0,9 bis unter 1,0;7;0,0422;001 bis 049 Betten;CMI0910
bis 49 Betten;CMI 1,0 bis unter 1,1;14;0,0843;001 bis 049 Betten;CMI1011
bis 49 Betten;CMI 1,1 bis unter 1,2;6;0,0361;001 bis 049 Betten;CMI1112
bis 49 Betten;CMI 1,2 bis unter 1,3;7;0,0422;001 bis 049 Betten;CMI1213
bis 49 Betten;CMI >= 1,3;30;0,1807;001 bis 049 Betten;CMI13
50 bis 99 Betten;CMI < 0,9;69;0,373;050 bis 099 Betten;CMI09
50 bis 99 Betten;CMI 0,9 bis unter 1,0;22;0,1189;050 bis 099 Betten;CMI0910
50 bis 99 Betten;CMI 1,0 bis unter 1,1;20;0,1081;050 bis 099 Betten;CMI1011
50 bis 99 Betten;CMI 1,1 bis unter 1,2;8;0,0432;050 bis 099 Betten;CMI1112
50 bis 99 Betten;CMI 1,2 bis unter 1,3;9;0,0486;050 bis 099 Betten;CMI1213
50 bis 99 Betten;CMI >= 1,3;57;0,3081;050 bis 099 Betten;CMI13
100 bis 149 Betten;CMI < 0,9;69;0,3651;100 bis 149 Betten;CMI09
100 bis 149 Betten;CMI 0,9 bis unter 1,0;30;0,1587;100 bis 149 Betten;CMI0910
100 bis 149 Betten;CMI 1,0 bis unter 1,1;34;0,1799;100 bis 149 Betten;CMI1011
100 bis 149 Betten;CMI 1,1 bis unter 1,2;6;0,0317;100 bis 149 Betten;CMI1112
100 bis 149 Betten;CMI 1,2 bis unter 1,3;8;0,0423;100 bis 149 Betten;CMI1213
100 bis 149 Betten;CMI >= 1,3;42;0,2222;100 bis 149 Betten;CMI13
150 bis 199 Betten;CMI < 0,9;69;0,3966;150 bis 199 Betten;CMI09
150 bis 199 Betten;CMI 0,9 bis unter 1,0;50;0,2874;150 bis 199 Betten;CMI0910
150 bis 199 Betten;CMI 1,0 bis unter 1,1;18;0,1034;150 bis 199 Betten;CMI1011
150 bis 199 Betten;CMI 1,1 bis unter 1,2;8;0,046;150 bis 199 Betten;CMI1112
150 bis 199 Betten;CMI 1,2 bis unter 1,3;6;0,0345;150 bis 199 Betten;CMI1213
150 bis 199 Betten;CMI >= 1,3;23;0,1322;150 bis 199 Betten;CMI13
200 bis 249 Betten;CMI < 0,9;38;0,3193;200 bis 249 Betten;CMI09
200 bis 249 Betten;CMI 0,9 bis unter 1,0;45;0,3782;200 bis 249 Betten;CMI0910
200 bis 249 Betten;CMI 1,0 bis unter 1,1;13;0,1092;200 bis 249 Betten;CMI1011
200 bis 249 Betten;CMI 1,1 bis unter 1,2;7;0,0588;200 bis 249 Betten;CMI1112
200 bis 249 Betten;CMI 1,2 bis unter 1,3;3;0,0252;200 bis 249 Betten;CMI1213
200 bis 249 Betten;CMI >= 1,3;13;0,1092;200 bis 249 Betten;CMI13
250 bis 299 Betten;CMI < 0,9;30;0,2941;250 bis 299 Betten;CMI09
250 bis 299 Betten;CMI 0,9 bis unter 1,0;33;0,3235;250 bis 299 Betten;CMI0910
250 bis 299 Betten;CMI 1,0 bis unter 1,1;17;0,1667;250 bis 299 Betten;CMI1011
250 bis 299 Betten;CMI 1,1 bis unter 1,2;11;0,1078;250 bis 299 Betten;CMI1112
250 bis 299 Betten;CMI 1,2 bis unter 1,3;4;0,0392;250 bis 299 Betten;CMI1213
250 bis 299 Betten;CMI >= 1,3;7;0,0686;250 bis 299 Betten;CMI13
300 bis 399 Betten;CMI < 0,9;43;0,2471;300 bis 399 Betten;CMI09
300 bis 399 Betten;CMI 0,9 bis unter 1,0;59;0,3391;300 bis 399 Betten;CMI0910
300 bis 399 Betten;CMI 1,0 bis unter 1,1;36;0,2069;300 bis 399 Betten;CMI1011
300 bis 399 Betten;CMI 1,1 bis unter 1,2;10;0,0575;300 bis 399 Betten;CMI1112
300 bis 399 Betten;CMI 1,2 bis unter 1,3;7;0,0402;300 bis 399 Betten;CMI1213
300 bis 399 Betten;CMI >= 1,3;19;0,1092;300 bis 399 Betten;CMI13
400 bis 499 Betten;CMI < 0,9;15;0,1376;400 bis 499 Betten;CMI09
400 bis 499 Betten;CMI 0,9 bis unter 1,0;42;0,3853;400 bis 499 Betten;CMI0910
400 bis 499 Betten;CMI 1,0 bis unter 1,1;28;0,2569;400 bis 499 Betten;CMI1011
400 bis 499 Betten;CMI 1,1 bis unter 1,2;13;0,1193;400 bis 499 Betten;CMI1112
400 bis 499 Betten;CMI 1,2 bis unter 1,3;6;0,055;400 bis 499 Betten;CMI1213
400 bis 499 Betten;CMI >= 1,3;5;0,0459;400 bis 499 Betten;CMI13
500 bis 599 Betten;CMI < 0,9;6;0,0698;500 bis 599 Betten;CMI09
500 bis 599 Betten;CMI 0,9 bis unter 1,0;26;0,3023;500 bis 599 Betten;CMI0910
500 bis 599 Betten;CMI 1,0 bis unter 1,1;23;0,2674;500 bis 599 Betten;CMI1011
500 bis 599 Betten;CMI 1,1 bis unter 1,2;17;0,1977;500 bis 599 Betten;CMI1112
500 bis 599 Betten;CMI 1,2 bis unter 1,3;5;0,0581;500 bis 599 Betten;CMI1213
500 bis 599 Betten;CMI >= 1,3;9;0,1047;500 bis 599 Betten;CMI13
600 bis 799 Betten;CMI < 0,9;4;0,0533;600 bis 799 Betten;CMI09
600 bis 799 Betten;CMI 0,9 bis unter 1,0;17;0,2267;600 bis 799 Betten;CMI0910
600 bis 799 Betten;CMI 1,0 bis unter 1,1;31;0,4133;600 bis 799 Betten;CMI1011
600 bis 799 Betten;CMI 1,1 bis unter 1,2;15;0,20;600 bis 799 Betten;CMI1112
600 bis 799 Betten;CMI 1,2 bis unter 1,3;1;0,0133;600 bis 799 Betten;CMI1213
600 bis 799 Betten;CMI >= 1,3;7;0,0933;600 bis 799 Betten;CMI13
800 bis 999 Betten;CMI < 0,9;2;0,069;800 bis 999 Betten;CMI09
800 bis 999 Betten;CMI 0,9 bis unter 1,0;1;0,0345;800 bis 999 Betten;CMI0910
800 bis 999 Betten;CMI 1,0 bis unter 1,1;7;0,2414;800 bis 999 Betten;CMI1011
800 bis 999 Betten;CMI 1,1 bis unter 1,2;6;0,2069;800 bis 999 Betten;CMI1112
800 bis 999 Betten;CMI 1,2 bis unter 1,3;2;0,069;800 bis 999 Betten;CMI1213
800 bis 999 Betten;CMI >= 1,3;11;0,3793;800 bis 999 Betten;CMI13
1000 Betten und mehr;CMI < 0,9;0;0,00;ab 1000 Betten;CMI09
1000 Betten und mehr;CMI 0,9 bis unter 1,0;1;0,0189;ab 1000 Betten;CMI0910
1000 Betten und mehr;CMI 1,0 bis unter 1,1;5;0,0943;ab 1000 Betten;CMI1011
1000 Betten und mehr;CMI 1,1 bis unter 1,2;8;0,1509;ab 1000 Betten;CMI1112
1000 Betten und mehr;CMI 1,2 bis unter 1,3;9;0,1698;ab 1000 Betten;CMI1213
1000 Betten und mehr;CMI >= 1,3;30;0,566;ab 1000 Betten;CMI13
