﻿kapitel;kapitelname;Anzahl KH;AnzahlTS
01;Bestimmte infektiöse und parasitäre Krankheiten;169;4750
02;Neubildungen;242;139807
03;Krankheiten des Blutes und der blutbildenden Organe sowie bestimmte Störungen mit Beteiligung des Immunsystems;158;6538
04;Endokrine, Ernährungs- und Stoffwechselkrankheiten;225;15106
05;Psychische und Verhaltensstörungen;235;18968
06;Krankheiten des Nervensystems;281;41350
07;Krankheiten des Auges und der Augenanhangsgebilde;81;8565
08;Krankheiten des Ohres und des Warzenfortsatzes;100;8656
09;Krankheiten des Kreislaufsystems;251;12816
10;Krankheiten des Atmungssystems;199;6117
11;Krankheiten des Verdauungssystems;199;14026
12;Krankheiten der Haut und der Unterhaut;127;18515
13;Krankheiten des Muskel-Skelett-Systems und des Bindegewebes;284;29829
14;Krankheiten des Urogenitalsystems;213;12986
15;Schwangerschaft, Geburt und Wochenbett;25;956
16;Bestimmte Zustände, die ihren Ursprung in der Perinatalperiode haben;32;211
17;Angeborene Fehlbildungen, Deformitäten und Chromosomenanomalien;92;5924
18;Symptome und abnorme klinische und Laborbefunde, die anderenorts nicht klassifiziert sind;300;29853
19;Verletzungen, Vergiftungen und bestimmte andere Folgen äußerer Ursachen;229;9608
20;Äußere Ursachen von Morbidität und Mortalität;0;0
21;Faktoren, die den Gesundheitszustand beeinflussen und zur Inanspruchnahme des Gesundheitswesens führen;224;38632
22;Schlüsselnummern für besondere Zwecke;9;14
