﻿gruppebereich;gruppename;Anzahl KH;AnzahlTS
A00-A09;Infektiöse Darmkrankheiten;60;231
A15-A19;Tuberkulose;17;49
A20-A28;Bestimmte bakterielle Zoonosen;9;11
A30-A49;Sonstige bakterielle Krankheiten;73;348
A50-A64;Infektionen, die vorwiegend durch Geschlechtsverkehr übertragen werden;29;198
A65-A69;Sonstige Spirochätenkrankheiten;50;213
A70-A74;Sonstige Krankheiten durch Chlamydien;3;6
A75-A79;Rickettsiosen;0;0
A80-A89;Virusinfektionen des Zentralnervensystems;22;47
A92-A99;Durch Arthropoden übertragene Viruskrankheiten und virale hämorrhagische Fieber;0;0
B00-B09;Virusinfektionen, die durch Haut- und Schleimhautläsionen gekennzeichnet sind;92;666
B15-B19;Virushepatitis;12;215
B20-B24;HIV-Krankheit [Humane Immundefizienz-Viruskrankheit];14;2251
B25-B34;Sonstige Viruskrankheiten;27;132
B35-B49;Mykosen;40;177
B50-B64;Protozoenkrankheiten;12;34
B65-B83;Helminthosen;13;32
B85-B89;Pedikulose [Läusebefall], Akarinose [Milbenbefall] und sonstiger Parasitenbefall der Haut;24;67
B90-B94;Folgezustände von infektiösen und parasitären Krankheiten;2;3
B95-B98;Bakterien, Viren und sonstige Infektionserreger als Ursache von Krankheiten, die in anderen Kapiteln klassifiziert sind;0;0
B99-B99;Sonstige Infektionskrankheiten;25;70
C00-C14;Bösartige Neubildungen der Lippe, der Mundhöhle und des Pharynx;77;2929
C15-C26;Bösartige Neubildungen der Verdauungsorgane;162;23369
C30-C39;Bösartige Neubildungen der Atmungsorgane und sonstiger intrathorakaler Organe;132;15041
C40-C41;Bösartige Neubildungen des Knochens und des Gelenkknorpels;61;1345
C43-C44;Melanom und sonstige bösartige Neubildungen der Haut;80;9235
C45-C49;Bösartige Neubildungen des mesothelialen Gewebes und des Weichteilgewebes;100;3553
C50-C50;Bösartige Neubildungen der Brustdrüse [Mamma];114;18257
C51-C58;Bösartige Neubildungen der weiblichen Genitalorgane;98;6457
C60-C63;Bösartige Neubildungen der männlichen Genitalorgane;102;4722
C64-C68;Bösartige Neubildungen der Harnorgane;115;2607
C69-C72;Bösartige Neubildungen des Auges, des Gehirns und sonstiger Teile des Zentralnervensystems;81;3495
C73-C75;Bösartige Neubildungen der Schilddrüse und sonstiger endokriner Drüsen;65;1165
C76-C80;Bösartige Neubildungen ungenau bezeichneter, sekundärer und nicht näher bezeichneter Lokalisationen;127;5024
C81-C96;Bösartige Neubildungen des lymphatischen, blutbildenden und verwandten Gewebes, als primär festgestellt oder vermutet;139;30765
C97-C97;Bösartige Neubildungen als Primärtumoren an mehreren Lokalisationen;0;0
D00-D09;In-situ-Neubildungen;46;709
D10-D36;Gutartige Neubildungen;115;4880
D37-D48;Neubildungen unsicheren oder unbekannten Verhaltens;127;6254
D50-D53;Alimentäre Anämien;85;436
D55-D59;Hämolytische Anämien;68;1991
D60-D64;Aplastische und sonstige Anämien;91;1567
D65-D69;Koagulopathien, Purpura und sonstige hämorrhagische Diathesen;87;952
D70-D77;Sonstige Krankheiten des Blutes und der blutbildenden Organe;71;426
D80-D90;Bestimmte Störungen mit Beteiligung des Immunsystems;92;1166
E00-E07;Krankheiten der Schilddrüse;52;1034
E10-E14;Diabetes mellitus;168;5194
E15-E16;Sonstige Störungen der Blutglukose-Regulation und der inneren Sekretion des Pankreas;21;79
E20-E35;Krankheiten sonstiger endokriner Drüsen;61;2104
E40-E46;Mangelernährung;18;53
E50-E64;Sonstige alimentäre Mangelzustände;41;92
E65-E68;Adipositas und sonstige Überernährung;58;2206
E70-E90;Stoffwechselstörungen;137;4344
F00-F09;Organische, einschließlich symptomatischer psychischer Störungen;134;1747
F10-F19;Psychische und Verhaltensstörungen durch psychotrope Substanzen;22;55
F20-F29;Schizophrenie, schizotype und wahnhafte Störungen;28;32
F30-F39;Affektive Störungen;121;679
F40-F48;Neurotische, Belastungs- und somatoforme Störungen;173;10523
F50-F59;Verhaltensauffälligkeiten mit körperlichen Störungen und Faktoren;42;582
F60-F69;Persönlichkeits- und Verhaltensstörungen;21;131
F70-F79;Intelligenzstörung;22;76
F80-F89;Entwicklungsstörungen;50;3614
F90-F98;Verhaltens- und emotionale Störungen mit Beginn in der Kindheit und Jugend;51;1528
F99-F99;Nicht näher bezeichnete psychische Störungen;-999;-999
G00-G09;Entzündliche Krankheiten des Zentralnervensystems;57;538
G10-G14;Systematrophien, die vorwiegend das Zentralnervensystem betreffen;60;362
G20-G26;Extrapyramidale Krankheiten und Bewegungsstörungen;179;2187
G30-G32;Sonstige degenerative Krankheiten des Nervensystems;120;1145
G35-G37;Demyelinisierende Krankheiten des Zentralnervensystems;78;3925
G40-G47;Episodische und paroxysmale Krankheiten des Nervensystems;181;25522
G50-G59;Krankheiten von Nerven, Nervenwurzeln und Nervenplexus;114;1261
G60-G64;Polyneuropathien und sonstige Krankheiten des peripheren Nervensystems;127;3096
G70-G73;Krankheiten im Bereich der neuromuskulären Synapse und des Muskels;76;720
G80-G83;Zerebrale Lähmung und sonstige Lähmungssyndrome;131;1390
G90-G99;Sonstige Krankheiten des Nervensystems;115;1204
H00-H06;Affektionen des Augenlides, des Tränenapparates und der Orbita;31;847
H10-H13;Affektionen der Konjunktiva;11;68
H15-H22;Affektionen der Sklera, der Hornhaut, der Iris und des Ziliarkörpers;21;139
H25-H28;Affektionen der Linse;11;4103
H30-H36;Affektionen der Aderhaut und der Netzhaut;17;2694
H40-H42;Glaukom;8;65
H43-H45;Affektionen des Glaskörpers und des Augapfels;6;14
H46-H48;Affektionen des N. opticus und der Sehbahn;34;154
H49-H52;Affektionen der Augenmuskeln, Störungen der Blickbewegungen sowie Akkommodationsstörungen und Refraktionsfehler;41;189
H53-H54;Sehstörungen und Blindheit;38;206
H55-H59;Sonstige Affektionen des Auges und der Augenanhangsgebilde;32;86
H60-H62;Krankheiten des äußeren Ohres;13;69
H65-H75;Krankheiten des Mittelohres und des Warzenfortsatzes;24;305
H80-H83;Krankheiten des Innenohres;77;1094
H90-H95;Sonstige Krankheiten des Ohres;42;7188
I00-I02;Akutes rheumatisches Fieber;3;5
I05-I09;Chronische rheumatische Herzkrankheiten;7;52
I10-I15;Hypertonie [Hochdruckkrankheit];118;878
I20-I25;Ischämische Herzkrankheiten;120;1356
I26-I28;Pulmonale Herzkrankheit und Krankheiten des Lungenkreislaufes;54;108
I30-I52;Sonstige Formen der Herzkrankheit;175;4338
I60-I69;Zerebrovaskuläre Krankheiten;181;3039
I70-I79;Krankheiten der Arterien, Arteriolen und Kapillaren;146;1804
I80-I89;Krankheiten der Venen, der Lymphgefäße und der Lymphknoten, anderenorts nicht klassifiziert;104;1096
I95-I99;Sonstige und nicht näher bezeichnete Krankheiten des Kreislaufsystems;54;140
J00-J06;Akute Infektionen der oberen Atemwege;38;244
J09-J18;Grippe und Pneumonie;93;374
J20-J22;Sonstige akute Infektionen der unteren Atemwege;47;222
J30-J39;Sonstige Krankheiten der oberen Atemwege;53;914
J40-J47;Chronische Krankheiten der unteren Atemwege;144;2831
J60-J70;Lungenkrankheiten durch exogene Substanzen;11;32
J80-J84;Sonstige Krankheiten der Atmungsorgane, die hauptsächlich das Interstitium betreffen;26;183
J85-J86;Purulente und nekrotisierende Krankheitszustände der unteren Atemwege;15;21
J90-J94;Sonstige Krankheiten der Pleura;26;71
J95-J99;Sonstige Krankheiten des Atmungssystems;57;1225
K00-K14;Krankheiten der Mundhöhle, der Speicheldrüsen und der Kiefer;51;1307
K20-K31;Krankheiten des Ösophagus, des Magens und des Duodenums;109;2703
K35-K38;Krankheiten der Appendix;8;15
K40-K46;Hernien;39;95
K50-K52;Nichtinfektiöse Enteritis und Kolitis;95;4838
K55-K64;Sonstige Krankheiten des Darmes;124;2264
K65-K67;Krankheiten des Peritoneums;15;27
K70-K77;Krankheiten der Leber;66;597
K80-K87;Krankheiten der Gallenblase, der Gallenwege und des Pankreas;66;554
K90-K93;Sonstige Krankheiten des Verdauungssystems;73;1626
L00-L08;Infektionen der Haut und der Unterhaut;63;249
L10-L14;Bullöse Dermatosen;36;308
L20-L30;Dermatitis und Ekzem;64;5419
L40-L45;Papulosquamöse Hautkrankheiten;78;5495
L50-L54;Urtikaria und Erythem;45;715
L55-L59;Krankheiten der Haut und der Unterhaut durch Strahleneinwirkung;34;1989
L60-L75;Krankheiten der Hautanhangsgebilde;56;1145
L80-L99;Sonstige Krankheiten der Haut und der Unterhaut;84;3195
M00-M03;Infektiöse Arthropathien;32;73
M05-M14;Entzündliche Polyarthropathien;152;3998
M15-M19;Arthrose;182;2436
M20-M25;Sonstige Gelenkkrankheiten;149;1267
M30-M36;Systemkrankheiten des Bindegewebes;140;3211
M40-M43;Deformitäten der Wirbelsäule und des Rückens;107;964
M45-M49;Spondylopathien;190;4015
M50-M54;Sonstige Krankheiten der Wirbelsäule und des Rückens;223;7638
M60-M63;Krankheiten der Muskeln;82;495
M65-M68;Krankheiten der Synovialis und der Sehnen;29;61
M70-M79;Sonstige Krankheiten des Weichteilgewebes;158;3437
M80-M85;Veränderungen der Knochendichte und -struktur;147;738
M86-M90;Sonstige Osteopathien;91;908
M91-M94;Chondropathien;28;56
M95-M99;Sonstige Krankheiten des Muskel-Skelett-Systems und des Bindegewebes;70;532
N00-N08;Glomeruläre Krankheiten;34;169
N10-N16;Tubulointerstitielle Nierenkrankheiten;62;1272
N17-N19;Niereninsuffizienz;149;5837
N20-N23;Urolithiasis;22;286
N25-N29;Sonstige Krankheiten der Niere und des Ureters;33;289
N30-N39;Sonstige Krankheiten des Harnsystems;81;3942
N40-N51;Krankheiten der männlichen Genitalorgane;41;356
N60-N64;Krankheiten der Mamma [Brustdrüse];18;407
N70-N77;Entzündliche Krankheiten der weiblichen Beckenorgane;6;22
N80-N98;Nichtentzündliche Krankheiten des weiblichen Genitaltraktes;36;387
N99-N99;Sonstige Krankheiten des Urogenitalsystems;9;19
O00-O08;Schwangerschaft mit abortivem Ausgang;9;30
O09-O09;Schwangerschaftsdauer;0;0
O10-O16;Ödeme, Proteinurie und Hypertonie während der Schwangerschaft, der Geburt und des Wochenbettes;0;0
O20-O29;Sonstige Krankheiten der Mutter, die vorwiegend mit der Schwangerschaft verbunden sind;11;351
O30-O48;Betreuung der Mutter im Hinblick auf den Fetus und die Amnionhöhle sowie mögliche Entbindungskomplikationen;6;513
O60-O75;Komplikationen bei Wehentätigkeit und Entbindung;3;13
O80-O82;Entbindung;0;0
O85-O92;Komplikationen, die vorwiegend im Wochenbett auftreten;2;8
O94-O99;Sonstige Krankheitszustände während der Gestationsperiode, die anderenorts nicht klassifiziert sind;13;41
P00-P04;Schädigung des Fetus und Neugeborenen durch mütterliche Faktoren und durch Komplikationen bei Schwangerschaft, Wehentätigkeit und Entbindung;0;0
P05-P08;Störungen im Zusammenhang mit der Schwangerschaftsdauer und dem fetalen Wachstum;4;17
P10-P15;Geburtstrauma;3;7
P20-P29;Krankheiten des Atmungs- und Herz-Kreislaufsystems, die für die Perinatalperiode spezifisch sind;14;66
P35-P39;Infektionen, die für die Perinatalperiode spezifisch sind;12;17
P50-P61;Hämorrhagische und hämatologische Krankheiten beim Fetus und Neugeborenen;9;23
P70-P74;Transitorische endokrine und Stoffwechselstörungen, die für den Fetus und das Neugeborene spezifisch sind;2;2
P75-P78;Krankheiten des Verdauungssystems beim Fetus und Neugeborenen;-999;-999
P80-P83;Krankheitszustände mit Beteiligung der Haut und der Temperaturregulation beim Fetus und Neugeborenen;0;0
P90-P96;Sonstige Störungen, die ihren Ursprung in der Perinatalperiode haben;20;78
Q00-Q07;Angeborene Fehlbildungen des Nervensystems;48;594
Q10-Q18;Angeborene Fehlbildungen des Auges, des Ohres, des Gesichtes und des Halses;26;142
Q20-Q28;Angeborene Fehlbildungen des Kreislaufsystems;38;834
Q30-Q34;Angeborene Fehlbildungen des Atmungssystems;24;48
Q35-Q37;Lippen-, Kiefer- und Gaumenspalte;11;81
Q38-Q45;Sonstige angeborene Fehlbildungen des Verdauungssystems;41;283
Q50-Q56;Angeborene Fehlbildungen der Genitalorgane;27;71
Q60-Q64;Angeborene Fehlbildungen des Harnsystems;47;1875
Q65-Q79;Angeborene Fehlbildungen und Deformitäten des Muskel-Skelett-Systems;57;584
Q80-Q89;Sonstige angeborene Fehlbildungen;71;1285
Q90-Q99;Chromosomenanomalien, anderenorts nicht klassifiziert;37;127
R00-R09;Symptome, die das Kreislaufsystem und das Atmungssystem betreffen;114;1539
R10-R19;Symptome, die das Verdauungssystem und das Abdomen betreffen;115;4450
R20-R23;Symptome, die die Haut und das Unterhautgewebe betreffen;69;702
R25-R29;Symptome, die das Nervensystem und das Muskel-Skelett-System betreffen;212;14541
R30-R39;Symptome, die das Harnsystem betreffen;43;1178
R40-R46;Symptome, die das Erkennungs- und Wahrnehmungsvermögen, die Stimmung und das Verhalten betreffen;125;2292
R47-R49;Symptome, die die Sprache und die Stimme betreffen;49;271
R50-R69;Allgemeinsymptome;217;4262
R70-R79;Abnorme Blutuntersuchungsbefunde ohne Vorliegen einer Diagnose;57;266
R80-R82;Abnorme Urinuntersuchungsbefunde ohne Vorliegen einer Diagnose;11;18
R83-R89;Abnorme Befunde ohne Vorliegen einer Diagnose bei der Untersuchung anderer Körperflüssigkeiten, Substanzen und Gewebe;4;5
R90-R94;Abnorme Befunde ohne Vorliegen einer Diagnose bei bildgebender Diagnostik und Funktionsprüfungen;59;329
R95-R99;Ungenau bezeichnete und unbekannte Todesursachen;0;0
S00-S09;Verletzungen des Kopfes;101;1243
S10-S19;Verletzungen des Halses;30;87
S20-S29;Verletzungen des Thorax;111;374
S30-S39;Verletzungen des Abdomens, der Lumbosakralgegend, der Lendenwirbelsäule und des Beckens;135;943
S40-S49;Verletzungen der Schulter und des Oberarmes;118;815
S50-S59;Verletzungen des Ellenbogens und des Unterarmes;82;189
S60-S69;Verletzungen des Handgelenkes und der Hand;28;65
S70-S79;Verletzungen der Hüfte und des Oberschenkels;133;1854
S80-S89;Verletzungen des Knies und des Unterschenkels;100;429
S90-S99;Verletzungen der Knöchelregion und des Fußes;36;86
T00-T07;Verletzungen mit Beteiligung mehrerer Körperregionen;5;6
T08-T14;Verletzungen nicht näher bezeichneter Teile des Rumpfes, der Extremitäten oder anderer Körperregionen;26;121
T15-T19;Folgen des Eindringens eines Fremdkörpers durch eine natürliche Körperöffnung;24;121
T20-T25;Verbrennungen oder Verätzungen der äußeren Körperoberfläche, Lokalisation bezeichnet;23;148
T26-T28;Verbrennungen oder Verätzungen, die auf das Auge und auf innere Organe begrenzt sind;5;5
T29-T32;Verbrennungen oder Verätzungen mehrerer und nicht näher bezeichneter Körperregionen;4;13
T33-T35;Erfrierungen;0;0
T36-T50;Vergiftungen durch Arzneimittel, Drogen und biologisch aktive Substanzen;13;23
T51-T65;Toxische Wirkungen von vorwiegend nicht medizinisch verwendeten Substanzen;26;171
T66-T78;Sonstige und nicht näher bezeichnete Schäden durch äußere Ursachen;49;1101
T79-T79;Bestimmte Frühkomplikationen eines Traumas;16;26
T80-T88;Komplikationen bei chirurgischen Eingriffen und medizinischer Behandlung, anderenorts nicht klassifiziert;129;1705
T89-T89;Sonstige Komplikationen eines Traumas, anderenorts nicht klassifiziert;17;67
T90-T98;Folgen von Verletzungen, Vergiftungen und sonstigen Auswirkungen äußerer Ursachen;11;16
U00-U49;Vorläufige Zuordnungen für Krankheiten mit unklarer Ätiologie und nicht belegte Schlüsselnummern;0;0
U50-U52;Funktionseinschränkung;8;10
U55-U55;Erfolgte Registrierung zur Organtransplantation;-999;-999
U60-U61;Stadieneinteilung der HIV-Infektion;0;0
U69-U69;Sonstige sekundäre Schlüsselnummern für besondere Zwecke;0;0
U80-U85;Infektionserreger mit Resistenzen gegen bestimmte Antibiotika oder Chemotherapeutika;0;0
U99-U99;Nicht belegte Schlüsselnummern;0;0
V01-X59;Unfälle;0;0
X60-X84;Vorsätzliche Selbstbeschädigung;0;0
X85-Y09;Tätlicher Angriff;0;0
Y10-Y34;Ereignis, dessen nähere Umstände unbestimmt sind;0;0
Y35-Y36;Gesetzliche Maßnahmen und Kriegshandlungen;0;0
Y40-Y84;Komplikationen bei der medizinischen und chirurgischen Behandlung;0;0
Z00-Z13;Personen, die das Gesundheitswesen zur Untersuchung und Abklärung in Anspruch nehmen;102;8664
Z20-Z29;Personen mit potentiellen Gesundheitsrisiken hinsichtlich übertragbarer Krankheiten;28;453
Z30-Z39;Personen, die das Gesundheitswesen im Zusammenhang mit Problemen der Reproduktion in Anspruch nehmen;-999;-999
Z40-Z54;Personen, die das Gesundheitswesen zum Zwecke spezifischer Maßnahmen und zur medizinischen Betreuung in Anspruch nehmen;159;28477
Z55-Z65;Personen mit potentiellen Gesundheitsrisiken aufgrund sozioökonomischer oder psychosozialer Umstände;4;19
Z70-Z76;Personen, die das Gesundheitswesen aus sonstigen Gründen in Anspruch nehmen;14;24
Z80-Z99;Personen mit potentiellen Gesundheitsrisiken aufgrund der Familien- oder Eigenanamnese und bestimmte Zustände, die den Gesundheitszustand beeinflussen;73;990
