﻿DRG;name;Relativgewicht;AnzahlHA;AntAnGesFallzahl
A06A;Beatmung > 1799 Stunden mit intensivmedizinischer Komplexbehandlung > 2940 / 3680 / 5520 Aufwandspunkte oder mit hochkomplexem Eingriff;61,892;586;0,00
A18Z;Beatmung > 999 Stunden und Transplantation von Leber, Lunge, Herz und Knochenmark oder Stammzelltransfusion;60,897;124;0,00
A06B;Beatmung > 1799 Stunden mit komplexer OR-Prozedur oder Polytrauma, ohne hochkomplexen Eingriff, ohne intensivmedizinische Komplexbehandlung > 2940 / 3680 / 5520 Aufwandspunkte;52,738;108;0,00
P61A;Neugeborenes, Aufnahmegewicht < 600 g mit signifikanter OR-Prozedur;47,514;207;0,00
P61C;Neugeborenes, Aufnahmegewicht 600 - 749 g mit signifikanter OR-Prozedur;46,398;253;0,00
A06C;Beatmung > 1799 Stunden, ohne komplexe OR-Prozedur, ohne Polytrauma, ohne intensivmedizinische Komplexbehandlung > 2940 / 5520 / - Aufwandspunkte;43,916;962;0,0001
A07A;Beatmung > 999 Stunden oder > 499 Stunden mit intensivmedizinischer Komplexbehandlung > 4900 / 4600 / 4600 Aufwandspunkte, mit komplexer OR-Prozedur oder Polytrauma und int. Komplexbeh. > 3920 / 3680 / 3680 P. oder mit hochkompl. oder dreizeitigem Eingr.;42,621;800;0,00
P61B;Neugeborenes, Aufnahmegewicht < 600 g ohne signifikante OR-Prozedur;36,016;381;0,00
A07B;Beatmung > 999 Stunden oder > 499 Stunden mit intensivmed. Komplexbeh. > 4900 / 4600 / 4600 Punkte, mit kompl. OR-Proz. und kompliz. Konst. od. ECMO ab 384 Stunden od. mit Polytrauma od. Alter < 16 J. oder intensivmed. Komplexbeh. > - / 3220 / - Punkte;35,563;1632;0,0001
A05A;Herztransplantation mit Beatmung > 179 Stunden oder intensivmedizinischer Komplexbehandlung > 2646 / 2484 / - Aufwandspunkte;35,054;81;0,00
P02A;Kardiothorakale oder Gefäßeingriffe bei Neugeborenen, Beatmung > 480 Stunden;32,778;159;0,00
A04B;Knochenmarktransplantation / Stammzelltransfusion, allogen, außer bei Plasmozytom oder mit Graft-versus-Host-Krankheit Grad III und IV, mit Gabe bestimmter Stammzellen oder Alter < 16 Jahre, mit bestimmter Entnahme oder Stammzellboost;32,637;70;0,00
A09A;Beatmung > 499 Stunden oder > 249 Stunden mit IntK > 2352 / 1932 / 2208 P., mit hochkomplexem Eingriff oder kompl. OR-Proz. und Alter < 16 Jahre, mit IntK > 1764 / 1932 / - P. oder mit sehr kompl. Eingr. und IntK > - / 2208 / - P.;32,267;1484;0,0001
P62A;Neugeborenes, Aufnahmegewicht 750 - 999 g mit signifikanter OR-Prozedur;30,581;226;0,00
P61D;Neugeborenes, Aufnahmegewicht 600 - 749 g ohne signifikante OR-Prozedur;30,074;603;0,00
A03A;Lungentransplantation mit Beatmung > 179 Stunden;29,927;71;0,00
A07C;Beatmung > 999 Stunden oder > 499 Stunden mit intensivmed. Komplexbeh. > 4900 / 4600 / 4600 Punkte, mit komplexer OR-Prozedur, ohne ECMO ab 384 Stunden, ohne Polytrauma, Alter > 15 Jahre oder mit intensivmed. Komplexbeh. > 2352 / 1932 / 2484 Punkte;28,804;2451;0,0001
A01A;Lebertransplantation mit Beatmung > 179 Stunden oder kombinierter Dünndarmtransplantation;26,991;86;0,00
A04C;Knochenmarktransplantation / Stammzelltransfusion, allogen, < 16 J., od. GVHD Grad III/IV od. auß. b. Plasmozytom, mit Gabe best. Stammz. od. GVHD III/IV od. HLA-versch., mit best. Entn. od. SZ-Boost, od. m. intensivm. Komplexbeh. > 1764 / 1932 / 2760 P.;26,371;300;0,00
A05B;Herztransplantation ohne Beatmung > 179 Stunden, ohne intensivmedizinische Komplexbehandlung > 2646 / 2484 / - Aufwandspunkte;26,176;154;0,00
