﻿viersteller;vierstellername;AnzahlBA;Anzahl KH;mwNennungenKH;antKHTop10Prozent;antKHTop20Prozent;antKHTop30Prozent;antKHTop40Prozent;antKHTop50Prozent
5-010;Schädeleröffnung über die Kalotte;102;8;12,75;0,7549;0,8824;0,8824;0,9412;0,9608
5-011;Zugang durch die Schädelbasis;93;9;10,3333;0,6774;0,828;0,9032;0,9355;0,957
5-012;Inzision der Schädelknochen [Kraniotomie und Kraniektomie];10;7;1,4286;0,30;0,30;0,50;0,60;0,70
5-013;Inzision von Gehirn und Hirnhäuten;36;3;12,00;0,8056;0,8056;0,8056;0,8056;0,9444
5-014;Stereotaktische Operationen an Schädel, Gehirn und Hirnhäuten;-999;-999;-999,00;-9,99;-9,99;-9,99;-9,99;-9,99
5-015;Exzision und Destruktion von erkranktem intrakraniellem Gewebe;42;4;10,50;0,8333;0,8333;0,8333;0,9524;0,9524
5-016;Exzision und Destruktion von erkranktem Gewebe der Schädelknochen;36;15;2,40;0,5278;0,5833;0,6944;0,75;0,8056
5-017;Inzision, Resektion und Destruktion an intrakraniellen Anteilen von Hirnnerven und Ganglien;78;2;39,00;0,8205;0,8205;0,8205;0,8205;0,8205
5-018;Mikrovaskuläre Dekompression von intrakraniellen Nerven;-999;-999;-999,00;-9,99;-9,99;-9,99;-9,99;-9,99
5-020;Kranioplastik;34;10;3,40;0,4412;0,7059;0,7941;0,8235;0,8529
5-021;Rekonstruktion der Hirnhäute;109;29;3,7586;0,6055;0,7431;0,7982;0,844;0,8716
5-022;Inzision am Liquorsystem;-999;-999;-999,00;-9,99;-9,99;-9,99;-9,99;-9,99
5-023;Anlegen eines Liquorshuntes [Shunt-Implantation];19;3;6,3333;0,6842;0,6842;0,6842;0,6842;0,9474
5-024;Revision und Entfernung von Liquorableitungen;12;4;3,00;0,50;0,50;0,50;0,75;0,75
5-025;Inzision, Exzision, Destruktion und Verschluss von intrakraniellen Blutgefäßen;2;2;1,00;0,50;0,50;0,50;0,50;0,50
5-026;Rekonstruktion von intrakraniellen Blutgefäßen;0;0;NULL;NULL;NULL;NULL;NULL;NULL
5-027;Anlegen eines Bypasses und Transposition von intrakraniellen Blutgefäßen;0;0;NULL;NULL;NULL;NULL;NULL;NULL
5-028;Funktionelle Eingriffe an Schädel, Gehirn und Hirnhäuten;-999;-999;-999,00;-9,99;-9,99;-9,99;-9,99;-9,99
5-029;Andere Operationen an Schädel, Gehirn und Hirnhäuten;0;0;NULL;NULL;NULL;NULL;NULL;NULL
5-030;Zugang zum kraniozervikalen Übergang und zur Halswirbelsäule;1210;37;32,7027;0,3959;0,5504;0,7132;0,8405;0,9116
5-031;Zugang zur Brustwirbelsäule;119;18;6,6111;0,605;0,7647;0,7983;0,8487;0,8992
5-032;Zugang zur Lendenwirbelsäule, zum Os sacrum und zum Os coccygis;8507;47;181,00;0,4706;0,6384;0,7807;0,8741;0,9272
5-033;Inzision des Spinalkanals;998;26;38,3846;0,3677;0,5261;0,7295;0,8487;0,9369
5-034;Inzision von Rückenmark und Rückenmarkhäuten;7;3;2,3333;0,7143;0,7143;0,7143;0,7143;0,8571
5-035;Exzision und Destruktion von erkranktem Gewebe des Rückenmarkes und der Rückenmarkhäute;196;17;11,5294;0,6378;0,6939;0,7806;0,8622;0,9235
5-036;Plastische Operationen an Rückenmark und Rückenmarkhäuten;515;27;19,0741;0,5709;0,6913;0,8252;0,9029;0,9379
5-037;Operationen an intraspinalen Blutgefäßen;190;2;95,00;0,9947;0,9947;0,9947;0,9947;0,9947
5-038;Operationen am spinalen Liquorsystem;554;17;32,5882;0,7437;0,8357;0,917;0,9585;0,9801
5-039;Andere Operationen an Rückenmark und Rückenmarkstrukturen;217;12;18,0833;0,3917;0,6221;0,9263;0,9631;0,9724
5-040;Inzision von Nerven;9;7;1,2857;0,3333;0,3333;0,4444;0,5556;0,6667
5-041;Exzision und Destruktion von (erkranktem) Gewebe von Nerven;258;59;4,3729;0,5116;0,6822;0,7752;0,8372;0,8837
5-042;Exzision eines Nerven zur Transplantation;2;2;1,00;0,50;0,50;0,50;0,50;0,50
5-043;Sympathektomie;38;2;19,00;0,9737;0,9737;0,9737;0,9737;0,9737
5-044;Epineurale Naht eines Nerven und Nervenplexus, primär;10;7;1,4286;0,30;0,30;0,50;0,60;0,70
5-045;Interfaszikuläre Naht eines Nerven und Nervenplexus, primär;-999;-999;-999,00;-9,99;-9,99;-9,99;-9,99;-9,99
5-046;Epineurale Naht eines Nerven und Nervenplexus, sekundär;5;4;1,25;0,40;0,40;0,40;0,60;0,60
5-047;Interfaszikuläre Naht eines Nerven und Nervenplexus, sekundär;4;4;1,00;0,25;0,25;0,25;0,50;0,50
5-048;Epineurale Naht eines Nerven und Nervenplexus mit Transplantation;-999;-999;-999,00;-9,99;-9,99;-9,99;-9,99;-9,99
5-049;Interfaszikuläre Naht eines Nerven und Nervenplexus mit Transplantation;0;0;NULL;NULL;NULL;NULL;NULL;NULL
5-04a;Perkutane Sympathikolyse mit Steuerung durch bildgebende Verfahren;0;0;NULL;NULL;NULL;NULL;NULL;NULL
5-050;Epineurale Naht eines Nerven und Nervenplexus mit Transposition, primär;-999;-999;-999,00;-9,99;-9,99;-9,99;-9,99;-9,99
5-051;Interfaszikuläre Naht eines Nerven und Nervenplexus mit Transposition, primär;3;2;1,50;0,6667;0,6667;0,6667;0,6667;0,6667
5-052;Epineurale Naht eines Nerven und Nervenplexus mit Transposition, sekundär;-999;-999;-999,00;-9,99;-9,99;-9,99;-9,99;-9,99
5-053;Interfaszikuläre Naht eines Nerven und Nervenplexus mit Transposition, sekundär;-999;-999;-999,00;-9,99;-9,99;-9,99;-9,99;-9,99
5-054;Epineurale Naht eines Nerven und Nervenplexus mit Transplantation und Transposition;0;0;NULL;NULL;NULL;NULL;NULL;NULL
5-055;Interfaszikuläre Naht eines Nerven und Nervenplexus mit Transplantation und Transposition;2;2;1,00;0,50;0,50;0,50;0,50;0,50
5-056;Neurolyse und Dekompression eines Nerven;2211;157;14,0828;0,616;0,7589;0,8476;0,8982;0,9331
5-057;Neurolyse und Dekompression eines Nerven mit Transposition;455;57;7,9825;0,7077;0,8132;0,8703;0,9055;0,9319
5-058;Andere Rekonstruktion eines Nerven und Nervenplexus;4;3;1,3333;0,50;0,50;0,50;0,50;0,75
5-059;Andere Operationen an Nerven und Ganglien;194;17;11,4118;0,4485;0,5619;0,6907;0,7938;0,8866
5-060;Inzision im Gebiet der Schilddrüse;8;7;1,1429;0,25;0,25;0,375;0,50;0,625
5-061;Hemithyreoidektomie;373;26;14,3462;0,4343;0,5898;0,7373;0,807;0,8901
5-062;Andere partielle Schilddrüsenresektion;277;37;7,4865;0,5812;0,7256;0,8087;0,8664;0,9134
5-063;Thyreoidektomie;615;27;22,7778;0,4732;0,6276;0,7691;0,8667;0,9171
5-064;Operationen an der Schilddrüse durch Sternotomie;0;0;NULL;NULL;NULL;NULL;NULL;NULL
5-065;Exzision des Ductus thyreoglossus;216;95;2,2737;0,338;0,5139;0,6157;0,6991;0,7824
5-066;Partielle Nebenschilddrüsenresektion;25;3;8,3333;0,72;0,72;0,72;0,72;0,96
5-067;Parathyreoidektomie;30;6;5,00;0,60;0,60;0,7333;0,7333;0,8333
5-068;Operationen an der Nebenschilddrüse durch Sternotomie;0;0;NULL;NULL;NULL;NULL;NULL;NULL
5-069;Andere Operationen an Schilddrüse und Nebenschilddrüsen;1257;32;39,2813;0,4837;0,7104;0,8369;0,8918;0,934
5-070;Exploration der (Umgebung der) Nebenniere;0;0;NULL;NULL;NULL;NULL;NULL;NULL
5-071;Partielle Adrenalektomie;-999;-999;-999,00;-9,99;-9,99;-9,99;-9,99;-9,99
5-072;Adrenalektomie;19;12;1,5833;0,1579;0,2632;0,4737;0,5789;0,6842
5-073;Andere Operationen an der Nebenniere;-999;-999;-999,00;-9,99;-9,99;-9,99;-9,99;-9,99
5-074;Exzision und Resektion von erkranktem Gewebe des Corpus pineale;0;0;NULL;NULL;NULL;NULL;NULL;NULL
5-075;Exzision und Resektion von erkranktem Gewebe der Hypophyse;0;0;NULL;NULL;NULL;NULL;NULL;NULL
5-076;Andere Operationen an der Hypophyse;0;0;NULL;NULL;NULL;NULL;NULL;NULL
5-077;Exzision und Resektion des Thymus;0;0;NULL;NULL;NULL;NULL;NULL;NULL
5-078;Andere Operationen am Thymus;0;0;NULL;NULL;NULL;NULL;NULL;NULL
5-079;Operationen an anderen endokrinen Drüsen;0;0;NULL;NULL;NULL;NULL;NULL;NULL
5-080;Inzision der Tränendrüse;0;0;NULL;NULL;NULL;NULL;NULL;NULL
5-081;Exzision von (erkranktem) Gewebe der Tränendrüse;3;3;1,00;0,3333;0,3333;0,3333;0,3333;0,6667
5-082;Andere Operationen an der Tränendrüse;-999;-999;-999,00;-9,99;-9,99;-9,99;-9,99;-9,99
5-084;Inzision von Tränensack und sonstigen Tränenwegen;75;12;6,25;0,7467;0,8133;0,8933;0,9067;0,92
5-085;Exzision von erkranktem Gewebe an Tränensack und sonstigen Tränenwegen;75;13;5,7692;0,72;0,84;0,8667;0,8933;0,92
5-086;Rekonstruktion des Tränenkanals und Tränenpunktes;411;15;27,40;0,9343;0,9489;0,9659;0,9708;0,9805
5-087;Dakryozystorhinostomie;336;52;6,4615;0,6429;0,747;0,8274;0,875;0,9048
5-088;Andere Rekonstruktion der Tränenwege;151;13;11,6154;0,8808;0,9272;0,9404;0,947;0,9603
5-089;Andere Operationen an den Tränenwegen;6;6;1,00;0,1667;0,1667;0,3333;0,3333;0,50
5-090;Inzision des (erkrankten) Augenlides;15;7;2,1429;0,3333;0,3333;0,5333;0,6667;0,80
5-091;Exzision und Destruktion von (erkranktem) Gewebe des Augenlides;562;59;9,5254;0,7011;0,8292;0,895;0,9235;0,9448
5-092;Operationen an Kanthus und Epikanthus;366;23;15,913;0,776;0,9262;0,9481;0,959;0,9699
5-093;Korrekturoperation bei Entropium und Ektropium;852;47;18,1277;0,838;0,9061;0,9366;0,9554;0,9695
5-094;Korrekturoperation bei Blepharoptosis;557;28;19,8929;0,7469;0,8438;0,8851;0,9264;0,9533
5-095;Naht des Augenlides;257;24;10,7083;0,7704;0,8833;0,9105;0,9416;0,9533
5-096;Andere Rekonstruktion der Augenlider;1052;52;20,2308;0,8498;0,9059;0,9363;0,9544;0,9677
5-097;Blepharoplastik;728;45;16,1778;0,8791;0,919;0,9437;0,956;0,9698
5-098;Vertikale Lidverlängerung;23;4;5,75;0,6522;0,6522;0,6522;0,8696;0,8696
5-099;Andere Operationen am Augenlid;4;4;1,00;0,25;0,25;0,25;0,50;0,50
5-10a;Verstärkende Eingriffe an einem geraden Augenmuskel;106;15;7,0667;0,5943;0,6981;0,7925;0,8302;0,8868
5-10b;Schwächende Eingriffe an einem geraden Augenmuskel;84;20;4,20;0,5833;0,6786;0,75;0,8214;0,869
5-10c;Chirurgie der Abrollstrecke (Faden-Operation, Myopexie);18;6;3,00;0,5556;0,5556;0,7222;0,7222;0,8333
5-10d;Transposition eines geraden Augenmuskels;4;4;1,00;0,25;0,25;0,25;0,50;0,50
5-10e;Andere Operationen an den geraden Augenmuskeln;40;5;8,00;0,85;0,85;0,90;0,90;0,95
5-10f;Verstärkende Eingriffe an einem schrägen Augenmuskel;4;4;1,00;0,25;0,25;0,25;0,50;0,50
5-10g;Schwächende Eingriffe an einem schrägen Augenmuskel;31;8;3,875;0,5484;0,7419;0,7419;0,8387;0,871
5-10h;Transposition eines schrägen Augenmuskels;0;0;NULL;NULL;NULL;NULL;NULL;NULL
5-10j;Andere Operationen an den schrägen Augenmuskeln;11;3;3,6667;0,7273;0,7273;0,7273;0,7273;0,9091
5-10k;Kombinierte Operationen an den Augenmuskeln;483;31;15,5806;0,4555;0,7122;0,8116;0,882;0,9379
5-10m;Andere Operationen an den Augenmuskeln;-999;-999;-999,00;-9,99;-9,99;-9,99;-9,99;-9,99
5-110;Operative Entfernung eines Fremdkörpers aus der Konjunktiva;-999;-999;-999,00;-9,99;-9,99;-9,99;-9,99;-9,99
5-112;Exzision und Destruktion von (erkranktem) Gewebe der Konjunktiva;66;21;3,1429;0,4545;0,6061;0,7121;0,7879;0,8485
5-113;Konjunktivaplastik;99;19;5,2105;0,3838;0,6364;0,7475;0,8283;0,8788
5-114;Lösung von Adhäsionen zwischen Konjunktiva und Augenlid;-999;-999;-999,00;-9,99;-9,99;-9,99;-9,99;-9,99
5-115;Naht der Konjunktiva;678;22;30,8182;0,7212;0,8599;0,944;0,9631;0,9764
5-119;Andere Operationen an der Konjunktiva;12;8;1,50;0,25;0,4167;0,4167;0,5833;0,6667
5-120;Operative Entfernung eines Fremdkörpers aus der Kornea;-999;-999;-999,00;-9,99;-9,99;-9,99;-9,99;-9,99
5-121;Inzision der Kornea;5;5;1,00;0,20;0,20;0,40;0,40;0,60
5-122;Operationen bei Pterygium;346;34;10,1765;0,50;0,7052;0,8035;0,8902;0,9306
5-123;Exzision und Destruktion von (erkranktem) Gewebe der Kornea;184;28;6,5714;0,4076;0,6685;0,7609;0,8424;0,8967
5-124;Naht der Kornea;234;25;9,36;0,5085;0,6496;0,7906;0,8419;0,8932
5-125;Hornhauttransplantation und Keratoprothetik;838;31;27,0323;0,5322;0,7327;0,8437;0,9045;0,9535
5-126;Refraktive Keratoplastik und andere Rekonstruktion der Kornea;29;4;7,25;0,6897;0,6897;0,6897;0,8966;0,8966
5-129;Andere Operationen an der Kornea;309;24;12,875;0,6084;0,7896;0,8447;0,8964;0,9288
5-130;Operative Entfernung eines Fremdkörpers aus der vorderen Augenkammer;9;5;1,80;0,4444;0,4444;0,6667;0,6667;0,7778
5-131;Senkung des Augeninnendruckes durch filtrierende Operationen;1689;49;34,4694;0,6963;0,8117;0,878;0,9224;0,955
5-132;Senkung des Augeninnendruckes durch Operationen am Corpus ciliare;977;50;19,54;0,521;0,741;0,8577;0,915;0,9458
5-133;Senkung des Augeninnendruckes durch Verbesserung der Kammerwasserzirkulation;1694;44;38,50;0,588;0,7952;0,866;0,9327;0,9587
5-134;Senkung des Augeninnendruckes durch nicht filtrierende Operationen;628;22;28,5455;0,5844;0,7866;0,8965;0,9315;0,9538
5-135;Exzision und Destruktion von erkranktem Gewebe an Iris, Corpus ciliare und Sklera;13;9;1,4444;0,3077;0,4615;0,5385;0,6154;0,6923
5-136;Andere Iridektomie und Iridotomie;46;14;3,2857;0,1522;0,4348;0,5435;0,6957;0,7609
5-137;Andere Operationen an der Iris;504;39;12,9231;0,4187;0,6925;0,7798;0,8472;0,8988
5-138;Operationen an der Sklera;593;20;29,65;0,7707;0,9005;0,941;0,9595;0,9713
5-139;Andere Operationen an Sklera, vorderer Augenkammer, Iris und Corpus ciliare;2510;47;53,4043;0,5518;0,7821;0,9127;0,9486;0,9669
5-140;Entfernung eines Fremdkörpers aus der Augenlinse;0;0;NULL;NULL;NULL;NULL;NULL;NULL
5-142;Kapsulotomie der Linse;636;38;16,7368;0,6777;0,8585;0,9041;0,9387;0,9623
5-143;Intrakapsuläre Extraktion der Linse;31;20;1,55;0,2581;0,4194;0,5484;0,6129;0,6774
5-144;Extrakapsuläre Extraktion der Linse [ECCE];23974;126;190,2698;0,4531;0,6328;0,7743;0,8654;0,9236
5-145;Andere Linsenextraktionen;246;41;6,00;0,3943;0,5772;0,6951;0,7764;0,8577
5-146;(Sekundäre) Einführung und Wechsel einer alloplastischen Linse;732;53;13,8113;0,4522;0,6516;0,7609;0,8347;0,9003
5-147;Revision und Entfernung einer alloplastischen Linse;281;43;6,5349;0,5694;0,726;0,79;0,847;0,9039
5-149;Andere Operationen an der Linse;3302;37;89,2432;0,7426;0,8831;0,9597;0,9761;0,9873
5-150;Entfernung eines Fremdkörpers aus dem hinteren Augenabschnitt;8;6;1,3333;0,375;0,375;0,50;0,50;0,625
5-152;Fixation der Netzhaut durch eindellende Operationen;206;27;7,6296;0,5777;0,6748;0,7767;0,8447;0,9029
5-153;Revision, Wechsel und Entfernung einer Cerclage oder Plombe, die zur Fixation der Netzhaut angelegt wurde;19;11;1,7273;0,2105;0,4211;0,5263;0,6316;0,7368
5-154;Andere Operationen zur Fixation der Netzhaut;3555;52;68,3654;0,4037;0,6681;0,8194;0,8869;0,9314
5-155;Destruktion von erkranktem Gewebe an Retina und Choroidea;2737;48;57,0208;0,7928;0,8783;0,913;0,9448;0,9675
5-156;Andere Operationen an der Retina;1483;46;32,2391;0,532;0,6878;0,797;0,8658;0,9252
5-157;Andere Operationen an der Choroidea;24;9;2,6667;0,625;0,7083;0,75;0,7917;0,8333
5-158;Pars-plana-Vitrektomie;10333;62;166,6613;0,4839;0,6561;0,7751;0,852;0,9058
5-159;Vitrektomie über anderen Zugang und andere Operationen am Corpus vitreum;5053;58;87,1207;0,6169;0,7799;0,8731;0,9373;0,9709
5-160;Orbitotomie;264;17;15,5294;0,6818;0,8068;0,8788;0,9205;0,947
5-161;Entfernung eines Fremdkörpers aus Orbita und Augapfel, n.n.bez.;17;8;2,125;0,4118;0,5882;0,5882;0,7059;0,7647
5-162;Entfernung des Augeninhaltes [Eviszeration];7;4;1,75;0,5714;0,5714;0,5714;0,7143;0,7143
5-163;Entfernung des Augapfels [Enukleation];40;15;2,6667;0,55;0,625;0,75;0,775;0,825
5-164;Andere Exzision, Destruktion und Exenteration der Orbita und Orbitainnenhaut;11;7;1,5714;0,3636;0,3636;0,5455;0,6364;0,7273
5-165;Sekundäre Einführung, Revision und Entfernung eines Orbitaimplantates;7;6;1,1667;0,2857;0,2857;0,4286;0,4286;0,5714
5-166;Revision und Rekonstruktion von Orbita und Augapfel;12;8;1,50;0,25;0,4167;0,4167;0,5833;0,6667
5-167;Rekonstruktion der Orbitawand;16;8;2,00;0,375;0,5625;0,5625;0,6875;0,75
5-168;Operationen am N. opticus;0;0;NULL;NULL;NULL;NULL;NULL;NULL
5-169;Andere Operationen an Orbita, Auge und Augapfel;136;14;9,7143;0,4191;0,7868;0,8603;0,9191;0,9338
5-180;Inzision am äußeren Ohr;22;13;1,6923;0,2273;0,4545;0,5455;0,6364;0,7273
5-181;Exzision und Destruktion von erkranktem Gewebe des äußeren Ohres;534;135;3,9556;0,5487;0,6685;0,7566;0,8146;0,867
5-182;Resektion der Ohrmuschel;123;69;1,7826;0,2683;0,4228;0,5366;0,6504;0,7236
5-183;Wundversorgung am äußeren Ohr;11;9;1,2222;0,1818;0,3636;0,4545;0,5455;0,6364
5-184;Plastische Korrektur abstehender Ohren;274;93;2,9462;0,3175;0,5255;0,6496;0,7263;0,7993
5-185;Konstruktion und Rekonstruktion des äußeren Gehörganges;1618;118;13,7119;0,6761;0,7948;0,8665;0,9141;0,9431
5-186;Plastische Rekonstruktion von Teilen der Ohrmuschel;87;46;1,8913;0,3448;0,4828;0,5977;0,6782;0,7356
5-187;Plastische Rekonstruktion der gesamten Ohrmuschel;16;11;1,4545;0,25;0,375;0,50;0,5625;0,6875
5-188;Andere Rekonstruktion des äußeren Ohres;38;23;1,6522;0,3684;0,5263;0,5789;0,6316;0,7105
5-189;Andere Operationen am äußeren Ohr;701;77;9,1039;0,5678;0,7532;0,8474;0,9058;0,9372
5-192;Revision einer Stapedektomie;63;19;3,3158;0,4921;0,6508;0,7778;0,8254;0,8571
5-193;Andere Operationen an den Gehörknöchelchen;21;7;3,00;0,6667;0,6667;0,7619;0,8095;0,8571
5-194;Myringoplastik [Tympanoplastik Typ I];604;122;4,9508;0,4768;0,6325;0,7368;0,803;0,8626
5-195;Tympanoplastik (Verschluss einer Trommelfellperforation und Rekonstruktion der Gehörknöchelchen);3501;144;24,3125;0,4696;0,6547;0,7678;0,8452;0,8943
5-197;Stapesplastik;479;67;7,1493;0,4301;0,5971;0,7286;0,8184;0,881
5-198;Fensterungsoperation des Promotoriums;51;4;12,75;0,7647;0,7647;0,7647;0,9412;0,9412
5-199;Andere mikrochirurgische Operationen am Mittelohr;35;8;4,375;0,7429;0,8286;0,8286;0,8571;0,8857
5-200;Parazentese [Myringotomie];6515;312;20,8814;0,4972;0,6893;0,8049;0,8757;0,9229
5-201;Entfernung einer Paukendrainage;125;69;1,8116;0,28;0,44;0,552;0,664;0,728
5-202;Inzision an Warzenfortsatz und Mittelohr;376;83;4,5301;0,4441;0,6569;0,7633;0,8298;0,8803
5-203;Mastoidektomie;481;64;7,5156;0,6091;0,7838;0,8649;0,9106;0,9335
5-204;Rekonstruktion des Mittelohres;821;68;12,0735;0,6017;0,7856;0,8563;0,9099;0,9415
5-205;Andere Exzisionen an Mittel- und Innenohr;343;49;7,00;0,6764;0,7784;0,8397;0,8834;0,9213
5-208;Inzision [Eröffnung] und Destruktion [Ausschaltung] des Innenohres;21;8;2,625;0,381;0,6667;0,6667;0,7619;0,8095
5-209;Andere Operationen am Mittel- und Innenohr;450;44;10,2273;0,3756;0,6533;0,78;0,8867;0,9289
5-210;Operative Behandlung einer Nasenblutung;1237;167;7,4072;0,7211;0,8019;0,8618;0,8989;0,9264
5-211;Inzision der Nase;550;119;4,6218;0,5891;0,7091;0,7909;0,8436;0,8873
5-212;Exzision und Destruktion von erkranktem Gewebe der Nase;1228;191;6,4293;0,6857;0,7785;0,8379;0,8779;0,9104
5-213;Resektion der Nase;65;40;1,625;0,2615;0,40;0,5231;0,6308;0,6923
5-214;Submuköse Resektion und plastische Rekonstruktion des Nasenseptums;42153;394;106,9873;0,4114;0,605;0,7288;0,818;0,882
5-215;Operationen an der unteren Nasenmuschel [Concha nasalis];57884;396;146,1717;0,457;0,6513;0,771;0,8499;0,9054
5-216;Reposition einer Nasenfraktur;542;134;4,0448;0,4354;0,6292;0,7343;0,8063;0,8542
5-217;Plastische Rekonstruktion der äußeren Nase;1000;131;7,6336;0,654;0,787;0,849;0,893;0,925
5-218;Plastische Rekonstruktion der inneren und äußeren Nase [Septorhinoplastik];3414;210;16,2571;0,5934;0,7343;0,8187;0,8752;0,918
5-219;Andere Operationen an der Nase;56;46;1,2174;0,1964;0,3393;0,4286;0,50;0,5893
5-220;Nasennebenhöhlenpunktion;94;24;3,9167;0,5638;0,7766;0,8191;0,8511;0,8723
5-221;Operationen an der Kieferhöhle;6303;312;20,2019;0,499;0,6724;0,7871;0,8601;0,9102
5-222;Operation am Siebbein und an der Keilbeinhöhle;5627;266;21,1541;0,5337;0,6938;0,8018;0,8733;0,9209
5-223;Operationen an der Stirnhöhle;630;78;8,0769;0,6175;0,819;0,8778;0,9159;0,9381
5-224;Operationen an mehreren Nasennebenhöhlen;19556;319;61,3041;0,4401;0,6415;0,7577;0,8437;0,9052
5-225;Plastische Rekonstruktion der Nasennebenhöhlen;152;31;4,9032;0,3882;0,5855;0,7039;0,7961;0,875
5-229;Andere Operationen an den Nasennebenhöhlen;284;48;5,9167;0,6514;0,8134;0,8697;0,8979;0,9155
5-230;Zahnextraktion;976;71;13,7465;0,5768;0,7572;0,8627;0,9119;0,9447
5-231;Operative Zahnentfernung (durch Osteotomie);1773;67;26,4627;0,5172;0,6808;0,7958;0,8742;0,9261
5-232;Zahnsanierung durch Füllung;134;26;5,1538;0,6194;0,7239;0,8284;0,8582;0,903
5-233;Prothetischer Zahnersatz;12;6;2,00;0,3333;0,3333;0,5833;0,5833;0,75
5-235;Replantation, Transplantation, Implantation und Stabilisierung eines Zahnes;75;26;2,8846;0,48;0,6267;0,7333;0,7867;0,8267
5-236;Entfernung eines transplantierten Zahnes;0;0;NULL;NULL;NULL;NULL;NULL;NULL
5-237;Wurzelspitzenresektion und Wurzelkanalbehandlung;104;31;3,3548;0,3365;0,5192;0,6442;0,7404;0,8365
5-240;Inzision des Zahnfleisches und Osteotomie des Alveolarkammes;93;27;3,4444;0,5161;0,6237;0,7312;0,7957;0,8602
5-241;Gingivaplastik;294;34;8,6471;0,5374;0,8299;0,8878;0,9184;0,9388
5-242;Andere Operationen am Zahnfleisch;253;38;6,6579;0,5731;0,7391;0,8103;0,8775;0,913
5-243;Exzision einer odontogenen pathologischen Veränderung des Kiefers;626;54;11,5926;0,6118;0,7556;0,8307;0,8866;0,9233
5-244;Alveolarkammplastik und Vestibulumplastik;546;40;13,65;0,5385;0,7875;0,8608;0,9066;0,9377
5-245;Zahnfreilegung;7;4;1,75;0,5714;0,5714;0,5714;0,7143;0,7143
5-249;Andere Operationen und Maßnahmen an Gebiss, Zahnfleisch und Alveolen;318;32;9,9375;0,4654;0,7138;0,8553;0,9057;0,934
5-250;Inzision, Exzision und Destruktion von erkranktem Gewebe der Zunge;151;76;1,9868;0,2781;0,4371;0,5695;0,6623;0,7483
5-251;Partielle Glossektomie;49;31;1,5806;0,2245;0,3673;0,4898;0,6122;0,6939
5-252;Glossektomie;-999;-999;-999,00;-9,99;-9,99;-9,99;-9,99;-9,99
5-253;Rekonstruktion der Zunge;23;18;1,2778;0,2174;0,3913;0,4348;0,5217;0,6087
5-259;Andere Operationen an der Zunge;122;55;2,2182;0,5082;0,6066;0,6885;0,7295;0,7787
5-260;Inzision und Schlitzung einer Speicheldrüse und eines Speicheldrüsenausführungsganges;76;49;1,551;0,2895;0,4211;0,5526;0,6184;0,6842
5-261;Exzision von erkranktem Gewebe einer Speicheldrüse und eines Speicheldrüsenausführungsganges;131;68;1,9265;0,2748;0,4504;0,5649;0,6718;0,7405
5-262;Resektion einer Speicheldrüse;1212;174;6,9655;0,3787;0,5825;0,7153;0,8078;0,8729
5-263;Rekonstruktion einer Speicheldrüse und eines Speicheldrüsenausführungsganges;8;5;1,60;0,25;0,25;0,50;0,50;0,75
5-269;Andere Operationen an Speicheldrüse und Speicheldrüsenausführungsgang;34;12;2,8333;0,4118;0,7059;0,7647;0,7941;0,8235
5-270;Äußere Inzision und Drainage im Mund-, Kiefer- und Gesichtsbereich;213;61;3,4918;0,4272;0,6056;0,7371;0,7981;0,8592
5-271;Inzision des harten und weichen Gaumens;24;20;1,20;0,1667;0,3333;0,4167;0,50;0,5833
5-272;Exzision und Destruktion des (erkrankten) harten und weichen Gaumens;372;146;2,5479;0,4274;0,5511;0,6452;0,7204;0,8011
5-273;Inzision, Exzision und Destruktion in der Mundhöhle;314;87;3,6092;0,5446;0,6656;0,7484;0,8057;0,8631
5-274;Mundbodenplastik;25;12;2,0833;0,24;0,44;0,64;0,72;0,76
5-275;Palatoplastik;615;107;5,7477;0,5593;0,7366;0,8341;0,8797;0,9138
5-276;Plastische Rekonstruktion einer (angeborenen) Lippenspalte und Lippen-Kieferspalte;78;17;4,5882;0,3718;0,4872;0,6795;0,7949;0,859
5-277;Resektion des Mundbodens mit plastischer Rekonstruktion;12;7;1,7143;0,3333;0,3333;0,50;0,6667;0,75
5-278;Resektion der Wange mit plastischer Rekonstruktion;43;10;4,30;0,4884;0,6047;0,7209;0,8372;0,8837
5-279;Andere Operationen am Mund;264;54;4,8889;0,6591;0,7765;0,8295;0,875;0,8977
5-280;Transorale Inzision und Drainage eines pharyngealen oder parapharyngealen Abszesses;195;60;3,25;0,4615;0,6462;0,7385;0,80;0,8462
5-281;Tonsillektomie (ohne Adenotomie);14002;341;41,0616;0,4112;0,588;0,7216;0,8224;0,8922
5-282;Tonsillektomie mit Adenotomie;9033;318;28,4057;0,4423;0,6381;0,7608;0,8482;0,9062
5-284;Exzision und Destruktion einer Zungengrundtonsille;539;68;7,9265;0,7625;0,8534;0,8924;0,9202;0,9369
5-285;Adenotomie (ohne Tonsillektomie);6195;310;19,9839;0,5621;0,7467;0,8423;0,8998;0,9374
5-289;Andere Operationen an Gaumen- und Rachenmandeln;1680;258;6,5116;0,5464;0,6917;0,7804;0,844;0,8905
5-290;Pharyngotomie;10;5;2,00;0,50;0,50;0,70;0,70;0,80
5-291;Operationen an Kiemengangsresten;200;98;2,0408;0,315;0,49;0,595;0,695;0,755
5-292;Exzision und Destruktion von erkranktem Gewebe des Pharynx;290;65;4,4615;0,6931;0,7724;0,8345;0,8655;0,8897
5-293;Pharyngoplastik;49;14;3,50;0,4898;0,6735;0,7143;0,7959;0,8367
5-294;Andere Rekonstruktionen des Pharynx;1240;183;6,776;0,3927;0,604;0,7315;0,821;0,8847
5-295;Partielle Resektion des Pharynx [Pharynxteilresektion];31;19;1,6316;0,2581;0,4194;0,5484;0,6452;0,7097
5-296;Radikale Resektion des Pharynx [Pharyngektomie];2;2;1,00;0,50;0,50;0,50;0,50;0,50
5-299;Andere Operationen am Pharynx;26;17;1,5294;0,3846;0,4615;0,5385;0,6154;0,6923
5-300;Exzision und Destruktion von erkranktem Gewebe des Larynx;2910;258;11,2791;0,4515;0,6471;0,7608;0,8378;0,8948
5-301;Hemilaryngektomie;5;3;1,6667;0,60;0,60;0,60;0,60;0,80
5-302;Andere partielle Laryngektomie;105;33;3,1818;0,3333;0,581;0,7048;0,781;0,8476
5-303;Laryngektomie;7;3;2,3333;0,5714;0,5714;0,5714;0,5714;0,8571
5-310;Larynxverengende Eingriffe;26;12;2,1667;0,1923;0,3462;0,5385;0,6154;0,6923
5-311;Temporäre Tracheostomie;46;22;2,0909;0,3043;0,4565;0,6304;0,7174;0,7609
5-312;Permanente Tracheostomie;20;13;1,5385;0,15;0,40;0,50;0,60;0,70
5-313;Inzision des Larynx und andere Inzisionen der Trachea;21;18;1,1667;0,2381;0,3333;0,381;0,4762;0,5714
5-314;Exzision, Resektion und Destruktion (von erkranktem Gewebe) der Trachea;13;9;1,4444;0,1538;0,3077;0,4615;0,6154;0,6923
5-315;Rekonstruktion des Larynx;27;18;1,50;0,3704;0,4815;0,5185;0,5926;0,6667
5-316;Rekonstruktion der Trachea;140;72;1,9444;0,35;0,4714;0,5857;0,6857;0,7429
5-319;Andere Operationen an Larynx und Trachea;27;17;1,5882;0,3333;0,4444;0,5556;0,6296;0,7037
5-320;Exzision und Destruktion von erkranktem Gewebe eines Bronchus;26;4;6,50;0,3846;0,3846;0,3846;0,7692;0,7692
5-321;Andere Exzision und Resektion eines Bronchus (ohne Resektion des Lungenparenchyms);-999;-999;-999,00;-9,99;-9,99;-9,99;-9,99;-9,99
5-322;Atypische Lungenresektion;-999;-999;-999,00;-9,99;-9,99;-9,99;-9,99;-9,99
5-323;Segmentresektion und Bisegmentresektion der Lunge;0;0;NULL;NULL;NULL;NULL;NULL;NULL
5-324;Einfache Lobektomie und Bilobektomie der Lunge;0;0;NULL;NULL;NULL;NULL;NULL;NULL
5-325;Erweiterte Lobektomie und Bilobektomie der Lunge;0;0;NULL;NULL;NULL;NULL;NULL;NULL
5-327;Einfache (Pleuro-)Pneum(on)ektomie;0;0;NULL;NULL;NULL;NULL;NULL;NULL
5-328;Erweiterte (Pleuro-)Pneum(on)ektomie;0;0;NULL;NULL;NULL;NULL;NULL;NULL
5-329;Andere Exzisionen an Lunge und Bronchus;0;0;NULL;NULL;NULL;NULL;NULL;NULL
5-330;Inzision eines Bronchus;0;0;NULL;NULL;NULL;NULL;NULL;NULL
5-331;Inzision der Lunge;0;0;NULL;NULL;NULL;NULL;NULL;NULL
5-333;Adhäsiolyse an Lunge und Brustwand;3;2;1,50;0,6667;0,6667;0,6667;0,6667;0,6667
5-334;Rekonstruktion an Lunge und Bronchien;0;0;NULL;NULL;NULL;NULL;NULL;NULL
5-335;Lungentransplantation;0;0;NULL;NULL;NULL;NULL;NULL;NULL
5-339;Andere Operationen an Lunge und Bronchien;57;5;11,40;0,8947;0,8947;0,9298;0,9298;0,9649
5-340;Inzision von Brustwand und Pleura;18;11;1,6364;0,4444;0,50;0,5556;0,6111;0,7222
5-341;Inzision des Mediastinums;2;2;1,00;0,50;0,50;0,50;0,50;0,50
5-342;Exzision und Destruktion von erkranktem Gewebe des Mediastinums;0;0;NULL;NULL;NULL;NULL;NULL;NULL
5-343;Exzision und Destruktion von (erkranktem) Gewebe der Brustwand;65;15;4,3333;0,7231;0,7538;0,8154;0,8462;0,8923
5-344;Pleurektomie;3;2;1,50;0,6667;0,6667;0,6667;0,6667;0,6667
5-345;Pleurodese [Verödung des Pleuraspaltes];12;5;2,40;0,3333;0,3333;0,5833;0,5833;0,75
5-346;Plastische Rekonstruktion der Brustwand;9;9;1,00;0,1111;0,2222;0,3333;0,4444;0,5556
5-347;Operationen am Zwerchfell;10;7;1,4286;0,30;0,30;0,50;0,60;0,70
5-349;Andere Operationen am Thorax;30;15;2,00;0,4667;0,5333;0,6667;0,70;0,7667
5-350;Valvulotomie;0;0;NULL;NULL;NULL;NULL;NULL;NULL
5-351;Ersatz von Herzklappen durch Prothese;0;0;NULL;NULL;NULL;NULL;NULL;NULL
5-352;Wechsel von Herzklappenprothesen;0;0;NULL;NULL;NULL;NULL;NULL;NULL
5-353;Valvuloplastik;0;0;NULL;NULL;NULL;NULL;NULL;NULL
5-354;Andere Operationen an Herzklappen;0;0;NULL;NULL;NULL;NULL;NULL;NULL
5-355;Herstellung und Vergrößerung eines Septumdefektes des Herzens;0;0;NULL;NULL;NULL;NULL;NULL;NULL
5-356;Plastische Rekonstruktion des Herzseptums bei angeborenen Herzfehlern;-999;-999;-999,00;-9,99;-9,99;-9,99;-9,99;-9,99
5-357;Operationen bei kongenitalen Gefäßanomalien;0;0;NULL;NULL;NULL;NULL;NULL;NULL
5-358;Operationen bei kongenitalen Klappenanomalien des Herzens;0;0;NULL;NULL;NULL;NULL;NULL;NULL
5-359;Andere Operationen am Herzen bei kongenitalen Anomalien;0;0;NULL;NULL;NULL;NULL;NULL;NULL
5-35a;Minimalinvasive Operationen an Herzklappen;0;0;NULL;NULL;NULL;NULL;NULL;NULL
5-360;Desobliteration (Endarteriektomie) der Koronararterien;0;0;NULL;NULL;NULL;NULL;NULL;NULL
5-361;Anlegen eines aortokoronaren Bypass;-999;-999;-999,00;-9,99;-9,99;-9,99;-9,99;-9,99
5-362;Anlegen eines aortokoronaren Bypass durch minimalinvasive Technik;0;0;NULL;NULL;NULL;NULL;NULL;NULL
5-363;Andere Revaskularisation des Herzens;0;0;NULL;NULL;NULL;NULL;NULL;NULL
5-364;Anwendung eines mechanischen Anastomosensystems bei Operationen an den Koronargefäßen;0;0;NULL;NULL;NULL;NULL;NULL;NULL
5-369;Andere Operationen an den Koronargefäßen;0;0;NULL;NULL;NULL;NULL;NULL;NULL
5-370;Perikardiotomie und Kardiotomie;-999;-999;-999,00;-9,99;-9,99;-9,99;-9,99;-9,99
5-371;Chirurgische ablative Maßnahmen bei Tachyarrhythmie;0;0;NULL;NULL;NULL;NULL;NULL;NULL
5-372;Exzision und Destruktion von erkranktem Gewebe des Perikardes und Perikardektomie;0;0;NULL;NULL;NULL;NULL;NULL;NULL
5-373;Exzision und Destruktion von erkranktem Gewebe des Herzens;0;0;NULL;NULL;NULL;NULL;NULL;NULL
5-374;Rekonstruktion des Perikardes und des Herzens;0;0;NULL;NULL;NULL;NULL;NULL;NULL
5-375;Herz- und Herz-Lungen-Transplantation;0;0;NULL;NULL;NULL;NULL;NULL;NULL
5-376;Implantation und Entfernung eines herzunterstützenden Systems, offen chirurgisch;0;0;NULL;NULL;NULL;NULL;NULL;NULL
5-377;Implantation eines Herzschrittmachers, Defibrillators und Ereignis-Rekorders;887;18;49,2778;0,3585;0,6855;0,8264;0,929;0,956
5-378;Entfernung, Wechsel und Korrektur eines Herzschrittmachers und Defibrillators;537;18;29,8333;0,3892;0,6369;0,7523;0,8994;0,9534
5-379;Andere Operationen an Herz und Perikard;3;2;1,50;0,6667;0,6667;0,6667;0,6667;0,6667
5-37a;Minimalinvasive Rekonstruktion des Perikardes und des Herzens;0;0;NULL;NULL;NULL;NULL;NULL;NULL
5-37b;Offen chirurgische Implantation und Entfernung von Kanülen für die Anwendung eines extrakorporalen (herz- und) lungenunterstützenden Systems mit Gasaustausch;0;0;NULL;NULL;NULL;NULL;NULL;NULL
5-380;Inzision, Embolektomie und Thrombektomie von Blutgefäßen;501;21;23,8571;0,7904;0,9102;0,9421;0,9641;0,978
5-381;Endarteriektomie;1287;10;128,70;0,627;0,8819;0,9332;0,9573;0,9689
5-382;Resektion von Blutgefäßen mit Reanastomosierung;142;6;23,6667;0,8028;0,8028;0,9718;0,9718;0,9789
5-383;Resektion und Ersatz (Interposition) von (Teilen von) Blutgefäßen;29;6;4,8333;0,4138;0,4138;0,8276;0,8276;0,8966
5-384;Resektion und Ersatz (Interposition) an der Aorta;25;2;12,50;0,80;0,80;0,80;0,80;0,80
5-385;Unterbindung, Exzision und Stripping von Varizen;7645;66;115,8333;0,6794;0,8118;0,9007;0,9443;0,9721
5-386;Andere Exzision von (erkrankten) Blutgefäßen und Transplantatentnahme;227;15;15,1333;0,5727;0,7533;0,9339;0,9515;0,9692
5-387;Ligatur und Teilverschluss der Vena cava;0;0;NULL;NULL;NULL;NULL;NULL;NULL
5-388;Naht von Blutgefäßen;169;51;3,3137;0,503;0,6686;0,7515;0,8107;0,8521
5-389;Anderer operativer Verschluss an Blutgefäßen;89;35;2,5429;0,3596;0,5281;0,6517;0,7191;0,809
5-38a;Endovaskuläre Implantation von Stent-Prothesen;-999;-999;-999,00;-9,99;-9,99;-9,99;-9,99;-9,99
5-38b;Endoskopische Entnahme von Blutgefäßen zur Transplantation;0;0;NULL;NULL;NULL;NULL;NULL;NULL
5-390;Shuntoperationen zwischen großem und kleinem Kreislauf [Links-Rechts-Shunt];0;0;NULL;NULL;NULL;NULL;NULL;NULL
5-391;Anlegen eines intraabdominalen venösen Shuntes;0;0;NULL;NULL;NULL;NULL;NULL;NULL
5-392;Anlegen eines arteriovenösen Shuntes;104;6;17,3333;0,6827;0,6827;0,9423;0,9423;0,9615
5-393;Anlegen eines anderen Shuntes und Bypasses an Blutgefäßen;315;8;39,375;0,7048;0,8476;0,8476;0,9302;0,9587
5-394;Revision einer Blutgefäßoperation;264;17;15,5294;0,6364;0,8106;0,9167;0,9545;0,9697
5-395;Patchplastik an Blutgefäßen;111;11;10,0909;0,5766;0,7297;0,7928;0,8378;0,9189
5-396;Transposition von Blutgefäßen;4;2;2,00;0,75;0,75;0,75;0,75;0,75
5-397;Andere plastische Rekonstruktion von Blutgefäßen;2;2;1,00;0,50;0,50;0,50;0,50;0,50
5-398;Operationen am Glomus caroticum und anderen Paraganglien;5;5;1,00;0,20;0,20;0,40;0,40;0,60
5-399;Andere Operationen an Blutgefäßen;1328;115;11,5478;0,6416;0,7907;0,8758;0,9194;0,9465
5-400;Inzision von Lymphknoten und Lymphgefäßen;5;5;1,00;0,20;0,20;0,40;0,40;0,60
5-401;Exzision einzelner Lymphknoten und Lymphgefäße;2675;184;14,538;0,6692;0,8071;0,874;0,9189;0,9465
5-402;Regionale Lymphadenektomie (Ausräumung mehrerer Lymphknoten einer Region) als selbständiger Eingriff;395;122;3,2377;0,3722;0,5342;0,6532;0,7443;0,8051
5-403;Radikale zervikale Lymphadenektomie [Neck dissection];448;97;4,6186;0,3862;0,5603;0,7031;0,7946;0,8549
5-404;Radikale (systematische) Lymphadenektomie als selbständiger Eingriff;71;28;2,5357;0,3239;0,5211;0,6056;0,7042;0,7887
5-405;Operationen am Ductus thoracicus;0;0;NULL;NULL;NULL;NULL;NULL;NULL
5-406;Regionale Lymphadenektomie (Ausräumung mehrerer Lymphknoten einer Region) im Rahmen einer anderen Operation;392;57;6,8772;0,6046;0,7347;0,8265;0,8801;0,9133
5-407;Radikale (systematische) Lymphadenektomie im Rahmen einer anderen Operation;176;41;4,2927;0,5795;0,6875;0,7727;0,8352;0,8864
5-408;Andere Operationen am Lymphgefäßsystem;20;15;1,3333;0,25;0,35;0,50;0,55;0,65
5-410;Entnahme von hämatopoetischen Stammzellen aus Knochenmark und peripherem Blut zur Transplantation;-999;-999;-999,00;-9,99;-9,99;-9,99;-9,99;-9,99
5-411;Transplantation von hämatopoetischen Stammzellen aus dem Knochenmark;-999;-999;-999,00;-9,99;-9,99;-9,99;-9,99;-9,99
5-412;Inzision der Milz;0;0;NULL;NULL;NULL;NULL;NULL;NULL
5-413;Splenektomie;9;6;1,50;0,2222;0,2222;0,4444;0,4444;0,6667
5-418;Andere Operationen am Knochenmark;0;0;NULL;NULL;NULL;NULL;NULL;NULL
5-419;Andere Operationen an der Milz;4;2;2,00;0,75;0,75;0,75;0,75;0,75
5-420;Inzision des Ösophagus;4;3;1,3333;0,50;0,50;0,50;0,50;0,75
5-421;Ösophagostomie als selbständiger Eingriff;0;0;NULL;NULL;NULL;NULL;NULL;NULL
5-422;Lokale Exzision und Destruktion von erkranktem Gewebe des Ösophagus;28;18;1,5556;0,25;0,3929;0,4643;0,6071;0,6786
5-423;Partielle Ösophagusresektion ohne Wiederherstellung der Kontinuität;-999;-999;-999,00;-9,99;-9,99;-9,99;-9,99;-9,99
5-424;Partielle Ösophagusresektion mit Wiederherstellung der Kontinuität;-999;-999;-999,00;-9,99;-9,99;-9,99;-9,99;-9,99
5-425;(Totale) Ösophagektomie ohne Wiederherstellung der Kontinuität;0;0;NULL;NULL;NULL;NULL;NULL;NULL
5-426;(Totale) Ösophagektomie mit Wiederherstellung der Kontinuität;0;0;NULL;NULL;NULL;NULL;NULL;NULL
5-427;Rekonstruktion der Ösophaguspassage (als selbständiger Eingriff);0;0;NULL;NULL;NULL;NULL;NULL;NULL
5-428;Rekonstruktion der Ösophaguspassage bei Atresie und Versorgung einer kongenitalen ösophagotrachealen Fistel;0;0;NULL;NULL;NULL;NULL;NULL;NULL
5-429;Andere Operationen am Ösophagus;196;32;6,125;0,3469;0,5663;0,7398;0,8367;0,8827
5-430;Gastrotomie;0;0;NULL;NULL;NULL;NULL;NULL;NULL
5-431;Gastrostomie;106;44;2,4091;0,3585;0,5189;0,6132;0,7075;0,783
5-432;Operationen am Pylorus;10;5;2,00;0,50;0,50;0,70;0,70;0,80
5-433;Lokale Exzision und Destruktion von erkranktem Gewebe des Magens;113;23;4,913;0,3717;0,5929;0,708;0,8053;0,885
5-434;Atypische partielle Magenresektion;10;6;1,6667;0,30;0,30;0,50;0,50;0,70
5-435;Partielle Magenresektion (2/3-Resektion);5;2;2,50;0,80;0,80;0,80;0,80;0,80
5-436;Subtotale Magenresektion (4/5-Resektion);3;2;1,50;0,6667;0,6667;0,6667;0,6667;0,6667
5-437;(Totale) Gastrektomie;3;2;1,50;0,6667;0,6667;0,6667;0,6667;0,6667
5-438;(Totale) Gastrektomie mit Ösophagusresektion;0;0;NULL;NULL;NULL;NULL;NULL;NULL
5-439;Andere Inzision, Exzision und Resektion am Magen;0;0;NULL;NULL;NULL;NULL;NULL;NULL
5-444;Vagotomie;0;0;NULL;NULL;NULL;NULL;NULL;NULL
5-445;Gastroenterostomie ohne Magenresektion [Bypassverfahren];5;5;1,00;0,20;0,20;0,40;0,40;0,60
5-447;Revision nach Magenresektion;2;2;1,00;0,50;0,50;0,50;0,50;0,50
5-448;Andere Rekonstruktion am Magen;154;16;9,625;0,5714;0,6753;0,8247;0,8636;0,9286
5-449;Andere Operationen am Magen;181;29;6,2414;0,5359;0,7348;0,8066;0,8674;0,9061
5-450;Inzision des Darmes;4;4;1,00;0,25;0,25;0,25;0,50;0,50
5-451;Lokale Exzision und Destruktion von erkranktem Gewebe des Dünndarmes;73;30;2,4333;0,2603;0,4658;0,589;0,6849;0,7671
5-452;Lokale Exzision und Destruktion von erkranktem Gewebe des Dickdarmes;1961;74;26,50;0,6298;0,8205;0,9062;0,951;0,9699
5-453;Ausschaltung eines Darmsegmentes als selbständiger Eingriff (z.B. bei zweizeitigen plastischen Operationen);0;0;NULL;NULL;NULL;NULL;NULL;NULL
5-454;Resektion des Dünndarmes;71;21;3,381;0,4085;0,5775;0,7042;0,7887;0,8592
5-455;Partielle Resektion des Dickdarmes;364;27;13,4815;0,6538;0,7692;0,8791;0,9341;0,9643
5-456;(Totale) Kolektomie und Proktokolektomie;3;2;1,50;0,6667;0,6667;0,6667;0,6667;0,6667
5-459;Bypass-Anastomose des Darmes;5;5;1,00;0,20;0,20;0,40;0,40;0,60
5-460;Anlegen eines Enterostomas, doppelläufig, als selbständiger Eingriff;20;12;1,6667;0,15;0,30;0,55;0,65;0,70
5-461;Anlegen eines Enterostomas, endständig, als selbständiger Eingriff;8;6;1,3333;0,375;0,375;0,50;0,50;0,625
5-462;Anlegen eines Enterostomas (als protektive Maßnahme) im Rahmen eines anderen Eingriffes;30;8;3,75;0,4333;0,6667;0,6667;0,7667;0,8333
5-463;Anlegen anderer Enterostomata;8;2;4,00;0,75;0,75;0,75;0,75;0,75
5-464;Revision und andere Eingriffe an einem Enterostoma;15;6;2,50;0,40;0,40;0,6667;0,6667;0,80
5-465;Rückverlagerung eines doppelläufigen Enterostomas;47;14;3,3571;0,4043;0,6809;0,7234;0,8085;0,8511
5-466;Wiederherstellung der Kontinuität des Darmes bei endständigen Enterostomata;13;5;2,60;0,6923;0,6923;0,7692;0,7692;0,8462
5-467;Andere Rekonstruktion des Darmes;85;35;2,4286;0,40;0,5412;0,6824;0,7529;0,80
5-468;Intraabdominale Manipulation am Darm;3;3;1,00;0,3333;0,3333;0,3333;0,3333;0,6667
5-469;Andere Operationen am Darm;5420;183;29,6175;0,588;0,7699;0,8557;0,9081;0,9443
5-470;Appendektomie;715;69;10,3623;0,5706;0,7315;0,828;0,8937;0,9399
5-471;Simultane Appendektomie;91;39;2,3333;0,3846;0,5604;0,6593;0,7473;0,7912
5-479;Andere Operationen an der Appendix;2;2;1,00;0,50;0,50;0,50;0,50;0,50
5-480;Inzision des Rektums;5;3;1,6667;0,60;0,60;0,60;0,60;0,80
5-482;Peranale lokale Exzision und Destruktion von erkranktem Gewebe des Rektums;832;55;15,1273;0,4603;0,6815;0,8101;0,8738;0,9279
5-484;Rektumresektion unter Sphinktererhaltung;139;19;7,3158;0,4964;0,7266;0,8417;0,8993;0,9281
5-485;Rektumresektion ohne Sphinktererhaltung;5;2;2,50;0,60;0,60;0,60;0,60;0,60
5-486;Rekonstruktion des Rektums;289;31;9,3226;0,6332;0,7578;0,8547;0,9031;0,9377
5-489;Andere Operation am Rektum;82;27;3,037;0,3171;0,4634;0,6463;0,7561;0,8415
5-490;Inzision und Exzision von Gewebe der Perianalregion;1744;93;18,7527;0,676;0,8068;0,8802;0,9266;0,9558
5-491;Operative Behandlung von Analfisteln;2532;68;37,2353;0,5585;0,795;0,8803;0,9258;0,957
5-492;Exzision und Destruktion von erkranktem Gewebe des Analkanals;2170;76;28,5526;0,6525;0,8009;0,8926;0,9332;0,9608
5-493;Operative Behandlung von Hämorrhoiden;4084;89;45,8876;0,5392;0,7402;0,8359;0,8991;0,9474
5-494;Durchtrennung des Sphincter ani [Sphinkterotomie];21;12;1,75;0,1905;0,381;0,5714;0,6667;0,7143
5-495;Primäre plastische Rekonstruktion bei anorektalen Anomalien;9;4;2,25;0,3333;0,3333;0,3333;0,6667;0,6667
5-496;Rekonstruktion des Anus und des Sphinkterapparates;235;27;8,7037;0,4383;0,5872;0,7404;0,8383;0,8979
5-499;Andere Operationen am Anus;101;24;4,2083;0,5347;0,703;0,7723;0,8317;0,8713
5-500;Inzision der Leber;0;0;NULL;NULL;NULL;NULL;NULL;NULL
5-501;Lokale Exzision und Destruktion von erkranktem Gewebe der Leber (atypische Leberresektion);34;16;2,125;0,4412;0,5588;0,6765;0,7059;0,7647
5-502;Anatomische (typische) Leberresektion;-999;-999;-999,00;-9,99;-9,99;-9,99;-9,99;-9,99
5-503;Leberteilresektion und Hepatektomie (zur Transplantation);0;0;NULL;NULL;NULL;NULL;NULL;NULL
5-504;Lebertransplantation;0;0;NULL;NULL;NULL;NULL;NULL;NULL
5-505;Rekonstruktion der Leber;3;2;1,50;0,6667;0,6667;0,6667;0,6667;0,6667
5-506;Implantation, Wechsel und Entfernung eines Katheterverweilsystems in Leberarterie und Pfortader (zur Chemotherapie) und offen chirurgische intrahepatische Chemoperfusion;0;0;NULL;NULL;NULL;NULL;NULL;NULL
5-509;Andere Operationen an der Leber;0;0;NULL;NULL;NULL;NULL;NULL;NULL
5-510;Cholezystotomie und Cholezystostomie;0;0;NULL;NULL;NULL;NULL;NULL;NULL
5-511;Cholezystektomie;2083;53;39,3019;0,4105;0,6563;0,7984;0,8809;0,939
5-512;Biliodigestive Anastomose (von Ductus hepaticus, Ductus choledochus und Leberparenchym);0;0;NULL;NULL;NULL;NULL;NULL;NULL
5-513;Endoskopische Operationen an den Gallengängen;471;19;24,7895;0,4183;0,6497;0,7834;0,8854;0,9469
5-514;Andere Operationen an den Gallengängen;9;7;1,2857;0,2222;0,2222;0,4444;0,5556;0,6667
5-515;Exzision und Resektion von erkranktem Gewebe der Gallengänge;3;3;1,00;0,3333;0,3333;0,3333;0,3333;0,6667
5-516;Andere Rekonstruktion der Gallengänge;-999;-999;-999,00;-9,99;-9,99;-9,99;-9,99;-9,99
5-517;Einlegen oder Wechseln von selbstexpandierenden Stents und Stent-Prothesen in die Gallengänge;0;0;NULL;NULL;NULL;NULL;NULL;NULL
5-518;Operationen an Sphincter Oddi und Papilla duodeni major;0;0;NULL;NULL;NULL;NULL;NULL;NULL
5-519;Andere Operationen an Gallenblase und Gallengängen;0;0;NULL;NULL;NULL;NULL;NULL;NULL
5-520;Inzision des Pankreas;0;0;NULL;NULL;NULL;NULL;NULL;NULL
5-521;Lokale Exzision und Destruktion von erkranktem Gewebe des Pankreas;0;0;NULL;NULL;NULL;NULL;NULL;NULL
5-522;Marsupialisation einer Pankreaszyste;0;0;NULL;NULL;NULL;NULL;NULL;NULL
5-523;Innere Drainage des Pankreas;0;0;NULL;NULL;NULL;NULL;NULL;NULL
5-524;Partielle Resektion des Pankreas;5;3;1,6667;0,60;0,60;0,60;0,60;0,80
5-525;(Totale) Pankreatektomie;0;0;NULL;NULL;NULL;NULL;NULL;NULL
5-526;Endoskopische Operationen am Pankreasgang;15;4;3,75;0,5333;0,5333;0,5333;0,80;0,80
5-527;Anastomose des Ductus pancreaticus;0;0;NULL;NULL;NULL;NULL;NULL;NULL
5-528;Transplantation von Pankreas(gewebe);0;0;NULL;NULL;NULL;NULL;NULL;NULL
5-529;Andere Operationen am Pankreas und am Pankreasgang;7;5;1,40;0,2857;0,2857;0,5714;0,5714;0,7143
5-530;Verschluss einer Hernia inguinalis;7958;131;60,7481;0,5108;0,7437;0,8539;0,9146;0,9533
5-531;Verschluss einer Hernia femoralis;190;46;4,1304;0,4895;0,6263;0,7474;0,8105;0,8684
5-534;Verschluss einer Hernia umbilicalis;1503;111;13,5405;0,5449;0,7625;0,8623;0,9175;0,9501
5-535;Verschluss einer Hernia epigastrica;533;61;8,7377;0,4053;0,6098;0,7411;0,8236;0,8987
5-536;Verschluss einer Narbenhernie;1017;83;12,253;0,4356;0,6686;0,7955;0,8682;0,9243
5-537;Verschluss kongenitaler Bauchwanddefekte (Omphalozele, Laparoschisis);0;0;NULL;NULL;NULL;NULL;NULL;NULL
5-538;Verschluss einer Hernia diaphragmatica;174;15;11,60;0,6552;0,7816;0,9023;0,9253;0,954
5-539;Verschluss anderer abdominaler Hernien;81;39;2,0769;0,284;0,4444;0,5926;0,6914;0,7654
5-540;Inzision der Bauchwand;78;17;4,5882;0,7308;0,7564;0,8077;0,859;0,8974
5-541;Laparotomie und Eröffnung des Retroperitoneums;204;84;2,4286;0,3775;0,5441;0,6471;0,7353;0,7941
5-542;Exzision und Destruktion von erkranktem Gewebe der Bauchwand;77;43;1,7907;0,2987;0,4805;0,5844;0,6623;0,7273
5-543;Exzision und Destruktion von peritonealem Gewebe;405;79;5,1266;0,5111;0,6617;0,7679;0,837;0,8864
5-545;Verschluss von Bauchwand und Peritoneum;42;36;1,1667;0,2381;0,3095;0,4048;0,4762;0,5714
5-546;Plastische Rekonstruktion von Bauchwand und Peritoneum;142;46;3,087;0,4437;0,5775;0,6972;0,7606;0,831
5-547;Resektion von Gewebe in der Bauchregion ohne sichere Organzuordnung;34;17;2,00;0,3235;0,4412;0,5882;0,7059;0,7647
5-549;Andere Bauchoperationen;433;59;7,339;0,6767;0,7852;0,8453;0,8915;0,9238
5-550;Perkutan-transrenale Nephrotomie, Nephrostomie, Steinentfernung, Pyeloplastik und ureterorenoskopische Steinentfernung;1404;86;16,3256;0,4772;0,6481;0,7657;0,8476;0,9152
5-551;Offen chirurgische Nephrotomie, Nephrostomie, Pyelotomie und Pyelostomie;23;15;1,5333;0,2174;0,3043;0,4783;0,5652;0,6957
5-552;Exzision und Destruktion von (erkranktem) Gewebe der Niere;112;46;2,4348;0,3125;0,4554;0,6071;0,6964;0,7857
5-553;Partielle Resektion der Niere;198;44;4,50;0,2828;0,4949;0,6111;0,7172;0,798
5-554;Nephrektomie;291;49;5,9388;0,299;0,4845;0,6186;0,7182;0,8041
5-555;Nierentransplantation;0;0;NULL;NULL;NULL;NULL;NULL;NULL
5-557;Rekonstruktion der Niere;98;32;3,0625;0,2551;0,449;0,6327;0,7245;0,7959
5-559;Andere Operationen an der Niere;14;11;1,2727;0,1429;0,2857;0,4286;0,50;0,6429
5-560;Transurethrale und perkutan-transrenale Erweiterung des Ureters;4075;91;44,7802;0,5514;0,7345;0,8434;0,907;0,9546
5-561;Inzision, Resektion und (andere) Erweiterung des Ureterostiums;297;69;4,3043;0,4108;0,5993;0,7172;0,8013;0,8586
5-562;Ureterotomie, perkutan-transrenale und transurethrale Steinbehandlung;4394;111;39,5856;0,4802;0,6661;0,7763;0,8514;0,9103
5-563;Exzision und Destruktion von erkranktem Gewebe des Ureters, Ureterresektion und Ureterektomie;146;44;3,3182;0,3493;0,5753;0,6712;0,7671;0,8219
5-564;Kutane Harnableitung durch Ureterokutaneostomie (nicht kontinentes Stoma);17;9;1,8889;0,2353;0,4118;0,5882;0,7059;0,7647
5-565;Kutane Harnableitung mit Darminterponat [Conduit] (nicht kontinentes Stoma);44;11;4,00;0,2273;0,4318;0,6364;0,7273;0,8409
5-566;Kutane Harnableitung mit Darmreservoir (kontinentes Stoma);2;2;1,00;0,50;0,50;0,50;0,50;0,50
5-567;Interne Harnableitung über den Darm;-999;-999;-999,00;-9,99;-9,99;-9,99;-9,99;-9,99
5-568;Rekonstruktion des Ureters;79;31;2,5484;0,3924;0,5443;0,6456;0,7215;0,8101
5-569;Andere Operationen am Ureter;520;51;10,1961;0,5038;0,7212;0,8288;0,8981;0,9385
5-570;Endoskopische Entfernung von Steinen, Fremdkörpern und Tamponaden der Harnblase;1868;124;15,0645;0,356;0,5551;0,6809;0,7901;0,864
5-571;Zystotomie [Sectio alta];73;43;1,6977;0,2466;0,411;0,5205;0,6301;0,7123
5-572;Zystostomie;3345;167;20,0299;0,4604;0,6559;0,7791;0,8652;0,9238
5-573;Transurethrale Inzision, Exzision, Destruktion und Resektion von (erkranktem) Gewebe der Harnblase;10987;146;75,2534;0,3408;0,5056;0,6379;0,7403;0,8274
5-574;Offen chirurgische und laparoskopische Exzision und Destruktion von (erkranktem) Gewebe der Harnblase;42;23;1,8261;0,2619;0,5238;0,619;0,6667;0,7381
5-575;Partielle Harnblasenresektion;38;21;1,8095;0,2105;0,4211;0,5526;0,6579;0,7368
5-576;Zystektomie;88;19;4,6316;0,375;0,5909;0,7273;0,8182;0,875
5-577;Ersatz der Harnblase;31;9;3,4444;0,2581;0,4839;0,6129;0,7097;0,8065
5-578;Andere plastische Rekonstruktion der Harnblase;117;69;1,6957;0,2308;0,4103;0,547;0,6496;0,7094
5-579;Andere Operationen an der Harnblase;1175;103;11,4078;0,4553;0,6306;0,754;0,8536;0,9157
5-580;Offen chirurgische Urethrotomie und Urethrostomie;15;13;1,1538;0,1333;0,3333;0,40;0,4667;0,60
5-581;Plastische Meatotomie der Urethra;417;90;4,6333;0,4412;0,6067;0,7074;0,7842;0,8489
5-582;Exzision, Destruktion und Resektion von (erkranktem) Gewebe der Urethra;440;101;4,3564;0,4455;0,5955;0,7068;0,7909;0,8568
5-583;Urethrektomie als selbständiger Eingriff;7;5;1,40;0,4286;0,4286;0,5714;0,5714;0,7143
5-584;Rekonstruktion der Urethra;62;25;2,48;0,5323;0,6452;0,7258;0,7581;0,8065
5-585;Transurethrale Inzision von (erkranktem) Gewebe der Urethra;3890;130;29,9231;0,3859;0,5787;0,708;0,8054;0,8763
5-589;Andere Operationen an Urethra und periurethralem Gewebe;71;31;2,2903;0,4225;0,5634;0,6479;0,7324;0,7887
5-590;Inzision und Exzision von retroperitonealem Gewebe;66;41;1,6098;0,3485;0,4697;0,5606;0,6212;0,697
5-591;Inzision und Exzision von perivesikalem Gewebe;26;12;2,1667;0,3462;0,4615;0,6154;0,6923;0,7692
5-592;Raffung des urethrovesikalen Überganges;57;4;14,25;0,7193;0,7193;0,7193;0,9298;0,9298
5-593;Transvaginale Suspensionsoperation [Zügeloperation];1099;138;7,9638;0,3667;0,5614;0,6806;0,7771;0,8562
5-594;Suprapubische (urethrovesikale) Zügeloperation [Schlingenoperation];78;14;5,5714;0,4359;0,6667;0,7436;0,859;0,8974
5-595;Abdominale retropubische und paraurethrale Suspensionsoperation;183;39;4,6923;0,459;0,6339;0,7322;0,8197;0,8798
5-596;Andere Harninkontinenzoperationen;122;30;4,0667;0,459;0,623;0,7295;0,8115;0,8607
5-597;Eingriffe bei artifiziellem Harnblasensphinkter;55;7;7,8571;0,60;0,60;0,7273;0,8182;0,8909
5-598;Suspensionsoperation [Zügeloperation] bei Harninkontinenz des Mannes;17;6;2,8333;0,2353;0,2353;0,4706;0,4706;0,7059
5-599;Andere Operationen am Harntrakt;47;25;1,88;0,383;0,4894;0,617;0,6809;0,7447
5-600;Inzision der Prostata;80;25;3,20;0,5125;0,625;0,7375;0,80;0,85
5-601;Transurethrale Exzision und Destruktion von Prostatagewebe;7734;132;58,5909;0,3671;0,5494;0,688;0,7829;0,8556
5-602;Transrektale und perkutane Destruktion von Prostatagewebe;27;4;6,75;0,4815;0,4815;0,4815;0,9259;0,9259
5-603;Exzision und Destruktion von Prostatagewebe;394;63;6,254;0,3249;0,5381;0,6624;0,7538;0,8376
5-604;Radikale Prostatovesikulektomie;736;50;14,72;0,3655;0,5652;0,7052;0,822;0,9008
5-605;Andere Exzision und Destruktion von Prostatagewebe;5;5;1,00;0,20;0,20;0,40;0,40;0,60
5-606;Operationen an den Vesiculae seminales;0;0;NULL;NULL;NULL;NULL;NULL;NULL
5-607;Inzision und Exzision von periprostatischem Gewebe;11;7;1,5714;0,2727;0,2727;0,4545;0,6364;0,7273
5-609;Andere Operationen an der Prostata;373;77;4,8442;0,4611;0,6005;0,7078;0,7936;0,8579
5-610;Inzision an Skrotum und Tunica vaginalis testis;150;54;2,7778;0,3667;0,56;0,66;0,7467;0,8133
5-611;Operation einer Hydrocele testis;1381;141;9,7943;0,3244;0,5105;0,635;0,7429;0,8349
5-612;Exzision und Destruktion von erkranktem Skrotumgewebe;137;69;1,9855;0,3577;0,5255;0,6277;0,7007;0,7518
5-613;Plastische Rekonstruktion von Skrotum und Tunica vaginalis testis;13;9;1,4444;0,3846;0,4615;0,5385;0,6154;0,6923
5-619;Andere Operationen an Skrotum und Tunica vaginalis testis;7;7;1,00;0,1429;0,1429;0,2857;0,4286;0,5714
5-620;Inzision des Hodens;6;5;1,20;0,3333;0,3333;0,50;0,50;0,6667
5-621;Exzision und Destruktion von erkranktem Gewebe des Hodens;92;47;1,9574;0,3696;0,4891;0,5978;0,6957;0,75
5-622;Orchidektomie;670;119;5,6303;0,3537;0,5388;0,6701;0,7657;0,8388
5-624;Orchidopexie;342;75;4,56;0,4591;0,6023;0,7047;0,7778;0,845
5-625;Exploration bei Kryptorchismus;21;7;3,00;0,4286;0,4286;0,6667;0,7619;0,8571
5-626;Operative Verlagerung eines Abdominalhodens;14;2;7,00;0,7857;0,7857;0,7857;0,7857;0,7857
5-627;Rekonstruktion des Hodens;8;6;1,3333;0,25;0,25;0,50;0,50;0,625
5-628;Implantation, Wechsel und Entfernung einer Hodenprothese;32;20;1,60;0,3438;0,50;0,5625;0,625;0,6875
5-629;Andere Operationen am Hoden;96;49;1,9592;0,3021;0,4583;0,5729;0,6771;0,75
5-630;Operative Behandlung einer Varikozele und einer Hydrocele funiculi spermatici;242;64;3,7813;0,4298;0,5992;0,6942;0,7727;0,8223
5-631;Exzision im Bereich der Epididymis;539;108;4,9907;0,3302;0,5102;0,6382;0,7403;0,8256
5-633;Epididymektomie;162;57;2,8421;0,3333;0,4815;0,6173;0,7222;0,7963
5-634;Rekonstruktion des Funiculus spermaticus;66;40;1,65;0,2273;0,4091;0,5303;0,6364;0,697
5-635;Vasotomie des Ductus deferens;16;10;1,60;0,375;0,50;0,5625;0,625;0,6875
5-636;Destruktion, Ligatur und Resektion des Ductus deferens;510;56;9,1071;0,7667;0,8471;0,8941;0,9216;0,9451
5-637;Rekonstruktion von Ductus deferens und Epididymis;6;5;1,20;0,3333;0,3333;0,50;0,50;0,6667
5-639;Andere Operationen an Funiculus spermaticus, Epididymis und Ductus deferens;42;22;1,9091;0,4524;0,5476;0,6429;0,6905;0,7381
5-640;Operationen am Präputium;1313;144;9,1181;0,4059;0,6085;0,7212;0,8081;0,8713
5-641;Lokale Exzision und Destruktion von erkranktem Gewebe des Penis;100;47;2,1277;0,31;0,46;0,59;0,69;0,77
5-642;Amputation des Penis;32;22;1,4545;0,3125;0,4375;0,5313;0,5938;0,6563
5-643;Plastische Rekonstruktion des Penis;54;25;2,16;0,3889;0,5185;0,6296;0,7037;0,7778
5-644;Plastische Rekonstruktion bei männlicher Epispadie;-999;-999;-999,00;-9,99;-9,99;-9,99;-9,99;-9,99
5-645;Plastische Rekonstruktion bei männlicher Hypospadie;54;9;6,00;0,463;0,7222;0,8148;0,8889;0,9259
5-646;Operationen zur Geschlechtsumwandlung;2;2;1,00;0,50;0,50;0,50;0,50;0,50
5-649;Andere Operationen am Penis;42;26;1,6154;0,3571;0,4762;0,5714;0,619;0,6905
5-650;Inzision des Ovars;327;37;8,8378;0,7982;0,8654;0,9021;0,9266;0,945
5-651;Lokale Exzision und Destruktion von Ovarialgewebe;2877;145;19,8414;0,4831;0,6528;0,7668;0,8453;0,9062
5-652;Ovariektomie;347;95;3,6526;0,3689;0,5245;0,6571;0,7493;0,8271
5-653;Salpingoovariektomie;1697;132;12,8561;0,4184;0,6005;0,7254;0,8067;0,8686
5-656;Plastische Rekonstruktion des Ovars;158;33;4,7879;0,5253;0,7342;0,7911;0,8291;0,8797
5-657;Adhäsiolyse an Ovar und Tuba uterina ohne mikrochirurgische Versorgung;2742;128;21,4219;0,5244;0,6966;0,7983;0,8724;0,9212
5-658;Adhäsiolyse an Ovar und Tuba uterina mit mikrochirurgischer Versorgung;259;40;6,475;0,4826;0,6795;0,7992;0,8649;0,9073
5-659;Andere Operationen am Ovar;99;41;2,4146;0,4242;0,5556;0,6465;0,7273;0,798
5-660;Salpingotomie;73;41;1,7805;0,2466;0,411;0,5205;0,6301;0,726
5-661;Salpingektomie;1773;109;16,2661;0,4726;0,6678;0,7964;0,8832;0,9239
5-663;Destruktion und Verschluss der Tubae uterinae [Sterilisationsoperation];597;75;7,96;0,3953;0,5712;0,7219;0,809;0,8928
5-665;Exzision und Destruktion von erkranktem Gewebe der Tuba uterina;216;57;3,7895;0,4306;0,6111;0,7315;0,8056;0,8611
5-666;Plastische Rekonstruktion der Tuba uterina;110;26;4,2308;0,6182;0,6909;0,7818;0,8182;0,8727
5-667;Insufflation der Tubae uterinae;1806;99;18,2424;0,7226;0,8361;0,8882;0,9225;0,9496
5-669;Andere Operationen an der Tuba uterina;14;8;1,75;0,3571;0,50;0,50;0,6429;0,7143
5-670;Dilatation des Zervikalkanals;343;34;10,0882;0,6793;0,8659;0,9067;0,9359;0,9504
5-671;Konisation der Cervix uteri;425;75;5,6667;0,5482;0,6918;0,8024;0,8612;0,9059
5-672;Andere Exzision und Destruktion von erkranktem Gewebe der Cervix uteri;155;40;3,875;0,5226;0,6581;0,7419;0,8129;0,8645
5-673;Amputation der Cervix uteri;25;17;1,4706;0,24;0,36;0,52;0,60;0,68
5-674;Rekonstruktion der Cervix uteri in der Gravidität;87;22;3,9545;0,4483;0,5862;0,7356;0,8161;0,8621
5-675;Andere Rekonstruktion der Cervix uteri;59;29;2,0345;0,3898;0,5254;0,6271;0,7119;0,7627
5-679;Andere Operationen an der Cervix uteri;43;19;2,2632;0,3953;0,5116;0,6047;0,6977;0,7907
5-680;Inzision des Uterus [Hysterotomie];2;2;1,00;0,50;0,50;0,50;0,50;0,50
5-681;Exzision und Destruktion von erkranktem Gewebe des Uterus;3059;112;27,3125;0,5754;0,7277;0,8307;0,8964;0,9431
5-682;Subtotale Uterusexstirpation;1906;86;22,1628;0,4879;0,6553;0,7833;0,861;0,9161
5-683;Uterusexstirpation [Hysterektomie];5096;147;34,6667;0,3026;0,4922;0,6419;0,7478;0,8275
5-684;Zervixstumpfexstirpation;40;28;1,4286;0,325;0,45;0,50;0,575;0,65
5-685;Radikale Uterusexstirpation;94;25;3,76;0,4681;0,5745;0,6915;0,7553;0,8298
5-686;Radikale Zervixstumpfexstirpation;7;5;1,40;0,2857;0,2857;0,5714;0,5714;0,7143
5-687;Exenteration [Eviszeration] des weiblichen kleinen Beckens;-999;-999;-999,00;-9,99;-9,99;-9,99;-9,99;-9,99
5-689;Andere Inzision und Exzision des Uterus;3;3;1,00;0,3333;0,3333;0,3333;0,3333;0,6667
5-690;Therapeutische Kürettage [Abrasio uteri];3163;135;23,4296;0,5479;0,7047;0,8125;0,8808;0,9301
5-691;Entfernung eines intrauterinen Fremdkörpers;118;53;2,2264;0,2966;0,4915;0,6186;0,7034;0,7797
5-692;Exzision und Destruktion von erkranktem Gewebe der Parametrien;721;23;31,3478;0,9487;0,9653;0,9736;0,9792;0,9847
5-693;Plastische Rekonstruktion der Parametrien (bei Lagekorrektur des Uterus);8;7;1,1429;0,25;0,25;0,375;0,50;0,625
5-694;Parazervikale Uterusdenervation;-999;-999;-999,00;-9,99;-9,99;-9,99;-9,99;-9,99
5-695;Rekonstruktion des Uterus;68;31;2,1935;0,3235;0,5147;0,6176;0,7059;0,7794
5-699;Andere Operationen an Uterus und Parametrien;8;7;1,1429;0,25;0,25;0,375;0,50;0,625
5-700;Kuldotomie;13;5;2,60;0,6154;0,6154;0,7692;0,7692;0,8462
5-701;Inzision der Vagina;27;20;1,35;0,2222;0,3704;0,4815;0,5556;0,6296
5-702;Lokale Exzision und Destruktion von erkranktem Gewebe der Vagina und des Douglasraumes;1051;97;10,8351;0,6832;0,7964;0,8639;0,9077;0,9363
5-703;Verschluss und (sub-)totale Exstirpation der Vagina;86;39;2,2051;0,2791;0,4651;0,5814;0,6744;0,7674
5-704;Vaginale Kolporrhaphie und Beckenbodenplastik;4856;152;31,9474;0,4024;0,5968;0,7292;0,8225;0,8915
5-705;Konstruktion und Rekonstruktion der Vagina;22;13;1,6923;0,2273;0,4545;0,5455;0,6364;0,7273
5-706;Andere plastische Rekonstruktion der Vagina;58;37;1,5676;0,2241;0,3448;0,4828;0,6207;0,6897
5-707;Plastische Rekonstruktion des kleinen Beckens und des Douglasraumes;475;56;8,4821;0,44;0,6147;0,7347;0,8189;0,8905
5-709;Andere Operationen an Vagina und Douglasraum;17;11;1,5455;0,2353;0,4706;0,5294;0,5882;0,7059
5-710;Inzision der Vulva;36;26;1,3846;0,25;0,3611;0,50;0,5556;0,6389
5-711;Operationen an der Bartholin-Drüse (Zyste);143;58;2,4655;0,3566;0,5385;0,6224;0,7063;0,7902
5-712;Andere Exzision und Destruktion von erkranktem Gewebe der Vulva;241;77;3,1299;0,4232;0,5519;0,6846;0,7801;0,8423
5-713;Operationen an der Klitoris;16;11;1,4545;0,1875;0,3125;0,4375;0,5625;0,6875
5-714;Vulvektomie;113;45;2,5111;0,4513;0,5752;0,6637;0,7345;0,8053
5-716;Konstruktion und Rekonstruktion der Vulva (und des Perineums);134;46;2,913;0,5075;0,6194;0,7164;0,7761;0,8284
5-718;Andere Operationen an der Vulva;22;20;1,10;0,1818;0,2727;0,3636;0,4545;0,5455
5-719;Andere Operationen an den weiblichen Geschlechtsorganen;2;2;1,00;0,50;0,50;0,50;0,50;0,50
5-720;Zangenentbindung;218;26;8,3846;0,3349;0,4954;0,6881;0,7706;0,8532
5-724;Drehung des kindlichen Kopfes mit Zange;2;2;1,00;0,50;0,50;0,50;0,50;0,50
5-725;Extraktion bei Beckenendlage;3;3;1,00;0,3333;0,3333;0,3333;0,3333;0,6667
5-727;Spontane und vaginale operative Entbindung bei Beckenendlage;26;13;2,00;0,1538;0,4231;0,5385;0,6538;0,7692
5-728;Vakuumentbindung;2714;67;40,5075;0,3408;0,4878;0,6304;0,7421;0,8357
5-729;Andere instrumentelle Entbindung;-999;-999;-999,00;-9,99;-9,99;-9,99;-9,99;-9,99
5-730;Künstliche Fruchtblasensprengung [Amniotomie];4535;59;76,8644;0,3832;0,5854;0,7281;0,8298;0,9058
5-731;Andere operative Geburtseinleitung;2;2;1,00;0,50;0,50;0,50;0,50;0,50
5-732;Innere und kombinierte Wendung ohne und mit Extraktion;13;2;6,50;0,9231;0,9231;0,9231;0,9231;0,9231
5-733;Misslungene vaginale operative Entbindung;35;15;2,3333;0,40;0,5429;0,6571;0,7143;0,80
5-734;Operative Maßnahmen am Feten zur Geburtserleichterung;0;0;NULL;NULL;NULL;NULL;NULL;NULL
5-738;Episiotomie und Naht;4471;68;65,75;0,3406;0,514;0,6316;0,737;0,8222
5-739;Andere Operationen zur Unterstützung der Geburt;0;0;NULL;NULL;NULL;NULL;NULL;NULL
5-740;Klassische Sectio caesarea;4385;66;66,4394;0,4892;0,6515;0,7847;0,8757;0,9391
5-741;Sectio caesarea, suprazervikal und korporal;336;22;15,2727;0,7708;0,8631;0,9107;0,9345;0,9524
5-742;Sectio caesarea extraperitonealis;52;5;10,40;0,8269;0,8269;0,9038;0,9038;0,9615
5-743;Entfernung eines intraperitonealen Embryos;-999;-999;-999,00;-9,99;-9,99;-9,99;-9,99;-9,99
5-744;Operationen bei Extrauteringravidität;255;69;3,6957;0,3725;0,5176;0,6275;0,7333;0,8078
5-749;Andere Sectio caesarea;12755;73;174,726;0,3136;0,4907;0,6086;0,7091;0,8065
5-750;Intraamniale Injektion zur Beendigung der Schwangerschaft;0;0;NULL;NULL;NULL;NULL;NULL;NULL
5-751;Kürettage zur Beendigung der Schwangerschaft [Abruptio];67;13;5,1538;0,7015;0,8209;0,8507;0,8806;0,9104
5-752;Andere Operationen zur Beendigung einer Schwangerschaft;-999;-999;-999,00;-9,99;-9,99;-9,99;-9,99;-9,99
5-753;Therapeutische Amniozentese [Amnionpunktion];-999;-999;-999,00;-9,99;-9,99;-9,99;-9,99;-9,99
5-754;Intrauterine Therapie des Feten;16;2;8,00;0,9375;0,9375;0,9375;0,9375;0,9375
5-755;Andere intrauterine Operationen am Feten;0;0;NULL;NULL;NULL;NULL;NULL;NULL
5-756;Entfernung zurückgebliebener Plazenta (postpartal);1114;69;16,1449;0,4075;0,5772;0,6912;0,7864;0,8564
5-757;Uterusexstirpation, geburtshilflich;7;6;1,1667;0,2857;0,2857;0,4286;0,4286;0,5714
5-758;Rekonstruktion weiblicher Geschlechtsorgane nach Ruptur, post partum [Dammriss];12716;73;174,1918;0,3373;0,5215;0,636;0,7333;0,8228
5-759;Andere geburtshilfliche Operationen;30;18;1,6667;0,3667;0,5333;0,5667;0,6333;0,70
5-760;Reposition einer lateralen Mittelgesichtsfraktur;144;36;4,00;0,4722;0,6458;0,7708;0,8264;0,875
5-761;Reposition einer zentralen Mittelgesichtsfraktur;57;23;2,4783;0,2456;0,5263;0,6491;0,7193;0,807
5-762;Reposition einer zentrolateralen Mittelgesichtsfraktur;23;15;1,5333;0,3043;0,3913;0,5652;0,6087;0,6957
5-763;Reposition anderer kombinierter Mittelgesichtsfrakturen (Mehrfachfraktur);24;14;1,7143;0,3333;0,5417;0,5833;0,6667;0,7083
5-764;Reposition einer Fraktur des Corpus mandibulae und des Processus alveolaris mandibulae;114;36;3,1667;0,3684;0,5351;0,6579;0,7368;0,8158
5-765;Reposition einer Fraktur des Ramus mandibulae und des Processus articularis mandibulae;92;23;4,00;0,4783;0,7174;0,7826;0,8261;0,8804
5-766;Reposition einer Orbitafraktur;159;41;3,878;0,4717;0,6352;0,7421;0,8113;0,8742
5-767;Reposition einer Stirnhöhlenwandfraktur;7;6;1,1667;0,2857;0,2857;0,4286;0,4286;0,5714
5-768;Reosteotomien disloziert verheilter Gesichtsschädelfrakturen;9;7;1,2857;0,2222;0,2222;0,4444;0,5556;0,6667
5-769;Andere Operationen bei Gesichtsschädelfrakturen;586;43;13,6279;0,5239;0,7594;0,8396;0,8976;0,9454
5-770;Inzision (Osteotomie), lokale Exzision und Destruktion (von erkranktem Gewebe) eines Gesichtsschädelknochens;403;50;8,06;0,4715;0,665;0,7816;0,8586;0,9032
5-771;Partielle und totale Resektion eines Gesichtsschädelknochens;116;36;3,2222;0,3707;0,5172;0,6552;0,7328;0,8017
5-772;Partielle und totale Resektion der Mandibula;152;28;5,4286;0,4013;0,5658;0,6579;0,7632;0,8355
5-773;Arthroplastik am Kiefergelenk;157;8;19,625;0,7452;0,8917;0,8917;0,9427;0,9682
5-774;Plastische Rekonstruktion und Augmentation der Maxilla;139;35;3,9714;0,4101;0,5755;0,7266;0,7986;0,8633
5-775;Plastische Rekonstruktion und Augmentation der Mandibula;201;29;6,931;0,5373;0,7065;0,791;0,8557;0,9055
5-776;Osteotomie zur Verlagerung des Untergesichtes;1854;47;39,4468;0,5949;0,7449;0,8538;0,9142;0,9471
5-777;Osteotomie zur Verlagerung des Mittelgesichtes;1302;43;30,2791;0,5806;0,7673;0,851;0,9078;0,9493
5-778;Rekonstruktion der Weichteile im Gesicht;81;24;3,375;0,4938;0,7284;0,7778;0,8272;0,8519
5-779;Andere Operationen an Kiefergelenk und Gesichtsschädelknochen;827;50;16,54;0,5913;0,7509;0,8392;0,9008;0,9383
5-77a;Implantatversorgung für die Rekonstruktion mit Gesichtsepithesen;7;5;1,40;0,4286;0,4286;0,5714;0,5714;0,7143
5-77b;Knochentransplantation und -transposition an Kiefer- und Gesichtsschädelknochen;70;18;3,8889;0,3857;0,60;0,6714;0,7714;0,8286
5-780;Inzision am Knochen, septisch und aseptisch;972;90;10,80;0,4599;0,6759;0,7963;0,8724;0,9218
5-781;Osteotomie und Korrekturosteotomie;1527;86;17,7558;0,5462;0,7151;0,8212;0,8847;0,9325
5-782;Exzision und Resektion von erkranktem Knochengewebe;4867;123;39,5691;0,58;0,7563;0,8564;0,9147;0,954
5-783;Entnahme eines Knochentransplantates;2178;112;19,4464;0,6313;0,7837;0,8618;0,9059;0,9417
5-784;Knochentransplantation und -transposition;3772;116;32,5172;0,6564;0,8165;0,9043;0,9409;0,9655
5-785;Implantation von alloplastischem Knochenersatz;338;50;6,76;0,5118;0,7101;0,7988;0,8698;0,9172
5-786;Osteosyntheseverfahren;6494;118;55,0339;0,6195;0,7787;0,8603;0,9187;0,9535
5-787;Entfernung von Osteosynthesematerial;3343;142;23,5423;0,466;0,6548;0,7873;0,8666;0,9177
5-788;Operationen an Metatarsale und Phalangen des Fußes;11930;123;96,9919;0,5501;0,7515;0,8604;0,9174;0,9533
5-789;Andere Operationen am Knochen;130;29;4,4828;0,6308;0,7385;0,8077;0,8538;0,8923
5-790;Geschlossene Reposition einer Fraktur oder Epiphysenlösung mit Osteosynthese;372;57;6,5263;0,5511;0,6962;0,7903;0,8468;0,8898
5-791;Offene Reposition einer einfachen Fraktur im Schaftbereich eines langen Röhrenknochens;95;44;2,1591;0,3263;0,5263;0,6105;0,7158;0,7684
5-792;Offene Reposition einer Mehrfragment-Fraktur im Schaftbereich eines langen Röhrenknochens;83;33;2,5152;0,3133;0,506;0,6145;0,6867;0,7831
5-793;Offene Reposition einer einfachen Fraktur im Gelenkbereich eines langen Röhrenknochens;572;81;7,0617;0,4301;0,6329;0,7517;0,8322;0,8916
5-794;Offene Reposition einer Mehrfragment-Fraktur im Gelenkbereich eines langen Röhrenknochens;1069;74;14,4459;0,4705;0,6483;0,7699;0,8709;0,9186
5-795;Offene Reposition einer einfachen Fraktur an kleinen Knochen;218;58;3,7586;0,4725;0,6606;0,7339;0,7936;0,8486
5-796;Offene Reposition einer Mehrfragment-Fraktur an kleinen Knochen;290;55;5,2727;0,4172;0,5793;0,7172;0,7966;0,8655
5-797;Offene Reposition einer Fraktur an Talus und Kalkaneus;17;10;1,70;0,2353;0,4118;0,5294;0,6471;0,7059
5-798;Offene Reposition einer Beckenrand- und Beckenringfraktur;-999;-999;-999,00;-9,99;-9,99;-9,99;-9,99;-9,99
5-799;Offene Reposition einer Azetabulum- und Hüftkopffraktur mit Osteosynthese;-999;-999;-999,00;-9,99;-9,99;-9,99;-9,99;-9,99
5-79a;Geschlossene Reposition einer Gelenkluxation mit Osteosynthese;24;14;1,7143;0,2083;0,4583;0,5417;0,6667;0,7083
5-79b;Offene Reposition einer Gelenkluxation;167;46;3,6304;0,521;0,6407;0,7425;0,7964;0,8563
5-79c;Andere Reposition von Fraktur und Luxation;0;0;NULL;NULL;NULL;NULL;NULL;NULL
5-800;Offen chirurgische Operation eines Gelenkes;6361;119;53,4538;0,5738;0,7777;0,8766;0,9376;0,9635
5-801;Offen chirurgische Operation am Gelenkknorpel und an den Menisken;1126;87;12,9425;0,5249;0,7362;0,8339;0,8934;0,929
5-802;Offen chirurgische Refixation und Naht am Kapselbandapparat des Kniegelenkes;211;37;5,7027;0,6445;0,7393;0,8246;0,8673;0,9052
5-803;Offen chirurgische Bandplastik am Kniegelenk;269;38;7,0789;0,5167;0,7361;0,7955;0,855;0,8996
5-804;Offen chirurgische Operationen an der Patella und ihrem Halteapparat;1469;75;19,5867;0,5487;0,7474;0,8489;0,904;0,9449
5-805;Offen chirurgische Refixation und Plastik am Kapselbandapparat des Schultergelenkes;3629;94;38,6064;0,5905;0,7578;0,8427;0,9099;0,9446
5-806;Offen chirurgische Refixation und Plastik am Kapselbandapparat des Sprunggelenkes;455;62;7,3387;0,6462;0,7495;0,8286;0,8725;0,9121
5-807;Offen chirurgische Refixation am Kapselbandapparat anderer Gelenke;186;40;4,65;0,3763;0,5645;0,672;0,7581;0,828
5-808;Arthrodese;2458;98;25,0816;0,5529;0,7543;0,8434;0,902;0,9394
5-809;Andere offen chirurgische Gelenkoperationen;561;54;10,3889;0,6524;0,795;0,8556;0,9037;0,9287
5-810;Arthroskopische Gelenkoperation;11242;119;94,4706;0,6049;0,7932;0,8849;0,9301;0,9601
5-811;Arthroskopische Operation an der Synovialis;12989;125;103,912;0,5628;0,7582;0,8719;0,9226;0,9548
5-812;Arthroskopische Operation am Gelenkknorpel und an den Menisken;17719;131;135,2595;0,5061;0,7274;0,8373;0,9028;0,9451
5-813;Arthroskopische Refixation und Plastik am Kapselbandapparat des Kniegelenkes;4578;92;49,7609;0,6044;0,7894;0,8735;0,9179;0,9487
5-814;Arthroskopische Refixation und Plastik am Kapselbandapparat des Schultergelenkes;14177;109;130,0642;0,533;0,7348;0,8414;0,897;0,9363
5-815;Arthroskopische Entfernung und arthroskopischer Wechsel eines Bandersatzes am Kniegelenk;270;32;8,4375;0,4556;0,737;0,837;0,8778;0,9111
5-816;Arthroskopische Operationen am Labrum acetabulare;578;25;23,12;0,5069;0,6869;0,8443;0,8962;0,9533
5-819;Andere arthroskopische Operationen;1297;80;16,2125;0,7155;0,8304;0,8905;0,926;0,9499
5-820;Implantation einer Endoprothese am Hüftgelenk;8055;88;91,5341;0,4881;0,6903;0,7935;0,8639;0,9186
5-821;Revision, Wechsel und Entfernung einer Endoprothese am Hüftgelenk;673;55;12,2364;0,4963;0,6642;0,8053;0,8767;0,9257
5-822;Implantation einer Endoprothese am Kniegelenk;11510;97;118,6598;0,4249;0,6189;0,7493;0,8338;0,8996
5-823;Revision, Wechsel und Entfernung einer Endoprothese am Kniegelenk;857;76;11,2763;0,4574;0,6289;0,7608;0,8436;0,9113
5-824;Implantation einer Endoprothese an Gelenken der oberen Extremität;887;63;14,0794;0,4487;0,7125;0,8185;0,8771;0,9267
5-825;Revision, Wechsel und Entfernung einer Endoprothese an Gelenken der oberen Extremität;103;27;3,8148;0,3883;0,534;0,6796;0,767;0,8252
5-826;Implantation einer Endoprothese an Gelenken der unteren Extremität;158;22;7,1818;0,5253;0,6519;0,7911;0,8734;0,9177
5-827;Revision, Wechsel und Entfernung einer Endoprothese an Gelenken der unteren Extremität;68;13;5,2308;0,6471;0,7941;0,8382;0,8676;0,9118
5-828;Implantation, Revision, Wechsel und Entfernung eines Knochenteilersatzes und Knochentotalersatzes;125;3;41,6667;0,552;0,552;0,552;0,552;0,984
5-829;Andere gelenkplastische Eingriffe;2442;83;29,4217;0,6118;0,8161;0,8931;0,9341;0,9627
5-830;Inzision von erkranktem Knochen- und Gelenkgewebe der Wirbelsäule;816;35;23,3143;0,6397;0,8248;0,9118;0,9387;0,9583
5-831;Exzision von erkranktem Bandscheibengewebe;4334;44;98,50;0,4068;0,6158;0,7381;0,8447;0,9047
5-832;Exzision von erkranktem Knochen- und Gelenkgewebe der Wirbelsäule;4234;43;98,4651;0,5687;0,7407;0,8269;0,8911;0,9447
5-835;Knochenersatz an der Wirbelsäule;736;25;29,44;0,6916;0,7704;0,8641;0,9171;0,9538
5-836;Spondylodese;1262;35;36,0571;0,5095;0,6458;0,7829;0,859;0,92
5-837;Wirbelkörperersatz und komplexe Rekonstruktion der Wirbelsäule;46;15;3,0667;0,2609;0,3696;0,5435;0,6304;0,7609
5-838;Andere komplexe Rekonstruktionen der Wirbelsäule;10;3;3,3333;0,80;0,80;0,80;0,80;0,90
5-839;Andere Operationen an der Wirbelsäule;4958;54;91,8148;0,5135;0,7559;0,8528;0,9296;0,9675
5-83a;Minimalinvasive Behandlungsverfahren an der Wirbelsäule (zur Schmerztherapie);1216;31;39,2258;0,6883;0,824;0,8906;0,9252;0,9613
5-83b;Osteosynthese (dynamische Stabilisierung) an der Wirbelsäule;2093;33;63,4242;0,4276;0,6345;0,7439;0,817;0,8863
5-83w;Zusatzinformationen zu Operationen an der Wirbelsäule;130;11;11,8182;0,4923;0,6462;0,7846;0,8923;0,9462
5-840;Operationen an Sehnen der Hand;669;65;10,2923;0,4888;0,6712;0,7997;0,87;0,9193
5-841;Operationen an Bändern der Hand;216;59;3,661;0,3611;0,5694;0,7037;0,7963;0,8519
5-842;Operationen an Faszien der Hohlhand und der Finger;653;65;10,0462;0,5115;0,6784;0,7917;0,8606;0,9142
5-843;Operationen an Muskeln der Hand;4;3;1,3333;0,50;0,50;0,50;0,50;0,75
5-844;Operation an Gelenken der Hand;290;32;9,0625;0,531;0,7414;0,8414;0,8862;0,9207
5-845;Synovialektomie an der Hand;485;42;11,5476;0,4536;0,7258;0,8536;0,9093;0,9402
5-846;Arthrodese an Gelenken der Hand;138;33;4,1818;0,3333;0,5797;0,6667;0,7391;0,8261
5-847;Resektionsarthroplastik an Gelenken der Hand;627;46;13,6304;0,4561;0,6411;0,7703;0,8405;0,9043
5-848;Operationen bei kongenitalen Anomalien der Hand;-999;-999;-999,00;-9,99;-9,99;-9,99;-9,99;-9,99
5-849;Andere Operationen an der Hand;309;46;6,7174;0,6278;0,7476;0,8317;0,8706;0,9094
5-850;Inzision an Muskel, Sehne und Faszie;1317;114;11,5526;0,549;0,732;0,8254;0,8952;0,9332
5-851;Durchtrennung von Muskel, Sehne und Faszie;803;94;8,5426;0,5467;0,6949;0,7783;0,8531;0,8991
5-852;Exzision an Muskel, Sehne und Faszie;2269;185;12,2649;0,6122;0,74;0,829;0,8867;0,9264
5-853;Rekonstruktion von Muskeln;493;61;8,082;0,6491;0,7708;0,8377;0,8824;0,9209
5-854;Rekonstruktion von Sehnen;1704;86;19,814;0,6385;0,7905;0,8703;0,9225;0,9583
5-855;Naht und andere Operationen an Sehnen und Sehnenscheide;2351;110;21,3727;0,5729;0,7452;0,8337;0,8898;0,9298
5-856;Rekonstruktion von Faszien;391;61;6,4098;0,7187;0,8286;0,8696;0,9003;0,9233
5-857;Plastische Rekonstruktion mit lokalen Lappen an Muskeln und Faszien;182;43;4,2326;0,6044;0,7418;0,7967;0,8407;0,8846
5-858;Entnahme und Transplantation von Muskel, Sehne und Faszie mit mikrovaskulärer Anastomosierung;26;11;2,3636;0,3846;0,50;0,6154;0,6923;0,8077
5-859;Andere Operationen an Muskeln, Sehnen, Faszien und Schleimbeuteln;2421;114;21,2368;0,6221;0,7716;0,8406;0,8996;0,9364
5-860;Replantation obere Extremität;0;0;NULL;NULL;NULL;NULL;NULL;NULL
5-861;Replantation untere Extremität;0;0;NULL;NULL;NULL;NULL;NULL;NULL
5-862;Amputation und Exartikulation obere Extremität;0;0;NULL;NULL;NULL;NULL;NULL;NULL
5-863;Amputation und Exartikulation Hand;24;18;1,3333;0,1667;0,3333;0,4167;0,5417;0,625
5-864;Amputation und Exartikulation untere Extremität;55;12;4,5833;0,3091;0,5273;0,80;0,8364;0,8727
5-865;Amputation und Exartikulation Fuß;405;48;8,4375;0,5728;0,7432;0,8198;0,8765;0,9111
5-866;Revision eines Amputationsgebietes;26;7;3,7143;0,2692;0,2692;0,4615;0,6154;0,7692
5-867;Operationen bei kongenitalen Anomalien des Fußes;0;0;NULL;NULL;NULL;NULL;NULL;NULL
5-868;Operationen bei anderen kongenitalen Anomalien des Bewegungsapparates;0;0;NULL;NULL;NULL;NULL;NULL;NULL
5-869;Andere Operationen an den Bewegungsorganen;579;62;9,3387;0,5596;0,7375;0,8532;0,9016;0,9309
5-86a;Zusatzinformationen zu Operationen an den Bewegungsorganen;1133;41;27,6341;0,5499;0,7626;0,8632;0,9267;0,9647
5-870;Partielle (brusterhaltende) Exzision der Mamma und Destruktion von Mammagewebe;3503;111;31,5586;0,6677;0,8107;0,8895;0,9343;0,9612
5-872;(Modifizierte radikale) Mastektomie;586;70;8,3714;0,5922;0,7184;0,802;0,8567;0,9044
5-874;Erweiterte (radikale) Mastektomie mit Resektion an den Mm. pectorales majores et minores und Thoraxwandteilresektion;70;20;3,50;0,40;0,5714;0,70;0,7571;0,8143
5-877;Subkutane Mastektomie und hautsparende Mastektomieverfahren;362;33;10,9697;0,7099;0,8481;0,8978;0,9254;0,953
5-879;Andere Exzision und Resektion der Mamma;129;47;2,7447;0,3411;0,4729;0,6124;0,7287;0,8062
5-881;Inzision der Mamma;253;62;4,0806;0,5138;0,6482;0,747;0,8182;0,8656
5-882;Operationen an der Brustwarze;197;32;6,1563;0,5888;0,7411;0,8223;0,868;0,8985
5-883;Plastische Operationen zur Vergrößerung der Mamma;124;22;5,6364;0,5403;0,6855;0,8145;0,8629;0,8952
5-884;Mammareduktionsplastik;457;40;11,425;0,5252;0,7133;0,8118;0,8775;0,9147
5-885;Plastische Rekonstruktion der Mamma mit Haut- und Muskeltransplantation;178;18;9,8889;0,7135;0,8427;0,8764;0,9213;0,9438
5-886;Andere plastische Rekonstruktion der Mamma;342;31;11,0323;0,6462;0,7924;0,848;0,886;0,9269
5-889;Andere Operationen an der Mamma;436;38;11,4737;0,7133;0,8211;0,8693;0,922;0,9472
5-890;Tätowieren und Einbringen von Fremdmaterial in Haut und Unterhaut;80;5;16,00;0,725;0,725;0,925;0,925;0,975
5-891;Inzision eines Sinus pilonidalis;15;10;1,50;0,20;0,3333;0,4667;0,60;0,6667
5-892;Andere Inzision an Haut und Unterhaut;1968;225;8,7467;0,6255;0,7541;0,8272;0,878;0,9151
5-894;Lokale Exzision von erkranktem Gewebe an Haut und Unterhaut;1991;270;7,3741;0,5957;0,7238;0,8071;0,8659;0,9066
5-895;Radikale und ausgedehnte Exzision von erkranktem Gewebe an Haut und Unterhaut;3999;248;16,125;0,6692;0,8195;0,8832;0,9242;0,9497
5-896;Chirurgische Wundtoilette [Wunddebridement] mit Entfernung von erkranktem Gewebe an Haut und Unterhaut;1768;170;10,40;0,6595;0,789;0,8603;0,9038;0,9338
5-897;Exzision und Rekonstruktion eines Sinus pilonidalis;1341;82;16,3537;0,3773;0,61;0,7554;0,8441;0,9053
5-898;Operationen am Nagelorgan;75;33;2,2727;0,36;0,5733;0,68;0,7333;0,7867
5-899;Andere Exzision an Haut und Unterhaut;15;14;1,0714;0,1333;0,2667;0,3333;0,4667;0,5333
5-900;Einfache Wiederherstellung der Oberflächenkontinuität an Haut und Unterhaut;539;141;3,8227;0,4286;0,6215;0,7236;0,8015;0,859
5-901;Freie Hauttransplantation, Entnahmestelle;343;75;4,5733;0,5394;0,691;0,7784;0,8309;0,8776
5-902;Freie Hauttransplantation, Empfängerstelle;622;106;5,8679;0,5997;0,7588;0,8392;0,881;0,9148
5-903;Lokale Lappenplastik an Haut und Unterhaut;2143;155;13,8258;0,7312;0,8264;0,8861;0,9239;0,9505
5-904;Lappenplastik an Haut und Unterhaut, Entnahmestelle;51;19;2,6842;0,5098;0,7059;0,7451;0,7843;0,8235
5-905;Lappenplastik an Haut und Unterhaut, Empfängerstelle;69;24;2,875;0,5072;0,6522;0,7101;0,7971;0,8261
5-906;Kombinierte plastische Eingriffe an Haut und Unterhaut;281;51;5,5098;0,5053;0,6975;0,7936;0,8541;0,9004
5-907;Revision einer Hautplastik;192;41;4,6829;0,651;0,7604;0,8281;0,8698;0,8958
5-908;Plastische Operation an Lippe und Mundwinkel;82;41;2,00;0,2927;0,4756;0,5976;0,6951;0,7561
5-909;Andere Wiederherstellung und Rekonstruktion von Haut und Unterhaut;30;17;1,7647;0,30;0,40;0,5333;0,6667;0,7333
5-910;Straffungsoperation am Gesicht;5;4;1,25;0,40;0,40;0,40;0,60;0,60
5-911;Gewebereduktion an Haut und Unterhaut;427;55;7,7636;0,6066;0,7658;0,8548;0,897;0,9297
5-912;Haartransplantation und Haartransposition;0;0;NULL;NULL;NULL;NULL;NULL;NULL
5-913;Entfernung oberflächlicher Hautschichten;153;22;6,9545;0,6013;0,8366;0,8954;0,915;0,9281
5-914;Chemochirurgie der Haut;0;0;NULL;NULL;NULL;NULL;NULL;NULL
5-915;Destruktion von erkranktem Gewebe an Haut und Unterhaut;58;14;4,1429;0,5172;0,7931;0,8276;0,8621;0,8793
5-916;Temporäre Weichteildeckung;1719;102;16,8529;0,7766;0,8709;0,9174;0,9401;0,9575
5-917;Syndaktylie- und Polydaktyliekorrektur der Finger;5;3;1,6667;0,40;0,40;0,40;0,40;0,80
5-918;Syndaktylie- und Polydaktyliekorrektur der Zehen;5;4;1,25;0,40;0,40;0,40;0,60;0,60
5-919;Operative Versorgung von Mehrfachtumoren an einer Lokalisation der Haut in einer Sitzung;68;7;9,7143;0,4706;0,4706;0,8971;0,9265;0,9559
5-91a;Andere Operationen an Haut und Unterhaut;9;7;1,2857;0,3333;0,3333;0,4444;0,5556;0,6667
5-920;Inzision an Haut und Unterhaut bei Verbrennungen und Verätzungen;-999;-999;-999,00;-9,99;-9,99;-9,99;-9,99;-9,99
5-921;Chirurgische Wundtoilette [Wunddebridement] und Entfernung von erkranktem Gewebe an Haut und Unterhaut bei Verbrennungen und Verätzungen;13;10;1,30;0,1538;0,3077;0,4615;0,5385;0,6154
5-922;Wunddebridement an Muskel, Sehne und Faszie bei Verbrennungen und Verätzungen;8;5;1,60;0,50;0,50;0,625;0,625;0,75
5-923;Temporäre Weichteildeckung bei Verbrennungen und Verätzungen;3;3;1,00;0,3333;0,3333;0,3333;0,3333;0,6667
5-924;Freie Hauttransplantation und Lappenplastik an Haut und Unterhaut bei Verbrennungen und Verätzungen, Entnahmestelle;2;2;1,00;0,50;0,50;0,50;0,50;0,50
5-925;Freie Hauttransplantation und Lappenplastik an Haut und Unterhaut bei Verbrennungen und Verätzungen, Empfängerstelle;6;6;1,00;0,1667;0,1667;0,3333;0,3333;0,50
5-926;Lokale Lappenplastik an Haut und Unterhaut bei Verbrennungen und Verätzungen;-999;-999;-999,00;-9,99;-9,99;-9,99;-9,99;-9,99
5-927;Kombinierte plastische Eingriffe an Haut und Unterhaut bei Verbrennungen und Verätzungen;3;3;1,00;0,3333;0,3333;0,3333;0,3333;0,6667
5-928;Primärer Wundverschluss der Haut und Revision einer Hautplastik bei Verbrennungen und Verätzungen;6;5;1,20;0,3333;0,3333;0,50;0,50;0,6667
5-929;Andere Operationen bei Verbrennungen und Verätzungen;0;0;NULL;NULL;NULL;NULL;NULL;NULL
5-930;Art des Transplantates;624;28;22,2857;0,7131;0,9071;0,9327;0,9583;0,9744
5-931;Art des verwendeten Knorpelersatz-, Knochenersatz- und Osteosynthesematerials;1618;36;44,9444;0,7182;0,9011;0,9666;0,9765;0,9852
5-932;Art des verwendeten Materials für Gewebeersatz und Gewebeverstärkung;10274;177;58,0452;0,5963;0,8144;0,9036;0,946;0,9693
5-933;Verwendung einer Kunststoff- oder biologischen Membran zur Prophylaxe von Adhäsionen;83;10;8,30;0,3855;0,7229;0,8193;0,8675;0,9157
5-934;Verwendung von MRT-fähigem Material;327;16;20,4375;0,6055;0,7064;0,8716;0,8991;0,945
5-935;Verwendung von beschichtetem Osteosynthesematerial;-999;-999;-999,00;-9,99;-9,99;-9,99;-9,99;-9,99
5-936;Verwendung von Arzneimitteln für neuartige Therapien;0;0;NULL;NULL;NULL;NULL;NULL;NULL
5-937;Verwendung von thermomechanischem Osteosynthesematerial;-999;-999;-999,00;-9,99;-9,99;-9,99;-9,99;-9,99
5-981;Versorgung bei Mehrfachverletzung;-999;-999;-999,00;-9,99;-9,99;-9,99;-9,99;-9,99
5-982;Versorgung bei Polytrauma;-999;-999;-999,00;-9,99;-9,99;-9,99;-9,99;-9,99
5-983;Reoperation;9134;282;32,3901;0,5845;0,7889;0,888;0,9383;0,965
5-984;Mikrochirurgische Technik;26823;209;128,3397;0,6507;0,8119;0,8981;0,948;0,9751
5-985;Lasertechnik;5194;136;38,1912;0,4767;0,7002;0,8377;0,9085;0,9478
5-986;Minimalinvasive Technik;10851;78;139,1154;0,6534;0,8016;0,876;0,9411;0,9723
5-987;Anwendung eines OP-Roboters;-999;-999;-999,00;-9,99;-9,99;-9,99;-9,99;-9,99
5-988;Anwendung eines Navigationssystems;899;31;29,00;0,5072;0,7775;0,8543;0,9155;0,9577
5-989;Fluoreszenzgestützte Therapieverfahren;293;12;24,4167;0,4949;0,6416;0,8157;0,8737;0,9181
5-98a;Hybridtherapie;20;3;6,6667;0,80;0,80;0,80;0,80;0,95
5-98b;Anwendung eines flexiblen Ureterorenoskops;662;24;27,5833;0,3278;0,648;0,8036;0,9215;0,9471
5-98c;Anwendung eines Klammernahtgerätes;330;21;15,7143;0,4788;0,7182;0,8515;0,90;0,9576
5-98d;Verwendung von patientenindividuell hergestelltem Instrumentarium;442;16;27,625;0,6629;0,7308;0,8371;0,8869;0,9548
5-98e;Intraoperative Blutflussmessung in Gefäßen;-999;-999;-999,00;-9,99;-9,99;-9,99;-9,99;-9,99
5-98f;Einsatz von Shavertechnik zur Weichteil- und Knochenabtragung bei Operationen an Nase, Nasennebenhöhlen und Gesichtsschädelknochen;173;13;13,3077;0,4335;0,7168;0,8092;0,9017;0,9538
5-995;Vorzeitiger Abbruch einer Operation (Eingriff nicht komplett durchgeführt);428;143;2,993;0,4907;0,6402;0,722;0,7874;0,8341
