﻿mdc;Name;SummeHA;SummeHAw;SummeHAm;SummeHAu;Anteilw;Anteilm;Anteilu
00;Prä-MDC;148317;56596;91713;8;0,3816;0,6184;0,0001
01;MDC 01 Krankheiten und Störungen des Nervensystems;1610844;811976;798777;91;0,5041;0,4959;0,0001
02;MDC 02 Krankheiten und Störungen des Auges;340935;177452;163447;36;0,5205;0,4794;0,0001
03;MDC 03 Krankheiten und Störungen des Ohres, der Nase, des Mundes und des Halses;717044;328583;388417;44;0,4582;0,5417;0,0001
04;MDC 04 Krankheiten und Störungen der Atmungsorgane;1447023;627218;819733;72;0,4335;0,5665;0,00
05;MDC 05 Krankheiten und Störungen des Kreislaufsystems;2877216;1308534;1568537;145;0,4548;0,5452;0,0001
06;MDC 06 Krankheiten und Störungen der Verdauungsorgane;2126822;1036141;1090539;142;0,4872;0,5128;0,0001
07;MDC 07 Krankheiten und Störungen an hepatobiliärem System und Pankreas;581892;295422;286427;43;0,5077;0,4922;0,0001
08;MDC 08 Krankheiten und Störungen an Muskel-Skelett-System und Bindegewebe;2690210;1521598;1168452;160;0,5656;0,4343;0,0001
09;MDC 09 Krankheiten und Störungen an Haut, Unterhaut und Mamma;858316;497797;360469;50;0,58;0,42;0,0001
10;MDC 10 Endokrine, Ernährungs- und Stoffwechselkrankheiten;485006;289959;195023;24;0,5978;0,4021;0,00
11;MDC 11 Krankheiten und Störungen der Harnorgane;861932;366661;495206;65;0,4254;0,5745;0,0001
12;MDC 12 Krankheiten und Störungen der männlichen Geschlechtsorgane;227166;10;227156;0;0,00;1,00;0,00
13;MDC 13 Krankheiten und Störungen der weiblichen Geschlechtsorgane;365040;364997;43;0;0,9999;0,0001;0,00
14;MDC 14 Schwangerschaft, Geburt und Wochenbett;1011993;1011991;2;0;1,00;0,00;0,00
15;MDC 15 Neugeborene;779523;377564;401917;42;0,4844;0,5156;0,0001
16;MDC 16 Krankheiten des Blutes, der blutbildenden Organe und des Immunsystems;143464;78360;65097;7;0,5462;0,4538;0,00
17;MDC 17 Hämatologische und solide Neubildungen;200493;89744;110717;32;0,4476;0,5522;0,0002
18A;MDC 18A HIV;3397;697;2699;1;0,2052;0,7945;0,0003
18B;MDC 18B Infektiöse und parasitäre Krankheiten;264856;122385;142460;11;0,4621;0,5379;0,00
19;MDC 19 Psychische Krankheiten und Störungen;102674;63291;39381;2;0,6164;0,3836;0,00
20;MDC 20 Alkohol- und Drogengebrauch und alkohol- und drogeninduzierte psychische Störungen;158925;46518;112398;9;0,2927;0,7072;0,0001
21A;MDC 21A Polytrauma;12175;4557;7618;0;0,3743;0,6257;0,00
21B;MDC 21B Verletzungen, Vergiftungen und toxische Wirkungen von Drogen und Medikamenten;203452;95609;107828;15;0,4699;0,53;0,0001
22;MDC 22 Verbrennungen;16139;6628;9510;1;0,4107;0,5893;0,0001
23;MDC 23 Faktoren, die den Gesundheitszustand beeinflussen, und andere Inanspruchnahme des Gesundheitswesens;102220;53804;48405;11;0,5264;0,4735;0,0001
24;MDC 24 Sonstige DRGs;47017;22062;24952;3;0,4692;0,5307;0,0001
FE;Fehler-DRGs;677;308;347;22;0,4549;0,5126;0,0325
