﻿DRG;name;Relativgewicht;AnzahlHA;AntAnGesFallzahl
P67E;Neugeborener Einling, Aufnahmegewicht > 2499 g ohne OR-Prozedur, ohne Beatmung > 95 Stunden, ohne schweres Problem, ohne anderes Problem oder ein Belegungstag, ohne bestimmte Prozedur;0,251;608404;0,0331
G67C;Ösophagitis, Gastroenteritis, gastrointestinale Blutung, Ulkuserkrankung und verschiedene Erkrankungen der Verdauungsorgane ohne bestimmte oder andere komplizierende Faktoren, ohne äußerst schwere CC;0,47;479773;0,0261
O60D;Vaginale Entbindung ohne komplizierende Diagnose, Schwangerschaftsdauer mehr als 33 vollendete Wochen;0,566;371499;0,0202
F62D;Herzinsuffizienz und Schock ohne äußerst schwere CC oder ohne Dialyse, ohne komplizierende Diagnose, ohne komplizierende Konstellation, ohne best. hochaufw. Beh., mehr als ein Belegungstag, ohne best. akutes Nierenversagen oder ohne äußerst schwere CC;0,886;334279;0,0182
I68D;Nicht operativ behandelte Erkrankungen und Verletzungen im Wirbelsäulenbereich, mehr als ein Belegungstag, oder andere Femurfraktur, außer bei Diszitis oder infektiöser Spondylopathie, ohne Kreuzbeinfraktur;0,59;303642;0,0165
F71B;Nicht schwere kardiale Arrhythmie und Erregungsleitungsstörungen ohne äußerst schwere CC oder ein Belegungstag, ohne kathetergestützte elektrophysiologische Untersuchung des Herzens, ohne bestimmte hochaufwendige Behandlung;0,491;277332;0,0151
G67B;Ösophagitis, Gastroenteritis, gastrointestinale Blutung, Ulkuserkrankung und verschiedene Erkrankungen der Verdauungsorgane mit anderen komplizierenden Faktoren oder mit äußerst schweren CC;0,56;247467;0,0135
E79D;Infektionen und Entzündungen der Atmungsorgane ohne komplexe Diagnose, ohne äußerst schwere CC oder ein Belegungstag, Alter > 0 Jahre, außer bei Para- / Tetraplegie, ohne best. mäßig aufwendige Behandlung;0,778;245970;0,0134
B80Z;Andere Kopfverletzungen;0,361;230708;0,0125
F67D;Hypertonie ohne komplizierende Diagnose, ohne äußerst schwere oder schwere CC, ohne bestimmte mäßig aufwendige / aufwendige Behandlung, Alter > 17 Jahre;0,477;214016;0,0116
F49G;Invasive kardiologische Diagnostik außer bei akutem Myokardinfarkt, ohne äußerst schwere CC, ohne IntK > 196 / 184 / 368 Aufwandspunkte, Alter > 14 Jahre, ohne kardiales Mapping, ohne schwere CC bei BT > 1, ohne komplexe Diagnose, ohne best. Eingr.;0,665;205569;0,0112
G24B;Eingriffe bei Hernien, ohne plastische Rekonstruktion der Bauchwand;0,831;175084;0,0095
F73B;Synkope und Kollaps, Alter > 13 Jahre oder mehr als ein Belegungstag;0,537;173665;0,0094
J65Z;Verletzung der Haut, Unterhaut und Mamma;0,418;165041;0,009
K62B;Verschiedene Stoffwechselerkrankungen außer bei Para- / Tetraplegie, ohne komplizierende Diagnose, ohne endoskopische Einlage eines Magenballons, ohne äußerst schwere CC oder ein Belegungstag, ohne bestimmte aufwendige / hochaufwendige Behandlung;0,641;156579;0,0085
H08B;Laparoskopische Cholezystektomie ohne komplexe Diagnose, ohne komplizierende Konstellation;0,928;149164;0,0081
I47C;Revision oder Ersatz des Hüftgelenkes ohne komplizierende Diagnose, ohne Arthrodese, ohne äußerst schwere CC, Alter > 15 Jahre, ohne komplizierenden Eingriff, ohne komplexe Diagnose an Becken/Oberschenkel oder ohne bestimmten endoprothetischen Eingriff;1,999;147711;0,008
E65C;Chronisch-obstruktive Atemwegserkrankung ohne äußerst schwere CC, ohne komplizierende Diagnose, ohne FEV1 < 35% oder ein Belegungstag oder Alter > 1 Jahr, ohne bestimmte mäßig aufwendige / aufwendige Behandlung, ohne starre Bronchoskopie;0,713;146059;0,0079
J64B;Infektion / Entzündung der Haut und Unterhaut oder Hautulkus ohne äußerst schwere CC;0,617;138018;0,0075
L63F;Infektionen der Harnorgane ohne äußerst schwere CC, ohne best. hochaufw. Beh., ohne Komplexbehandlung bei multiresistenten Erregern, ohne best. aufw. Beh., ohne bestimmte schwere Infektionen, ohne best. mäßig aufw. Beh., Alter > 5 und < 90 Jahre;0,562;137146;0,0075
