﻿DRG;name;Relativgewicht;AnzahlBA;AntAnGesFallzahl
P60C;Neugeborenes, verlegt < 5 Tage nach Aufnahme ohne signifikante OR-Prozedur, nicht zuverlegt, ohne Beatmung > 24 Stunden (Mindestverweildauer 24 Stunden für das Krankenhaus, in dem die Geburt stattfindet);0,102;923;0,0019
C64Z;Glaukom, Katarakt und Erkrankungen des Augenlides;0,194;1656;0,0033
P67E;Neugeborener Einling, Aufnahmegewicht > 2499 g ohne OR-Prozedur, ohne Beatmung > 95 Stunden, ohne schweres Problem, ohne anderes Problem oder ein Belegungstag, ohne bestimmte Prozedur;0,226;33042;0,0664
D62Z;Blutung aus Nase und Rachen oder Otitis media oder Infektionen der oberen Atemwege, Alter > 2 Jahre;0,239;2170;0,0044
E78Z;Kontrolle oder Optimierung einer bestehenden häuslichen Beatmung, bis 2 Belegungstage;0,239;108;0,0002
E63B;Schlafapnoesyndrom oder kardiorespiratorische Polysomnographie oder Polygraphie bis 2 Belegungstage, Alter > 15 Jahre, ohne bestimmte invasive kardiologische Diagnostik;0,244;2140;0,0043
L64C;Harnsteine und Harnwegsobstruktion ohne äußerst schwere oder schwere CC oder Urethrastriktur, andere leichte bis moderate Erkrankung der Harnorgane, bestimmte Beschwerden und Symptome der Harnorgane, ein Belegungstag, Alter > 15 Jahre;0,246;3961;0,008
N62B;Menstruationsstörungen und andere Erkrankungen der weiblichen Geschlechtsorgane ohne komplexe Diagnose;0,267;223;0,0004
G67C;Ösophagitis, Gastroenteritis, gastrointestinale Blutung, Ulkuserkrankung und verschiedene Erkrankungen der Verdauungsorgane ohne bestimmte oder andere komplizierende Faktoren, ohne äußerst schwere CC;0,271;3859;0,0078
O65B;Andere vorgeburtliche stationäre Aufnahme ohne äußerst schwere oder schwere CC, ohne komplexe Diagnose, ohne komplizierenden Eingriff, mehr als ein Belegungstag;0,286;4331;0,0087
P66D;Neugeborenes, Aufnahmegewicht 2000 - 2499 g ohne signifikante OR-Prozedur, ohne Beatmung > 95 Stunden, ohne Problem;0,295;458;0,0009
O63Z;Abort ohne Dilatation und Kürettage, Aspirationskürettage oder Hysterotomie;0,298;174;0,0003
C07B;Andere Eingriffe bei Glaukom ohne extrakapsuläre Extraktion der Linse (ECCE);0,305;1194;0,0024
Z64D;Andere Faktoren, die den Gesundheitszustand beeinflussen und Nachbehandlung nach abgeschlossener Behandlung ohne Radiojoddiagnostik, ohne bestimmten Kontaktanlass oder allergologische Provokationstestung bis 2 Belegungstage;0,308;911;0,0018
B80Z;Andere Kopfverletzungen;0,314;328;0,0007
G72B;Andere leichte bis moderate Erkrankungen der Verdauungsorgane, Alter > 2 Jahre oder Abdominalschmerz oder mesenteriale Lymphadenitis, Alter > 2 Jahre und Alter < 56 Jahre oder ohne CC;0,324;1450;0,0029
D64Z;Laryngotracheitis, Laryngospasmus und Epiglottitis;0,327;87;0,0002
P67C;Neugeborenes, Aufnahmegewicht > 2499 g ohne signifikante OR-Proz., ohne Beatmung > 95 Std., mit schwerem Problem, ohne Hypothermiebehandlung oder mit anderem Problem, mehr als ein Belegungstag oder mit nicht signifikanter OR-Proz., neugeborener Einling;0,329;1156;0,0023
O61Z;Stationäre Aufnahme nach Entbindung oder Abort ohne OR-Prozedur, ohne bestimmten Eingriff an der Mamma;0,333;370;0,0007
F74Z;Thoraxschmerz und sonstige und nicht näher bezeichnete Krankheiten des Kreislaufsystems;0,338;1403;0,0028
