﻿mdc;Name;SummeBA;SummeBAw;SummeBAm;SummeBAu;Anteilw;Anteilm;Anteilu
00;Prä-MDC;112;43;69;0;0,3839;0,6161;0,00
01;MDC 01 Krankheiten und Störungen des Nervensystems;3738;1992;1746;0;0,5329;0,4671;0,00
02;MDC 02 Krankheiten und Störungen des Auges;41300;23625;17672;3;0,572;0,4279;0,0001
03;MDC 03 Krankheiten und Störungen des Ohres, der Nase, des Mundes und des Halses;100970;46357;54604;9;0,4591;0,5408;0,0001
04;MDC 04 Krankheiten und Störungen der Atmungsorgane;10353;4213;6139;1;0,4069;0,593;0,0001
05;MDC 05 Krankheiten und Störungen des Kreislaufsystems;38240;17267;20969;4;0,4515;0,5484;0,0001
06;MDC 06 Krankheiten und Störungen der Verdauungsorgane;31452;12726;18723;3;0,4046;0,5953;0,0001
07;MDC 07 Krankheiten und Störungen an hepatobiliärem System und Pankreas;3674;2314;1359;1;0,6298;0,3699;0,0003
08;MDC 08 Krankheiten und Störungen an Muskel-Skelett-System und Bindegewebe;79868;43901;35962;5;0,5497;0,4503;0,0001
09;MDC 09 Krankheiten und Störungen an Haut, Unterhaut und Mamma;15646;10136;5510;0;0,6478;0,3522;0,00
10;MDC 10 Endokrine, Ernährungs- und Stoffwechselkrankheiten;6101;3804;2297;0;0,6235;0,3765;0,00
11;MDC 11 Krankheiten und Störungen der Harnorgane;38058;13891;24165;2;0,365;0,635;0,0001
12;MDC 12 Krankheiten und Störungen der männlichen Geschlechtsorgane;17347;2;17345;0;0,0001;0,9999;0,00
13;MDC 13 Krankheiten und Störungen der weiblichen Geschlechtsorgane;18276;18276;0;0;1,00;0,00;0,00
14;MDC 14 Schwangerschaft, Geburt und Wochenbett;45948;45948;0;0;1,00;0,00;0,00
15;MDC 15 Neugeborene;35837;17564;18268;5;0,4901;0,5098;0,0001
16;MDC 16 Krankheiten des Blutes, der blutbildenden Organe und des Immunsystems;1615;937;678;0;0,5802;0,4198;0,00
17;MDC 17 Hämatologische und solide Neubildungen;2093;1016;1077;0;0,4854;0,5146;0,00
18A;MDC 18A HIV;5;2;3;0;0,40;0,60;0,00
18B;MDC 18B Infektiöse und parasitäre Krankheiten;1685;807;878;0;0,4789;0,5211;0,00
19;MDC 19 Psychische Krankheiten und Störungen;289;204;85;0;0,7059;0,2941;0,00
20;MDC 20 Alkohol- und Drogengebrauch und alkohol- und drogeninduzierte psychische Störungen;695;230;465;0;0,3309;0,6691;0,00
21B;MDC 21B Verletzungen, Vergiftungen und toxische Wirkungen von Drogen und Medikamenten;2415;1175;1240;0;0,4865;0,5135;0,00
22;MDC 22 Verbrennungen;30;11;19;0;0,3667;0,6333;0,00
23;MDC 23 Faktoren, die den Gesundheitszustand beeinflussen, und andere Inanspruchnahme des Gesundheitswesens;1664;1003;661;0;0,6028;0,3972;0,00
24;MDC 24 Sonstige DRGs;352;182;170;0;0,517;0,483;0,00
FE;Fehler-DRGs;5;1;4;0;0,20;0,80;0,00
