﻿DRG;name;Relativgewicht;AnzahlBA;AntAnGesFallzahl
A11E;Beatmung > 249 Stunden, mit komplexer OR-Prozedur, ohne hochkomplexen Eingriff, ohne int. Komplexbeh. > 1764 / 1656 / 1656 P., ohne kompliz. Konstellation, Alter > 15 Jahre oder mit intensivmedizinischer Komplexbehandlung > 588 / 828 / - Aufwandspunkte;10,992;4;0,00
A13B;Beatmung > 95 Stunden mit sehr komplexem Eingriff oder mit komplexer OR-Prozedur und komplizierender Konstellation oder mit best. OR-Proz. und kompliz. Konst., Alter < 16 Jahre od. mit intensivmed. Komplexbeh. > - / 1104 / 1104 Punkte und kompliz. Konst.;10,509;2;0,00
A13C;Beatmung > 95 Stunden ohne komplexe OR-Prozedur, mit bestimmter OR-Proz. und kompliz. Konstellation, Alter > 15 J. oder mit intensivmed. Komplexbeh. > - / 1104 / 1104 Punkte od. Alter < 16 J., außer bei Lymphom und Leukämie, ohne kompliz. Konstellation;9,177;1;0,00
A11H;Beatmung > 249 Stunden, ohne komplexe oder bestimmte OR-Prozedur, ohne IntK > 588 / 828 / 1104 Punkte, ohne komplizierende Konstellation, Alter > 15 Jahre, ohne komplexe Diagnose oder Prozedur, ohne schwerste CC, mit äußerst schweren CC;8,547;2;0,00
A13D;Beatmung > 95 Stunden mit komplexer OR-Prozedur, ohne hochkompl. od. sehr kompl. Eingriff, ohne intensivmed. Komplexbeh. > 1176 / 1104 / 1104 Punkte, ohne kompliz. Konst., ohne Eingr. bei angeb. Fehlbild. od. mit intensivmed. Komplexbeh. > - / 828 / - P.;8,251;9;0,00
D01B;Kochleaimplantation, unilateral;7,997;5;0,00
A15C;Knochenmarktransplantation / Stammzelltransfusion, autogen, außer bei Plasmozytom, Alter > 15 Jahre, ohne bestimmte Entnahme, ohne Stammzellboost oder bei Plasmozytom, mit bestimmter Entnahme oder Stammzellboost oder IntK > 392 / 368 / 368 Punkte;6,972;7;0,00
A13E;Beatmung > 95 Stunden, ohne komplexe OR-Prozedur, mit bestimmter OR-Prozedur oder komplizierender Konstellation oder mit intensivmedizinischer Komplexbehandlung > 588 / 552 / 552 Aufwandspunkte und < 1177 / 829 / 1105 Aufwandspunkte od. Alter < 16 Jahre;6,792;15;0,00
A11I;Beatmung > 249 Stunden, ohne komplexe oder bestimmte OR-Prozedur, ohne IntK > 588 / 828 / 1104 Punkte, ohne komplizierende Konstellation, Alter > 15 Jahre, ohne komplexe Diagnose oder Prozedur, ohne schwerste CC, ohne äußerst schwere CC;6,788;2;0,00
D02A;Komplexe Resektionen mit Rekonstruktionen an Kopf und Hals mit komplexem Eingriff oder mit Kombinationseingriff mit äußerst schweren CC;5,999;6;0,00
R05Z;Strahlentherapie bei hämatologischen und soliden Neubildungen, Bestrahlungen an mindestens 9 Tagen oder bei akuter myeloischer Leukämie, Alter < 19 Jahre oder mit äußerst schweren CC;5,749;5;0,00
I06C;Komplexe Eingriffe an der Wirbelsäule mit bestimmtem Eingriff an Wirbelsäule ohne schwere entzündliche Erkrankung oder ohne bestimmten Eingriff an Wirbelsäule;5,66;11;0,00
I98Z;Komplexe Vakuumbehandlung bei Krankheiten und Störungen an Muskel-Skelett-System und Bindegewebe;5,212;13;0,00
I09A;Bestimmte Eingriffe an der Wirbelsäule, mit sehr komplexer Osteosynthese und äußerst schweren CC oder mehrzeitiger komplexer Eingriff oder komplexer Eingriff mit Wirbelkörperersatz oder verschiedene komplexe Eingriffe an mehreren Segmenten;5,193;26;0,0001
A15D;Knochenmarktransplantation / Stammzelltransfusion, autogen, bei Plasmozytom, ohne bestimmte Entnahme, ohne Stammzellboost;5,103;5;0,00
A13F;Beatmung > 95 Stunden, ohne bestimmte OR-Prozedur, ohne komplizierende Konstellation, ohne intensivmed. Komplexbeh. > 588 / 552 / 552 Aufwandspunkte, Alter > 15 Jahre, mit komplexer Diagnose oder Prozedur od. intensivmed. Komplexbeh. > - / 368 / - Punkte;5,095;11;0,00
I01Z;Beidseitige Eingriffe oder mehrere große Eingriffe an Gelenken der unteren Extremität mit komplexer Diagnose;5,033;63;0,0001
I09B;Bestimmte Eingriffe an der Wirbelsäule, ohne sehr komplexe Osteosynthese, ohne mehrzeitigen komplexen Eingriff, mit komplexer Osteosynthese und äußerst schweren CC;5,012;3;0,00
G27A;Strahlentherapie bei Krankheiten und Störungen der Verdauungsorgane, Bestrahlungen an mindestens 8 Tagen, mit äußerst schweren CC;4,967;6;0,00
I03A;Revision oder Ersatz des Hüftgelenkes mit kompl. Diagnose od. Arthrodese od. Alter < 16 Jahre oder beidseitige od. mehrere gr. Eingr. an Gelenken der unt. Extr. mit kompl. Eingriff, mit äuß. schw. CC oder mehrzeitigem Wechsel oder Eingr. an mehr. Lok.;4,934;15;0,00
