﻿DRG;name;Relativgewicht;AnzahlBA;AntAnGesFallzahl
P67E;Neugeborener Einling, Aufnahmegewicht > 2499 g ohne OR-Prozedur, ohne Beatmung > 95 Stunden, ohne schweres Problem, ohne anderes Problem oder ein Belegungstag, ohne bestimmte Prozedur;0,226;33042;0,0664
D06C;Eingriffe an Nasennebenhöhlen, Mastoid, komplexe Eingriffe am Mittelohr und andere Eingriffe an den Speicheldrüsen, Alter > 15 Jahre, ohne komplexe Prozedur, ohne komplexe Diagnose;0,517;26203;0,0526
D38Z;Mäßig komplexe Eingriffe an der Nase oder an den Nasennebenhöhlen;0,466;24222;0,0487
D30B;Tonsillektomie außer bei bösartiger Neubildung oder verschiedene Eingriffe an Ohr, Nase, Mund und Hals außer kleine Eingriffe an Ohr, Nase und Hals, ohne äußerst schwere CC, ohne aufwendigen Eingriff, ohne komplexe Diagnose;0,475;21785;0,0438
O60D;Vaginale Entbindung ohne komplizierende Diagnose, Schwangerschaftsdauer mehr als 33 vollendete Wochen;0,437;19663;0,0395
C08B;Extrakapsuläre Extraktion der Linse (ECCE) ohne angeborene Fehlbildung der Linse oder bestimmte Eingriffe an der Linse;0,375;18782;0,0377
L20C;Transurethrale Eingr. außer Prostatares. und kompl. Ureterorenoskop. ohne ESWL, ohne kompl. Eingr., ohne fluoreszenzgest. TUR der Harnbl. od. and. Eingr. an der Urethra außer bei Para- / Tetraplegie, ohne äuß. schw. CC, Alter > 15 J. und Alter < 90 J.;0,494;10607;0,0213
I44B;Implantation einer bikondylären Endoprothese oder andere Endoprothesenimplantation / -revision am Kniegelenk, ohne äußerst schweren CC oder ohne Korrektur einer Brustkorbdeformität;1,785;8292;0,0167
G24B;Eingriffe bei Hernien, ohne plastische Rekonstruktion der Bauchwand;0,549;7829;0,0157
I47C;Revision oder Ersatz des Hüftgelenkes ohne komplizierende Diagnose, ohne Arthrodese, ohne äußerst schwere CC, Alter > 15 Jahre, ohne komplizierenden Eingriff, ohne komplexe Diagnose an Becken/Oberschenkel oder ohne bestimmten endoprothetischen Eingriff;1,705;7309;0,0147
I68D;Nicht operativ behandelte Erkrankungen und Verletzungen im Wirbelsäulenbereich, mehr als ein Belegungstag, oder andere Femurfraktur, außer bei Diszitis oder infektiöser Spondylopathie, ohne Kreuzbeinfraktur;0,448;6843;0,0137
G26B;Andere Eingriffe am Anus, Alter > 13 Jahre, außer bei bestimmter bösartiger Neubildung, ohne kleinen Eingriff am Rektum;0,40;6722;0,0135
L64A;Harnsteine und Harnwegsobstruktion mit äußerst schweren oder schweren CC oder Urethrastriktur, andere leichte bis moderate Erkrankung der Harnorgane, bestimmte Beschwerden und Symptome der Harnorgane, mehr als ein Belegungstag oder Urethrozystoskopie;0,399;6352;0,0128
I29B;Komplexe Eingriffe am Schultergelenk oder bestimmte Osteosynthesen an der Klavikula, ohne komplizierende Diagnose oder ohne Eingriff an mehreren Lokalisationen;0,728;5968;0,012
M02B;Transurethrale Prostataresektion ohne äußerst schwere CC;0,693;5957;0,012
I30Z;Komplexe Eingriffe am Kniegelenk oder arthroskopische Eingriffe am Hüftgelenk;0,777;5868;0,0118
O01H;Primäre Sectio caesarea ohne komplizierende Diagnose, Schwangerschaftsdauer mehr als 33 vollendete Wochen (SSW), ohne komplexe Diagnose;0,672;5854;0,0118
F49G;Invasive kardiologische Diagnostik außer bei akutem Myokardinfarkt, ohne äußerst schwere CC, ohne IntK > 196 / 184 / 368 Aufwandspunkte, Alter > 14 Jahre, ohne kardiales Mapping, ohne schwere CC bei BT > 1, ohne komplexe Diagnose, ohne best. Eingr.;0,509;5310;0,0107
I16Z;Andere Eingriffe am Schultergelenk oder an der Klavikula, oder offene Repositionen bei einer Klavikulafraktur;0,543;4706;0,0095
F71B;Nicht schwere kardiale Arrhythmie und Erregungsleitungsstörungen ohne äußerst schwere CC oder ein Belegungstag, ohne kathetergestützte elektrophysiologische Untersuchung des Herzens, ohne bestimmte hochaufwendige Behandlung;0,399;4598;0,0092
