﻿Gesamt;AnzahlKHges;StufeSort;AnteilKH
bis 49 Betten;166;001 bis 049 Betten;1
50 bis 99 Betten;185;050 bis 099 Betten;1
100 bis 149 Betten;189;100 bis 149 Betten;1
150 bis 199 Betten;174;150 bis 199 Betten;1
200 bis 249 Betten;119;200 bis 249 Betten;1
250 bis 299 Betten;102;250 bis 299 Betten;1
300 bis 399 Betten;174;300 bis 399 Betten;1
400 bis 499 Betten;109;400 bis 499 Betten;1
500 bis 599 Betten;86;500 bis 599 Betten;1
600 bis 799 Betten;75;600 bis 799 Betten;1
800 bis 999 Betten;29;800 bis 999 Betten;1
1000 Betten und mehr;53;ab 1000 Betten;1
