﻿EntlGrdName;Anzahl HA;sortnr
Behandlung beendet (01, 03, 04);15278275;9
Behandlung beendet, nachstat. Beh. vorgesehen (02, 14, 15);1252640;10
Tod;423930;11
Verlegung (E) in ein anderes Krankenhaus;616489;12
Verlegung (E) in ein anderes Krankenhaus im Rahmen einer Kooperation;13760;13
Externe Verlegung (E) zur psych. Behandlung;13005;14
Fallabschluss (interne Verlegung) mit Wechsel zwischen voll- und teilstationärer Behandlung;3372;15
Entlassung in andere Versorgungseinrichtung (099, 109, 119);752343;16
Interne Verlegung zwischen den Entgeltbereichen der DRG-Fallpauschalen, nach der BPflV oder für besondere Einrichtungen nach § 17 Abs. 1 Satz 15 KHG;30694;17
Zuständigkeitswechsel des Kostenträgers;260;18
Entlassungen/Verlegungen gesamt;18384768;20
